[{"model": "admin.logentry", "pk": 1, "fields": {"action_time": "2024-03-08T07:18:37.419Z", "user": 1, "content_type": 33, "object_id": "1", "object_repr": "Communication object (1)", "action_flag": 1, "change_message": "[{\"added\": {}}]"}}, {"model": "admin.logentry", "pk": 2, "fields": {"action_time": "2024-03-08T07:20:00.742Z", "user": 1, "content_type": 33, "object_id": "2", "object_repr": "Viber", "action_flag": 1, "change_message": "[{\"added\": {}}]"}}, {"model": "admin.logentry", "pk": 3, "fields": {"action_time": "2024-03-08T07:20:23.146Z", "user": 1, "content_type": 33, "object_id": "3", "object_repr": "Discord", "action_flag": 1, "change_message": "[{\"added\": {}}]"}}, {"model": "admin.logentry", "pk": 4, "fields": {"action_time": "2024-03-08T07:20:58.095Z", "user": 1, "content_type": 33, "object_id": "4", "object_repr": "WhatsApp", "action_flag": 1, "change_message": "[{\"added\": {}}]"}}, {"model": "admin.logentry", "pk": 5, "fields": {"action_time": "2024-03-08T07:21:11.129Z", "user": 1, "content_type": 33, "object_id": "5", "object_repr": "Skype", "action_flag": 1, "change_message": "[{\"added\": {}}]"}}, {"model": "admin.logentry", "pk": 6, "fields": {"action_time": "2024-03-08T07:21:42.781Z", "user": 1, "content_type": 33, "object_id": "6", "object_repr": "Facebook", "action_flag": 1, "change_message": "[{\"added\": {}}]"}}, {"model": "admin.logentry", "pk": 7, "fields": {"action_time": "2024-03-08T07:25:03.799Z", "user": 1, "content_type": 34, "object_id": "1", "object_repr": "Payment object (1)", "action_flag": 1, "change_message": "[{\"added\": {}}]"}}, {"model": "admin.logentry", "pk": 8, "fields": {"action_time": "2024-03-08T07:25:30.324Z", "user": 1, "content_type": 34, "object_id": "2", "object_repr": "Visa", "action_flag": 1, "change_message": "[{\"added\": {}}]"}}, {"model": "admin.logentry", "pk": 9, "fields": {"action_time": "2024-03-08T07:25:38.771Z", "user": 1, "content_type": 34, "object_id": "3", "object_repr": "MasterCard", "action_flag": 1, "change_message": "[{\"added\": {}}]"}}, {"model": "admin.logentry", "pk": 10, "fields": {"action_time": "2024-03-08T07:25:54.006Z", "user": 1, "content_type": 34, "object_id": "4", "object_repr": "American Express", "action_flag": 1, "change_message": "[{\"added\": {}}]"}}, {"model": "admin.logentry", "pk": 11, "fields": {"action_time": "2024-03-08T07:48:25.127Z", "user": 1, "content_type": 9, "object_id": "3", "object_repr": "piwag83483@bizatop.com", "action_flag": 2, "change_message": "[{\"changed\": {\"fields\": [\"Payment method\", \"Communication\"]}}]"}}, {"model": "admin.logentry", "pk": 12, "fields": {"action_time": "2024-03-08T07:53:25.998Z", "user": 1, "content_type": 9, "object_id": "3", "object_repr": "piwag83483@bizatop.com", "action_flag": 2, "change_message": "[{\"changed\": {\"fields\": [\"First name\", \"Last name\"]}}]"}}, {"model": "admin.logentry", "pk": 13, "fields": {"action_time": "2024-03-08T08:09:04.177Z", "user": 1, "content_type": 9, "object_id": "3", "object_repr": "piwag83483@bizatop.com", "action_flag": 2, "change_message": "[{\"changed\": {\"fields\": [\"Payment method\", \"Communication\"]}}]"}}, {"model": "admin.logentry", "pk": 14, "fields": {"action_time": "2024-03-11T12:11:47.080Z", "user": 1, "content_type": 30, "object_id": "7", "object_repr": "Additional offers", "action_flag": 1, "change_message": "[{\"added\": {}}]"}}, {"model": "admin.logentry", "pk": 15, "fields": {"action_time": "2024-03-11T15:52:36.191Z", "user": 1, "content_type": 35, "object_id": "1", "object_repr": "Hot offers", "action_flag": 1, "change_message": "[{\"added\": {}}, {\"added\": {\"name\": \"Worth look item\", \"object\": \"Raids\"}}, {\"added\": {\"name\": \"Worth look item\", \"object\": \"1 Drop-down list\"}}, {\"added\": {\"name\": \"Worth look item\", \"object\": \"2 Drop-down list\"}}]"}}, {"model": "admin.logentry", "pk": 16, "fields": {"action_time": "2024-03-11T15:58:40.932Z", "user": 1, "content_type": 30, "object_id": "1", "object_repr": "Hot offers", "action_flag": 2, "change_message": "[{\"changed\": {\"fields\": [\"Worth look\"]}}]"}}, {"model": "admin.logentry", "pk": 17, "fields": {"action_time": "2024-03-11T17:08:05.663Z", "user": 1, "content_type": 30, "object_id": "1", "object_repr": "Hot offers", "action_flag": 2, "change_message": "[{\"changed\": {\"fields\": [\"Tab\"]}}]"}}, {"model": "admin.logentry", "pk": 18, "fields": {"action_time": "2024-03-11T18:48:56.130Z", "user": 1, "content_type": 26, "object_id": "1", "object_repr": "Calendar object (1)", "action_flag": 1, "change_message": "[{\"added\": {}}, {\"added\": {\"name\": \"calendar item\", \"object\": \"CalendarItem object (1)\"}}, {\"added\": {\"name\": \"calendar item\", \"object\": \"CalendarItem object (2)\"}}, {\"added\": {\"name\": \"calendar item\", \"object\": \"CalendarItem object (3)\"}}]"}}, {"model": "admin.logentry", "pk": 19, "fields": {"action_time": "2024-03-11T19:35:26.252Z", "user": 1, "content_type": 36, "object_id": "1", "object_repr": "Calendar object (1)", "action_flag": 1, "change_message": "[{\"added\": {}}]"}}, {"model": "admin.logentry", "pk": 20, "fields": {"action_time": "2024-03-11T19:36:01.425Z", "user": 1, "content_type": 36, "object_id": "2", "object_repr": "Calendar for Hot Offers", "action_flag": 1, "change_message": "[{\"added\": {}}]"}}, {"model": "admin.logentry", "pk": 21, "fields": {"action_time": "2024-03-11T19:36:18.979Z", "user": 1, "content_type": 36, "object_id": "3", "object_repr": "Calender for page Dungeons", "action_flag": 1, "change_message": "[{\"added\": {}}]"}}, {"model": "admin.logentry", "pk": 22, "fields": {"action_time": "2024-03-11T19:36:27.399Z", "user": 1, "content_type": 26, "object_id": "2", "object_repr": "Mythic +15 Run", "action_flag": 2, "change_message": "[{\"changed\": {\"fields\": [\"Calendar\"]}}]"}}, {"model": "admin.logentry", "pk": 23, "fields": {"action_time": "2024-03-11T19:36:33.205Z", "user": 1, "content_type": 26, "object_id": "1", "object_repr": "Ny'alotha Heroic Raid Run", "action_flag": 2, "change_message": "[{\"changed\": {\"fields\": [\"Calendar\"]}}]"}}, {"model": "admin.logentry", "pk": 24, "fields": {"action_time": "2024-03-11T19:36:54.182Z", "user": 1, "content_type": 30, "object_id": "2", "object_repr": "Raids", "action_flag": 2, "change_message": "[{\"changed\": {\"fields\": [\"Calendar\"]}}]"}}, {"model": "admin.logentry", "pk": 25, "fields": {"action_time": "2024-03-13T08:22:31.625Z", "user": 1, "content_type": 19, "object_id": "6", "object_repr": "PvP Arena Rating Carry 2000-2200+", "action_flag": 2, "change_message": "[{\"changed\": {\"fields\": [\"Sale from\", \"Sale until\"]}}]"}}, {"model": "admin.logentry", "pk": 26, "fields": {"action_time": "2024-03-13T08:57:00.378Z", "user": 1, "content_type": 19, "object_id": "7", "object_repr": "World Quest Farm", "action_flag": 2, "change_message": "[{\"changed\": {\"fields\": [\"Sale percent\", \"Sale from\", \"Sale until\"]}}]"}}, {"model": "admin.logentry", "pk": 27, "fields": {"action_time": "2024-03-13T11:22:56.735Z", "user": 1, "content_type": 13, "object_id": "1", "object_repr": "HELLOWORLD", "action_flag": 1, "change_message": "[{\"added\": {}}]"}}, {"model": "admin.logentry", "pk": 28, "fields": {"action_time": "2024-03-13T11:23:19.716Z", "user": 1, "content_type": 13, "object_id": "2", "object_repr": "PYTHON", "action_flag": 1, "change_message": "[{\"added\": {}}]"}}, {"model": "admin.logentry", "pk": 29, "fields": {"action_time": "2024-03-13T11:23:39.787Z", "user": 1, "content_type": 13, "object_id": "3", "object_repr": "NINJA", "action_flag": 1, "change_message": "[{\"added\": {}}]"}}, {"model": "admin.logentry", "pk": 30, "fields": {"action_time": "2024-03-13T12:31:47.624Z", "user": 1, "content_type": 13, "object_id": "1", "object_repr": "HELLOWORLD", "action_flag": 2, "change_message": "[{\"changed\": {\"fields\": [\"From date\", \"Until date\"]}}]"}}, {"model": "admin.logentry", "pk": 31, "fields": {"action_time": "2024-03-13T18:59:41.052Z", "user": 1, "content_type": 19, "object_id": "7", "object_repr": "World Quest Farm", "action_flag": 3, "change_message": ""}}, {"model": "admin.logentry", "pk": 32, "fields": {"action_time": "2024-03-13T19:56:08.023Z", "user": 1, "content_type": 19, "object_id": "2", "object_repr": "Covenant Unlock", "action_flag": 3, "change_message": ""}}, {"model": "admin.logentry", "pk": 33, "fields": {"action_time": "2024-03-14T09:30:04.794Z", "user": 1, "content_type": 30, "object_id": "4", "object_repr": "1 Drop-down list", "action_flag": 2, "change_message": "[{\"changed\": {\"fields\": [\"Order\"]}}]"}}, {"model": "admin.logentry", "pk": 34, "fields": {"action_time": "2024-03-14T09:30:10.740Z", "user": 1, "content_type": 30, "object_id": "5", "object_repr": "2 Drop-down list", "action_flag": 2, "change_message": "[{\"changed\": {\"fields\": [\"Order\"]}}]"}}, {"model": "admin.logentry", "pk": 35, "fields": {"action_time": "2024-03-14T09:30:19.234Z", "user": 1, "content_type": 30, "object_id": "2", "object_repr": "Raids", "action_flag": 2, "change_message": "[{\"changed\": {\"fields\": [\"Order\"]}}]"}}, {"model": "admin.logentry", "pk": 36, "fields": {"action_time": "2024-03-14T09:30:24.692Z", "user": 1, "content_type": 30, "object_id": "7", "object_repr": "Additional offers", "action_flag": 2, "change_message": "[{\"changed\": {\"fields\": [\"Order\"]}}]"}}, {"model": "admin.logentry", "pk": 37, "fields": {"action_time": "2024-03-14T09:30:31.810Z", "user": 1, "content_type": 30, "object_id": "6", "object_repr": "Dungeons", "action_flag": 2, "change_message": "[{\"changed\": {\"fields\": [\"Order\"]}}]"}}, {"model": "admin.logentry", "pk": 38, "fields": {"action_time": "2024-03-14T09:30:35.991Z", "user": 1, "content_type": 30, "object_id": "1", "object_repr": "Hot offers", "action_flag": 2, "change_message": "[{\"changed\": {\"fields\": [\"Order\"]}}]"}}, {"model": "admin.logentry", "pk": 39, "fields": {"action_time": "2024-03-14T09:30:55.925Z", "user": 1, "content_type": 30, "object_id": "3", "object_repr": "Powerleveling", "action_flag": 2, "change_message": "[{\"changed\": {\"fields\": [\"Order\"]}}]"}}, {"model": "sessions.session", "pk": "fjarnh50l5cpwad4p3jjpsj9yrfxtpar", "fields": {"session_data": ".eJxVjEEOwiAQRe_C2pDCIFNcuvcMZGBAqgaS0q6Md7dNutDtf-_9t_C0LsWvPc1-YnERSpx-t0DxmeoO-EH13mRsdZmnIHdFHrTLW-P0uh7u30GhXrYaI7I2oA2rCKQykwsWRzIj6HN2hKBgsDgYG3UCxMGhCqDShnNODOLzBchINxE:1rkS19:wDEvLsiGaY1Snkee34bcJVJzs1Psatuc3qhAnPiQR_0", "expire_date": "2024-03-27T17:03:51.968Z"}}, {"model": "sessions.session", "pk": "q6vculh39rj4y12dpxveo6sg8dpyw7wg", "fields": {"session_data": "e30:1rkk9y:3Mn5MZpbSVZo3iOPZc54vnZnYECHM6E87yn0sDxWsXY", "expire_date": "2024-03-28T12:26:10.854Z"}}, {"model": "token_blacklist.outstandingtoken", "pk": 1, "fields": {"user": 1, "jti": "d5073fdcafb14cfd857ca8d2fbdfafb6", "token": "eyJhbGciOiJIUzI1NiIsInR5cCI6IkpXVCJ9.eyJ0b2tlbl90eXBlIjoicmVmcmVzaCIsImV4cCI6MTcwOTk3MTg3NywiaWF0IjoxNzA5ODg1NDc3LCJqdGkiOiJkNTA3M2ZkY2FmYjE0Y2ZkODU3Y2E4ZDJmYmRmYWZiNiIsInVzZXJfaWQiOjF9.Ny3_lm9uknwar_RhuDEzEJsccWvUtOug36Qt2QnjMZM", "created_at": "2024-03-08T08:11:17.233Z", "expires_at": "2024-03-09T08:11:17Z"}}, {"model": "token_blacklist.outstandingtoken", "pk": 2, "fields": {"user": 1, "jti": "08a1e33f6db741bba1d7c0cc49dae916", "token": "eyJhbGciOiJIUzI1NiIsInR5cCI6IkpXVCJ9.eyJ0b2tlbl90eXBlIjoicmVmcmVzaCIsImV4cCI6MTcwOTk3MjU0OSwiaWF0IjoxNzA5ODg2MTQ5LCJqdGkiOiIwOGExZTMzZjZkYjc0MWJiYTFkN2MwY2M0OWRhZTkxNiIsInVzZXJfaWQiOjF9.csL9xxNzvf5qBVhQN_nvXdqIo0TMcUGdkDYjpoBA3ig", "created_at": "2024-03-08T08:22:29.330Z", "expires_at": "2024-03-09T08:22:29Z"}}, {"model": "token_blacklist.outstandingtoken", "pk": 3, "fields": {"user": 1, "jti": "9e18fbfad1a5491cbbcea9f3f88e39a9", "token": "eyJhbGciOiJIUzI1NiIsInR5cCI6IkpXVCJ9.eyJ0b2tlbl90eXBlIjoicmVmcmVzaCIsImV4cCI6MTcwOTk3MzQzMSwiaWF0IjoxNzA5ODg3MDMxLCJqdGkiOiI5ZTE4ZmJmYWQxYTU0OTFjYmJjZWE5ZjNmODhlMzlhOSIsInVzZXJfaWQiOjF9.zZoD3xlah64mVKOXuM-UcyPLHRlVw5sjdDBnC8lPAeg", "created_at": "2024-03-08T08:37:11.522Z", "expires_at": "2024-03-09T08:37:11Z"}}, {"model": "token_blacklist.outstandingtoken", "pk": 4, "fields": {"user": 1, "jti": "6bd1a0be53d24b37b275e69dd2d82374", "token": "eyJhbGciOiJIUzI1NiIsInR5cCI6IkpXVCJ9.eyJ0b2tlbl90eXBlIjoicmVmcmVzaCIsImV4cCI6MTcwOTk3MzgyNiwiaWF0IjoxNzA5ODg3NDI2LCJqdGkiOiI2YmQxYTBiZTUzZDI0YjM3YjI3NWU2OWRkMmQ4MjM3NCIsInVzZXJfaWQiOjF9.4bfUp_i9jBrglZUf8wqRQqy22Mr6a9_rTPopV2yGgvw", "created_at": "2024-03-08T08:43:46.591Z", "expires_at": "2024-03-09T08:43:46Z"}}, {"model": "token_blacklist.outstandingtoken", "pk": 5, "fields": {"user": 1, "jti": "aaf6fdcbe3cd4d7bb20430dc107b3dc5", "token": "eyJhbGciOiJIUzI1NiIsInR5cCI6IkpXVCJ9.eyJ0b2tlbl90eXBlIjoicmVmcmVzaCIsImV4cCI6MTcxMDMyMDEwMywiaWF0IjoxNzA5ODg4MTAzLCJqdGkiOiJhYWY2ZmRjYmUzY2Q0ZDdiYjIwNDMwZGMxMDdiM2RjNSIsInVzZXJfaWQiOjF9.QqKfU6wlgeo-V8qqo2I7HmXBDQL4XQzP5u-xS5Cr7-0", "created_at": "2024-03-08T08:55:03.922Z", "expires_at": "2024-03-13T08:55:03Z"}}, {"model": "token_blacklist.outstandingtoken", "pk": 6, "fields": {"user": 1, "jti": "cfe7441c01e149119b0f86c6cf6cbaff", "token": "eyJhbGciOiJIUzI1NiIsInR5cCI6IkpXVCJ9.eyJ0b2tlbl90eXBlIjoicmVmcmVzaCIsImV4cCI6MTcxMDMyMzM1MCwiaWF0IjoxNzA5ODkxMzUwLCJqdGkiOiJjZmU3NDQxYzAxZTE0OTExOWIwZjg2YzZjZjZjYmFmZiIsInVzZXJfaWQiOjF9.oJ-TPWdbqTJqApcsvsroPfllaLsquABK7Bj7qMBKwrg", "created_at": "2024-03-08T09:49:10.566Z", "expires_at": "2024-03-13T09:49:10Z"}}, {"model": "token_blacklist.outstandingtoken", "pk": 7, "fields": {"user": 1, "jti": "56f010dd1c5c4317a652ab23b7d33ebb", "token": "eyJhbGciOiJIUzI1NiIsInR5cCI6IkpXVCJ9.eyJ0b2tlbl90eXBlIjoicmVmcmVzaCIsImV4cCI6MTcxMDM0MjE0MCwiaWF0IjoxNzA5OTEwMTQwLCJqdGkiOiI1NmYwMTBkZDFjNWM0MzE3YTY1MmFiMjNiN2QzM2ViYiIsInVzZXJfaWQiOjF9.QBiklXcVjzzZPkGZSW3CuFkp8Lgdt8cVkjvJLLpxfhk", "created_at": "2024-03-08T15:02:20.652Z", "expires_at": "2024-03-13T15:02:20Z"}}, {"model": "token_blacklist.outstandingtoken", "pk": 8, "fields": {"user": 1, "jti": "84b1ab854dd7459ca2e1f13731915ce2", "token": "eyJhbGciOiJIUzI1NiIsInR5cCI6IkpXVCJ9.eyJ0b2tlbl90eXBlIjoicmVmcmVzaCIsImV4cCI6MTcxMDM0NDQ1MywiaWF0IjoxNzA5OTEyNDUzLCJqdGkiOiI4NGIxYWI4NTRkZDc0NTljYTJlMWYxMzczMTkxNWNlMiIsInVzZXJfaWQiOjF9.SypGGrHNEFZ4Lv1iCWmicOTjdd0aBQS7_IA8G6tWFuc", "created_at": "2024-03-08T15:40:53.566Z", "expires_at": "2024-03-13T15:40:53Z"}}, {"model": "token_blacklist.outstandingtoken", "pk": 9, "fields": {"user": 1, "jti": "b5d0e2e78bfb46ebbbcc2e178e52e14d", "token": "eyJhbGciOiJIUzI1NiIsInR5cCI6IkpXVCJ9.eyJ0b2tlbl90eXBlIjoicmVmcmVzaCIsImV4cCI6MTcxMDUwMDk4MCwiaWF0IjoxNzEwMDY4OTgwLCJqdGkiOiJiNWQwZTJlNzhiZmI0NmViYmJjYzJlMTc4ZTUyZTE0ZCIsInVzZXJfaWQiOjF9.oKMQJSjU3f-jBLz6zp5Nqdvzo1Yb1KvEtxwa__rNT30", "created_at": "2024-03-10T11:09:40.992Z", "expires_at": "2024-03-15T11:09:40Z"}}, {"model": "token_blacklist.outstandingtoken", "pk": 10, "fields": {"user": 1, "jti": "6728d348c0ac40f8945ca687eb904d58", "token": "eyJhbGciOiJIUzI1NiIsInR5cCI6IkpXVCJ9.eyJ0b2tlbl90eXBlIjoicmVmcmVzaCIsImV4cCI6MTcxMDUwODM4MSwiaWF0IjoxNzEwMDc2MzgxLCJqdGkiOiI2NzI4ZDM0OGMwYWM0MGY4OTQ1Y2E2ODdlYjkwNGQ1OCIsInVzZXJfaWQiOjF9.Gr8lbu621e4E-V1th92pfj-1O7z4cL3zkwISNHgvZlQ", "created_at": "2024-03-10T13:13:01.579Z", "expires_at": "2024-03-15T13:13:01Z"}}, {"model": "token_blacklist.outstandingtoken", "pk": 11, "fields": {"user": 1, "jti": "86f68e1be4b44b889ac93d24f62a25c0", "token": "eyJhbGciOiJIUzI1NiIsInR5cCI6IkpXVCJ9.eyJ0b2tlbl90eXBlIjoicmVmcmVzaCIsImV4cCI6MTcxMDY3MzU0MiwiaWF0IjoxNzEwMjQxNTQyLCJqdGkiOiI4NmY2OGUxYmU0YjQ0Yjg4OWFjOTNkMjRmNjJhMjVjMCIsInVzZXJfaWQiOjF9.h-9Zt1wa0xDNdhamGdCaQRjqPuaSY3bxX_3g2-kQcmc", "created_at": "2024-03-12T11:05:42.239Z", "expires_at": "2024-03-17T11:05:42Z"}}, {"model": "token_blacklist.outstandingtoken", "pk": 12, "fields": {"user": 5, "jti": "d425003d2dd24312b2ab7d45bc4dca45", "token": "eyJhbGciOiJIUzI1NiIsInR5cCI6IkpXVCJ9.eyJ0b2tlbl90eXBlIjoicmVmcmVzaCIsImV4cCI6MTcxMDY3MzU4MSwiaWF0IjoxNzEwMjQxNTgxLCJqdGkiOiJkNDI1MDAzZDJkZDI0MzEyYjJhYjdkNDViYzRkY2E0NSIsInVzZXJfaWQiOjV9.p0-U63TuOoq4I5mY0VQojppuR4Vw-jhKA0-6Q_qsCi8", "created_at": "2024-03-12T11:06:21.701Z", "expires_at": "2024-03-17T11:06:21Z"}}, {"model": "token_blacklist.outstandingtoken", "pk": 13, "fields": {"user": 1, "jti": "c465d897a7df40fba219c2e35e88ff0e", "token": "eyJhbGciOiJIUzI1NiIsInR5cCI6IkpXVCJ9.eyJ0b2tlbl90eXBlIjoicmVmcmVzaCIsImV4cCI6MTcxMDY5NjY0NywiaWF0IjoxNzEwMjY0NjQ3LCJqdGkiOiJjNDY1ZDg5N2E3ZGY0MGZiYTIxOWMyZTM1ZTg4ZmYwZSIsInVzZXJfaWQiOjF9.vBp6vHUWK-fEdDOBthneu0W5maQKwIxbhDWyo1_IXJk", "created_at": "2024-03-12T17:30:47.126Z", "expires_at": "2024-03-17T17:30:47Z"}}, {"model": "token_blacklist.outstandingtoken", "pk": 14, "fields": {"user": 1, "jti": "359c06138899466fb4f93aa3e35377d2", "token": "eyJhbGciOiJIUzI1NiIsInR5cCI6IkpXVCJ9.eyJ0b2tlbl90eXBlIjoicmVmcmVzaCIsImV4cCI6MTcxMDc3NzgwNiwiaWF0IjoxNzEwMzQ1ODA2LCJqdGkiOiIzNTljMDYxMzg4OTk0NjZmYjRmOTNhYTNlMzUzNzdkMiIsInVzZXJfaWQiOjF9.dAOVCekNziUn8C9P9QUiAnV83OEBZd1BvnUgmLWhoH0", "created_at": "2024-03-13T16:03:26.095Z", "expires_at": "2024-03-18T16:03:26Z"}}, {"model": "token_blacklist.outstandingtoken", "pk": 15, "fields": {"user": 1, "jti": "c6c706ca1b354846833fe075bdb40804", "token": "eyJhbGciOiJIUzI1NiIsInR5cCI6IkpXVCJ9.eyJ0b2tlbl90eXBlIjoicmVmcmVzaCIsImV4cCI6MTcxMDc4MzEyMywiaWF0IjoxNzEwMzUxMTIzLCJqdGkiOiJjNmM3MDZjYTFiMzU0ODQ2ODMzZmUwNzViZGI0MDgwNCIsInVzZXJfaWQiOjF9.M-iZsndIqWDnm_GcqOm_MuO7dubns6kGtmOLiqdL0u8", "created_at": "2024-03-13T17:32:03.423Z", "expires_at": "2024-03-18T17:32:03Z"}}, {"model": "token_blacklist.outstandingtoken", "pk": 16, "fields": {"user": 1, "jti": "de6697954f384ae9b19864d8ad11ffc9", "token": "eyJhbGciOiJIUzI1NiIsInR5cCI6IkpXVCJ9.eyJ0b2tlbl90eXBlIjoicmVmcmVzaCIsImV4cCI6MTcxMjU3MTQ0MSwiaWF0IjoxNzEwNDExNDQxLCJqdGkiOiJkZTY2OTc5NTRmMzg0YWU5YjE5ODY0ZDhhZDExZmZjOSIsInVzZXJfaWQiOjF9.Kg6G1YZ4kcQm4ZxbEqHDpZLgpsVarj1KSFjpd6W-rmM", "created_at": "2024-03-14T10:17:21.228Z", "expires_at": "2024-04-08T10:17:21Z"}}, {"model": "users.user", "pk": 1, "fields": {"password": "pbkdf2_sha256$720000$jIqGEtOZcsjnkQ3JsXIJwK$DbRb4TDsIZ+PC1bYlfkh1tY7BuQVR0lLLOjixVjLihc=", "last_login": "2024-03-08T07:12:55.476Z", "is_superuser": true, "is_staff": true, "is_active": true, "date_joined": "2024-02-26T21:08:03.183Z", "first_name": "user", "last_name": "super", "email": "user@example.com", "notify_me": true, "bonus_points": 672, "payment_method": "Visa", "communication": "Telegram", "groups": [], "user_permissions": []}}, {"model": "users.user", "pk": 2, "fields": {"password": "pbkdf2_sha256$720000$sTf7JEk9d01DWfj0izqRls$E/FTrMV/3VnkITFhxHExFm7FUdCXyN0lUyZPeed3cWg=", "last_login": null, "is_superuser": false, "is_staff": false, "is_active": false, "date_joined": "2024-03-08T16:42:28.947Z", "first_name": null, "last_name": null, "email": "wewofi9731@artgulin.com", "notify_me": true, "bonus_points": 0, "payment_method": "PayPal", "communication": "Discord", "groups": [], "user_permissions": []}}, {"model": "users.user", "pk": 3, "fields": {"password": "pbkdf2_sha256$720000$9yQZyjUsfuDa3Rz5N4OQmn$pUhs4dCbwTgZe2KgLQowf+ViowkPR/rpol+RAVYdGDU=", "last_login": null, "is_superuser": false, "is_staff": false, "is_active": false, "date_joined": "2024-03-06T13:31:52Z", "first_name": "Jack", "last_name": "Dawkins", "email": "piwag83483@bizatop.com", "notify_me": true, "bonus_points": 0, "payment_method": "PayPal", "communication": "Telegram", "groups": [], "user_permissions": []}}, {"model": "users.user", "pk": 4, "fields": {"password": "pbkdf2_sha256$720000$MTDax0CnE0op0mJklGOGZ9$dhSmiEAFzume2mBFNi2QyZ/ZUUB2G7RSpp8lOxxKMqQ=", "last_login": null, "is_superuser": false, "is_staff": false, "is_active": true, "date_joined": "2024-03-06T13:40:59.948Z", "first_name": "", "last_name": "", "email": "pomogec533@bizatop.com", "notify_me": true, "bonus_points": 0, "payment_method": "PayPal", "communication": "Discord", "groups": [], "user_permissions": []}}, {"model": "users.user", "pk": 5, "fields": {"password": "pbkdf2_sha256$720000$9hAWXeiEdptZCA9XkDMUDH$nIwFeLGqp0HCbEzAxLJh1XsUiApokUaabk7JObKvoPE=", "last_login": null, "is_superuser": false, "is_staff": false, "is_active": true, "date_joined": "2024-03-06T18:21:03.871Z", "first_name": "", "last_name": "", "email": "sorajo8638@aersm.com", "notify_me": true, "bonus_points": 0, "payment_method": "PayPal", "communication": "Discord", "groups": [], "user_permissions": []}}, {"model": "users.user", "pk": 6, "fields": {"password": "pbkdf2_sha256$720000$qYdxkPRPXP36LeFvMumcp2$EMZZhyd61JZsuyuAE66dM+nvALRZCgxjhHBUGTwznkg=", "last_login": null, "is_superuser": false, "is_staff": false, "is_active": true, "date_joined": "2024-03-08T16:43:55.907Z", "first_name": null, "last_name": null, "email": "dirit52022@artgulin.com", "notify_me": true, "bonus_points": 0, "payment_method": "PayPal", "communication": "Discord", "groups": [], "user_permissions": []}}, {"model": "users.character", "pk": 12, "fields": {"battle_tag": "battletag22", "name": "string", "faction": "Alliance", "additional_info": "string", "class_and_spec": "Warrior", "realm": "realm", "user": 1, "date_published": "2024-03-10T15:22:45.019Z"}}, {"model": "users.character", "pk": 14, "fields": {"battle_tag": "14char", "name": "name", "faction": "Alliance", "additional_info": "", "class_and_spec": "Warrior", "realm": "", "user": 1, "date_published": "2024-03-10T17:58:33.427Z"}}, {"model": "users.character", "pk": 15, "fields": {"battle_tag": "battle_tag", "name": "name", "faction": "Alliance", "additional_info": "", "class_and_spec": "Warrior", "realm": "", "user": 1, "date_published": "2024-03-13T16:04:04.878Z"}}, {"model": "users.subscriber", "pk": 1, "fields": {"email": "dhushchyn@gmail.com"}}, {"model": "main.whychooseus", "pk": 1, "fields": {"icon": "1709640143.487082.png", "icon_alt": "1709153501.952924.png", "title": "We are always online and", "description": "icon alt"}}, {"model": "main.whychooseus", "pk": 2, "fields": {"icon": "1709640149.138962.png", "icon_alt": "1709153521.483025.png", "title": "We only have proven produ", "description": "icon alt"}}, {"model": "main.whychooseus", "pk": 3, "fields": {"icon": "1709640157.755775.png", "icon_alt": "1709153547.831612.png", "title": "Excellent experience in t", "description": "icon alt"}}, {"model": "main.insta", "pk": 1, "fields": {"img": "1709192534.055781.png", "img_alt": "img_alt"}}, {"model": "main.insta", "pk": 2, "fields": {"img": "1709192538.990152.png", "img_alt": "img_alt"}}, {"model": "main.insta", "pk": 3, "fields": {"img": "1709192544.036028.png", "img_alt": "img_alt"}}, {"model": "main.insta", "pk": 4, "fields": {"img": "1709192550.712563.png", "img_alt": "img_alt"}}, {"model": "main.insta", "pk": 5, "fields": {"img": "1709192563.721188.png", "img_alt": "img_alt"}}, {"model": "main.insta", "pk": 6, "fields": {"img": "1709192563.721188.png", "img_alt": "img_alt"}}, {"model": "main.news", "pk": 1, "fields": {"game": 2, "title": "Scholomance: New Hearthstone DLC Announcement", "image": "1709192420.087372.png", "image_alt": "So damn fast and safe is well, the manager is very friendly and patient, the booster team arrives as fast as hell and literally efficiency, worthy!", "description": "2024-02-29", "date_published": "1970-01-01"}}, {"model": "main.news", "pk": 2, "fields": {"game": 3, "title": "Hearthstone Patch 17.6 Notes", "image": "1709192450.794757.png", "image_alt": "So damn fast and safe is well, the manager is very friendly and patient, the booster team arrives as fast as hell and literally efficiency, worthy!", "description": "2024-02-29", "date_published": "1970-01-01"}}, {"model": "main.news", "pk": 3, "fields": {"game": 1, "title": "Hearthstone Patch 17.6 Notes", "image": "1709192469.745474.png", "image_alt": "So damn fast and safe is well, the manager is very friendly and patient, the booster team arrives as fast as hell and literally efficiency, worthy!", "description": "2024-02-29", "date_published": "1970-01-01"}}, {"model": "main.review", "pk": 1, "fields": {"author": "John Smith", "comment": "So damn fast and safe is well, the manager is very friendly and patient, the booster team arrives as fast as hell and literally efficiency, worthy!", "stars_count": 4.5, "source_of_review": "dving.net", "date_published": "2024-02-29"}}, {"model": "main.review", "pk": 2, "fields": {"author": "Pit Malurk", "comment": "For me, excellent customer service 10/10\r\nspeed response 10/10\r\nquality service 10/10\r\nwill absolutely use it again recommend ...", "stars_count": 5.0, "source_of_review": "dving.net", "date_published": "2024-02-29"}}, {"model": "main.review", "pk": 3, "fields": {"author": "Sebastian Loo", "comment": "Great service. The boost got me 35+ higher in greater rifts levels and got me all the gear I needed for my build. Booster who ran me was friendly and very quick.", "stars_count": 3.0, "source_of_review": "dving.net", "date_published": "2024-02-29"}}, {"model": "main.review", "pk": 4, "fields": {"author": "David Kox", "comment": "So damn fast and safe is well, the manager is very friendly and patient, the booster team arrives as fast as hell and literally efficiency, worthy!", "stars_count": 5.0, "source_of_review": "dving.net", "date_published": "2024-02-29"}}, {"model": "main.review", "pk": 5, "fields": {"author": "Jack Dawkins", "comment": "So damn fast and safe is well, the manager is very friendly and patient, the booster team arrives as fast as hell and literally efficiency, worthy!", "stars_count": 4.0, "source_of_review": "dving.net", "date_published": "2024-02-29"}}, {"model": "main.review", "pk": 6, "fields": {"author": "Mister Coach", "comment": "Временная почта - позволяет принимать электронные письма на временный одноразовый email, который самоуничтожается через определенное время. Сервис также известен как “анонимная почта” или “почта на 10 минут”. Многие форумы, владельцы wi-fi точек, сайты и блоги, просят от посетителей пройти регистрацию до того как они могут полноценно использовать сайт. Temp-Mail - это самый известный и продвинутый сервис временной почты, который позволит вам навсегда забыть о спаме.", "stars_count": 4.0, "source_of_review": "dving.net", "date_published": "2024-03-04"}}, {"model": "main.setting", "pk": 1, "fields": {"instagram_nickname": "@gold_bost", "instagram_link": "https://www.youtube.com/", "facebook_link": "https://www.youtube.com/", "reddit_link": "https://www.youtube.com/", "email": "user@example.com", "discord_link": "https://www.youtube.com/", "whats_up_link": "https://www.youtube.com/", "header_top_text": "leave a trustpilot review and get an extra 10% off your next order!", "footer_bottom_text": "© 2020. All rights reserved", "footer_description": "We cooperate only with qualified and experienced top world players who participate personally in each event and ready to provide you with the best boosting service and gaming experience in your favorite online games. We ensure that every customer is highly satisfied and 100% positive feedback of our work pretty much sums it up ;) Get the most relevant eu boost and power leveling.", "privacy_policy_link": "https://www.youtube.com/", "terms_of_use_link": "https://www.youtube.com/", "refund_policy_link": "https://www.youtube.com/", "address1": "Украина, г. Одесса, ул. Космонавтов, 32", "address2": "Украина, г. Одесса, ул. Космонавтов, 32", "subscribe_form_text": "Sing up to our email newsteller and get 10% DISCOUNT on your first order!", "subscribe_sale": 10}}, {"model": "main.promocode", "pk": 1, "fields": {"code": "HELLOWORLD", "from_date": "2024-03-10", "until_date": "2024-03-12", "discount": 10, "users": []}}, {"model": "main.promocode", "pk": 2, "fields": {"code": "PYTHON", "from_date": "2024-03-12", "until_date": "2025-03-13", "discount": 15, "users": [1]}}, {"model": "main.promocode", "pk": 3, "fields": {"code": "NINJA", "from_date": "2024-03-12", "until_date": "2025-03-13", "discount": 20, "users": []}}, {"model": "main.orderitem", "pk": 12, "fields": {"title": "PvP Arena Rating Carry 2000-2200+", "subtitle": "Arena PvP Coaching", "product": 6, "order": "717b370c-c49d-42bf-bae8-bacc9b6da103"}}, {"model": "main.orderitem", "pk": 13, "fields": {"title": "Covenant Unlock", "subtitle": "Heroic Raid Run", "product": null, "order": "717b370c-c49d-42bf-bae8-bacc9b6da103"}}, {"model": "main.orderitem", "pk": 14, "fields": {"title": "World of Warcraft Batlle for Azeroth", "subtitle": "Heroic Raid Run", "product": 3, "order": "717b370c-c49d-42bf-bae8-bacc9b6da103"}}, {"model": "main.orderitem", "pk": 15, "fields": {"title": "PvP Arena Rating Carry 2000-2200+", "subtitle": "Arena PvP Coaching", "product": 6, "order": "717b370c-c49d-42bf-bae8-bacc9b6da103"}}, {"model": "main.orderitem", "pk": 16, "fields": {"title": "PvP Arena Rating Carry 2000-2200+", "subtitle": "Arena PvP Coaching", "product": 6, "order": "717b370c-c49d-42bf-bae8-bacc9b6da103"}}, {"model": "main.orderitem", "pk": 17, "fields": {"title": "World of Warcraft Batlle for Azeroth", "subtitle": "Heroic Raid Run", "product": 3, "order": "1fc744a5-b0cc-41df-844e-3ea4d04989c4"}}, {"model": "main.orderitem", "pk": 18, "fields": {"title": "PvP Arena Rating Carry 2000-2200+", "subtitle": "Arena PvP Coaching", "product": 6, "order": "1fc744a5-b0cc-41df-844e-3ea4d04989c4"}}, {"model": "main.orderitem", "pk": 19, "fields": {"title": "World of Warcraft Batlle for Azeroth", "subtitle": "Heroic Raid Run", "product": 3, "order": "e846a1f7-e967-498d-bb1b-96b630b7d8ec"}}, {"model": "main.orderitem", "pk": 20, "fields": {"title": "PvP Arena Rating Carry 2000-2200+", "subtitle": "Arena PvP Coaching", "product": 6, "order": "e846a1f7-e967-498d-bb1b-96b630b7d8ec"}}, {"model": "main.orderitem", "pk": 21, "fields": {"title": "World of Warcraft Batlle for Azeroth", "subtitle": "Heroic Raid Run", "product": 3, "order": "2e49a620-8d0b-45e4-a902-f3fd6c457e4b"}}, {"model": "main.orderitem", "pk": 22, "fields": {"title": "PvP Arena Rating Carry 2000-2200+", "subtitle": "Arena PvP Coaching", "product": 6, "order": "2e49a620-8d0b-45e4-a902-f3fd6c457e4b"}}, {"model": "main.orderitem", "pk": 23, "fields": {"title": "World of Warcraft Batlle for Azeroth", "subtitle": "Heroic Raid Run", "product": 3, "order": "0e543f9e-d3b5-4c61-9725-3751d3ea2960"}}, {"model": "main.orderitem", "pk": 24, "fields": {"title": "PvP Arena Rating Carry 2000-2200+", "subtitle": "Arena PvP Coaching", "product": 6, "order": "0e543f9e-d3b5-4c61-9725-3751d3ea2960"}}, {"model": "main.orderitem", "pk": 25, "fields": {"title": "World of Warcraft Batlle for Azeroth", "subtitle": "Heroic Raid Run", "product": 3, "order": "51c8b409-65bf-43a2-b885-b5d4c182a322"}}, {"model": "main.orderitem", "pk": 26, "fields": {"title": "PvP Arena Rating Carry 2000-2200+", "subtitle": "Arena PvP Coaching", "product": 6, "order": "51c8b409-65bf-43a2-b885-b5d4c182a322"}}, {"model": "main.orderitem", "pk": 27, "fields": {"title": "World of Warcraft Batlle for Azeroth", "subtitle": "Heroic Raid Run", "product": 3, "order": "845776e9-bd13-490a-8264-cf4de479ed10"}}, {"model": "main.orderitem", "pk": 28, "fields": {"title": "PvP Arena Rating Carry 2000-2200+", "subtitle": "Arena PvP Coaching", "product": 6, "order": "845776e9-bd13-490a-8264-cf4de479ed10"}}, {"model": "main.orderitem", "pk": 29, "fields": {"title": "World of Warcraft Batlle for Azeroth", "subtitle": "Heroic Raid Run", "product": 3, "order": "64c15362-a705-4b6c-9281-a9512e2f8aa2"}}, {"model": "main.orderitem", "pk": 30, "fields": {"title": "PvP Arena Rating Carry 2000-2200+", "subtitle": "Arena PvP Coaching", "product": 6, "order": "64c15362-a705-4b6c-9281-a9512e2f8aa2"}}, {"model": "main.orderitem", "pk": 31, "fields": {"title": "World of Warcraft Batlle for Azeroth", "subtitle": "Heroic Raid Run", "product": 3, "order": "3f9503db-3dba-4bc1-9fac-d968f2a5b0d2"}}, {"model": "main.orderitem", "pk": 32, "fields": {"title": "PvP Arena Rating Carry 2000-2200+", "subtitle": "Arena PvP Coaching", "product": 6, "order": "3f9503db-3dba-4bc1-9fac-d968f2a5b0d2"}}, {"model": "main.orderitem", "pk": 33, "fields": {"title": "World of Warcraft Batlle for Azeroth", "subtitle": "Heroic Raid Run", "product": 3, "order": "e544ad5b-e4d4-401f-b8aa-e08553b544d5"}}, {"model": "main.orderitem", "pk": 34, "fields": {"title": "PvP Arena Rating Carry 2000-2200+", "subtitle": "Arena PvP Coaching", "product": 6, "order": "e544ad5b-e4d4-401f-b8aa-e08553b544d5"}}, {"model": "main.orderitem", "pk": 35, "fields": {"title": "World of Warcraft Batlle for Azeroth", "subtitle": "Heroic Raid Run", "product": 3, "order": "a6ed6f85-05ad-43ce-a112-e7d6c9c8425c"}}, {"model": "main.orderitem", "pk": 36, "fields": {"title": "PvP Arena Rating Carry 2000-2200+", "subtitle": "Arena PvP Coaching", "product": 6, "order": "a6ed6f85-05ad-43ce-a112-e7d6c9c8425c"}}, {"model": "products.product", "pk": 3, "fields": {"title": "World of Warcraft Batlle for Azeroth", "subtitle": "Heroic Raid Run", "image": "1709272600.526887.png", "image_alt": "image_alt", "card_img": "1709272600.528085.png", "card_img_alt": "card_img_alt", "description": "What is the most iconic Legion class mount in Worlds of warcraft? Of course, it is Highlord's Golden Charger. This unique Paladin class mount was introduced in Legion at the same time with the other 11 class mounts making the total count of 12. It is the original paladin steed that has the golden color.", "price": 120.0, "price_type": "fixed", "bonus_points": 12, "sale_percent": null, "sale_from": null, "sale_until": null, "tab": null, "bought_count": 1, "catalog_page": 5, "tag": 1}}, {"model": "products.product", "pk": 4, "fields": {"title": "Shadowlands Pathfinder Part I", "subtitle": "SL Flying Unlock Service", "image": "1709207415.888787.png", "image_alt": "image_alt", "card_img": "1709207415.890214.png", "card_img_alt": "card_img_alt", "description": "So damn fast and safe is well, the manager is very friendly and patient, the booster team arrives as fast as hell and literally efficiency, worthy!", "price": 35.0, "price_type": "fixed", "bonus_points": 0, "sale_percent": null, "sale_from": null, "sale_until": null, "tab": null, "bought_count": 1, "catalog_page": 2, "tag": 1}}, {"model": "products.product", "pk": 5, "fields": {"title": "Ny'alotha Raid Heroic Run", "subtitle": "Heroic Raid Run", "image": "1709272693.943682.png", "image_alt": "image_alt", "card_img": "1709272693.945344.png", "card_img_alt": "card_img_alt", "description": "What is the most iconic Legion class mount in Worlds of warcraft? Of course, it is Highlord's Golden Charger. This unique Paladin class mount was introduced in Legion at the same time with the other 11 class mounts making the total count of 12. It is the original paladin steed that has the golden color.", "price": 70.0, "price_type": "fixed", "bonus_points": 5, "sale_percent": null, "sale_from": null, "sale_until": null, "tab": null, "bought_count": 1, "catalog_page": 2, "tag": 1}}, {"model": "products.product", "pk": 6, "fields": {"title": "PvP Arena Rating Carry 2000-2200+", "subtitle": "Arena PvP Coaching", "image": "1709207383.806482.png", "image_alt": "image_alt", "card_img": "1709207383.807786.png", "card_img_alt": "card_img_alt", "description": "What is the most iconic Legion class mount in Worlds of warcraft? Of course, it is Highlord's Golden Charger. This unique Paladin class mount was introduced in Legion at the same time with the other 11 class mounts making the total count of 12. It is the original paladin steed that has the golden color.", "price": 200.0, "price_type": "range", "bonus_points": 15, "sale_percent": 10, "sale_from": "2024-03-12T09:07:31Z", "sale_until": "2024-03-13T22:00:00Z", "tab": 1, "bought_count": 2, "catalog_page": 1, "tag": 1}}, {"model": "products.tag", "pk": 1, "fields": {"name": "Hot", "color": "#f63a3a"}}, {"model": "products.tag", "pk": 2, "fields": {"name": "Sale", "color": "#e9cf2c"}}, {"model": "products.tag", "pk": 3, "fields": {"name": "Limited", "color": "#fffffe"}}, {"model": "products.filter", "pk": 1, "fields": {"title": "Level", "type": "Select", "product": 6, "order": 1}}, {"model": "products.filter", "pk": 2, "fields": {"title": "Extra", "type": "CheckBox", "product": 6, "order": 2}}, {"model": "products.filter", "pk": 3, "fields": {"title": "Account Control", "type": "Radio", "product": 6, "order": 3}}, {"model": "products.filter", "pk": 12, "fields": {"title": "Runs", "type": "Slider", "product": 6, "order": 4}}, {"model": "products.subfilter", "pk": 1, "fields": {"title": "First", "price": 10.0, "filter": 1, "order": 1}}, {"model": "products.subfilter", "pk": 2, "fields": {"title": "Second", "price": 20.0, "filter": 1, "order": 2}}, {"model": "products.subfilter", "pk": 3, "fields": {"title": "Third", "price": 30.0, "filter": 1, "order": 3}}, {"model": "products.subfilter", "pk": 4, "fields": {"title": "+sword", "price": 30.0, "filter": 2, "order": 1}}, {"model": "products.subfilter", "pk": 5, "fields": {"title": "+helmet", "price": 15.0, "filter": 2, "order": 2}}, {"model": "products.subfilter", "pk": 6, "fields": {"title": "+bomb", "price": 50.0, "filter": 2, "order": 3}}, {"model": "products.subfilter", "pk": 7, "fields": {"title": "Selfplay", "price": 20.0, "filter": 3, "order": 1}}, {"model": "products.subfilter", "pk": 8, "fields": {"title": "Account sharing", "price": 9.0, "filter": 3, "order": 2}}, {"model": "products.subfilter", "pk": 9, "fields": {"title": "1", "price": 10.0, "filter": 12, "order": 1}}, {"model": "products.subfilter", "pk": 10, "fields": {"title": "2", "price": 20.0, "filter": 12, "order": 2}}, {"model": "products.subfilter", "pk": 11, "fields": {"title": "3", "price": 30.0, "filter": 12, "order": 3}}, {"model": "products.subfilter", "pk": 12, "fields": {"title": "4", "price": 40.0, "filter": 12, "order": 4}}, {"model": "products.subfilter", "pk": 13, "fields": {"title": "5", "price": 50.0, "filter": 12, "order": 5}}, {"model": "products.subfilter", "pk": 14, "fields": {"title": "6", "price": 60.0, "filter": 12, "order": 6}}, {"model": "products.subfilter", "pk": 15, "fields": {"title": "7", "price": 70.0, "filter": 12, "order": 7}}, {"model": "products.subfilter", "pk": 16, "fields": {"title": "8", "price": 80.0, "filter": 12, "order": 8}}, {"model": "products.subfilter", "pk": 17, "fields": {"title": "9", "price": 90.0, "filter": 12, "order": 9}}, {"model": "products.subfilter", "pk": 18, "fields": {"title": "10", "price": 100.0, "filter": 12, "order": 10}}, {"model": "orders.order", "pk": "0e543f9e-d3b5-4c61-9725-3751d3ea2960", "fields": {"user": 1, "status": "completed", "date_created": "2024-03-13T00:00:00Z", "total_price": 600.0}}, {"model": "orders.order", "pk": "1fc744a5-b0cc-41df-844e-3ea4d04989c4", "fields": {"user": 1, "status": "completed", "date_created": "2024-03-13T00:00:00Z", "total_price": 600.0}}, {"model": "orders.order", "pk": "2e49a620-8d0b-45e4-a902-f3fd6c457e4b", "fields": {"user": 1, "status": "completed", "date_created": "2024-03-13T00:00:00Z", "total_price": 600.0}}, {"model": "orders.order", "pk": "3f9503db-3dba-4bc1-9fac-d968f2a5b0d2", "fields": {"user": 1, "status": "completed", "date_created": "2024-03-14T12:02:45.460Z", "total_price": 544.0}}, {"model": "orders.order", "pk": "51c8b409-65bf-43a2-b885-b5d4c182a322", "fields": {"user": 1, "status": "completed", "date_created": "2024-03-13T00:00:00Z", "total_price": 600.0}}, {"model": "orders.order", "pk": "64c15362-a705-4b6c-9281-a9512e2f8aa2", "fields": {"user": 1, "status": "completed", "date_created": "2024-03-14T00:00:00Z", "total_price": 544.0}}, {"model": "orders.order", "pk": "717b370c-c49d-42bf-bae8-bacc9b6da103", "fields": {"user": 1, "status": "completed", "date_created": "2024-03-13T00:00:00Z", "total_price": 2266.0}}, {"model": "orders.order", "pk": "845776e9-bd13-490a-8264-cf4de479ed10", "fields": {"user": 1, "status": "completed", "date_created": "2024-03-14T00:00:00Z", "total_price": 640.0}}, {"model": "orders.order", "pk": "a6ed6f85-05ad-43ce-a112-e7d6c9c8425c", "fields": {"user": 1, "status": "completed", "date_created": "2024-03-14T12:25:31.101Z", "total_price": 544.0}}, {"model": "orders.order", "pk": "e544ad5b-e4d4-401f-b8aa-e08553b544d5", "fields": {"user": 1, "status": "completed", "date_created": "2024-03-14T12:03:56.023Z", "total_price": 544.0}}, {"model": "orders.order", "pk": "e846a1f7-e967-498d-bb1b-96b630b7d8ec", "fields": {"user": 1, "status": "completed", "date_created": "2024-03-13T00:00:00Z", "total_price": 600.0}}, {"model": "orders.cart", "pk": 1, "fields": {"user": 1, "session_key": null}}, {"model": "orders.cart", "pk": 2, "fields": {"user": null, "session_key": "fjarnh50l5cpwad4p3jjpsj9yrfxtpar"}}, {"model": "orders.cart", "pk": 3, "fields": {"user": null, "session_key": "q6vculh39rj4y12dpxveo6sg8dpyw7wg"}}, {"model": "orders.cartitem", "pk": 4, "fields": {"product": 6, "quantity": 2, "cart": 1}}, {"model": "orders.cartitem", "pk": 9, "fields": {"product": 3, "quantity": 2, "cart": 1}}, {"model": "orders.cartitem", "pk": 10, "fields": {"product": 6, "quantity": 2, "cart": 1}}, {"model": "orders.cartitem", "pk": 11, "fields": {"product": 6, "quantity": 2, "cart": 1}}, {"model": "orders.attribute", "pk": 7, "fields": {"sub_filter": 2, "cart_item": 4}}, {"model": "orders.attribute", "pk": 8, "fields": {"sub_filter": 4, "cart_item": 4}}, {"model": "orders.attribute", "pk": 9, "fields": {"sub_filter": 5, "cart_item": 4}}, {"model": "orders.attribute", "pk": 10, "fields": {"sub_filter": 8, "cart_item": 4}}, {"model": "orders.attribute", "pk": 11, "fields": {"sub_filter": 11, "cart_item": 4}}, {"model": "orders.attribute", "pk": 16, "fields": {"sub_filter": 8, "cart_item": 11}}, {"model": "orders.attribute", "pk": 17, "fields": {"sub_filter": 3, "cart_item": 11}}, {"model": "orders.attribute", "pk": 18, "fields": {"sub_filter": 14, "cart_item": 11}}, {"model": "games.game", "pk": 1, "fields": {"name": "World of Warcraft", "logo_filter": "1709193237.39465.png", "logo_product": "1709193237.395584.png", "logo_filter_alt": "logo of filter", "logo_product_alt": "logo of product", "order": 2}}, {"model": "games.game", "pk": 2, "fields": {"name": "World of Warcraft Classic", "logo_filter": "1709193267.289755.png", "logo_product": "1709193267.290503.png", "logo_filter_alt": "logo of filter", "logo_product_alt": "logo of product", "order": 1}}, {"model": "games.game", "pk": 3, "fields": {"name": "HearthStone", "logo_filter": "1709577815.920046.png", "logo_product": "1709577815.920591.png", "logo_filter_alt": "logo of filter", "logo_product_alt": "logo of product", "order": 3}}, {"model": "games.catalogpage", "pk": 1, "fields": {"parent": null, "title": "Hot offers", "description": "What is the most iconic Legion class mount in Worlds of warcraft? Of course, it is Highlord's Golden Charger. This unique Paladin class mount was introduced in Legion at the same time with the other 11 class mounts making the total count of 12. It is the original paladin steed that has the golden color scheme and suits perfectly for the most common paladin sets. Buying the Highlord's Charger boost will help you to acquire this epic mount to ride in BFA and Shadowlands.", "tab": 4, "game": 1, "calendar": null, "worth_look": 1, "order": 1}}, {"model": "games.catalogpage", "pk": 2, "fields": {"parent": null, "title": "Raids", "description": "What is the most iconic Legion class mount in Worlds of warcraft? Of course, it is Highlord's Golden Charger. This unique Paladin class mount was introduced in Legion at the same time with the other 11 class mounts making the total count of 12. It is the original paladin steed that has the golden color scheme and suits perfectly for the most common paladin sets. Buying the Highlord's Charger boost will help you to acquire this epic mount to ride in BFA and Shadowlands.", "tab": null, "game": 2, "calendar": 1, "worth_look": null, "order": 1}}, {"model": "games.catalogpage", "pk": 3, "fields": {"parent": null, "title": "Powerleveling", "description": "What is the most iconic Legion class mount in Worlds of warcraft? Of course, it is Highlord's Golden Charger. This unique Paladin class mount was introduced in Legion at the same time with the other 11 class mounts making the total count of 12. It is the original paladin steed that has the golden color scheme and suits perfectly for the most common paladin sets. Buying the Highlord's Charger boost will help you to acquire this epic mount to ride in BFA and Shadowlands.", "tab": null, "game": 1, "calendar": null, "worth_look": null, "order": 2}}, {"model": "games.catalogpage", "pk": 4, "fields": {"parent": 2, "title": "1 Drop-down list", "description": "So damn fast and safe is well, the manager is very friendly and patient, the booster team arrives as fast as hell and literally efficiency, worthy!", "tab": null, "game": 2, "calendar": null, "worth_look": null, "order": 1}}, {"model": "games.catalogpage", "pk": 5, "fields": {"parent": 2, "title": "2 Drop-down list", "description": "So damn fast and safe is well, the manager is very friendly and patient, the booster team arrives as fast as hell and literally efficiency, worthy!", "tab": null, "game": 2, "calendar": null, "worth_look": null, "order": 2}}, {"model": "games.catalogpage", "pk": 6, "fields": {"parent": null, "title": "Dungeons", "description": "Dungeons", "tab": 1, "game": 3, "calendar": null, "worth_look": null, "order": 1}}, {"model": "games.catalogpage", "pk": 7, "fields": {"parent": 5, "title": "Additional offers", "description": "What is the most iconic Legion class mount in Worlds of warcraft? Of course, it is Highlord's Golden Charger. This unique Paladin class mount was introduced in Legion at the same time with the other 11 class mounts making the total count of 12. It is the original paladin steed that has the golden color scheme and suits perfectly for the most common paladin sets. Buying the Highlord's Charger boost will help you to acquire this epic mount to ride in BFA and Shadowlands.", "tab": null, "game": 2, "calendar": null, "worth_look": null, "order": 1}}, {"model": "games.worthlook", "pk": 1, "fields": {"title": "Hot offers"}}, {"model": "games.worthlookitem", "pk": 1, "fields": {"image": "1710172356.186422.png", "image_alt": "image alt", "catalog_page": 2, "carousel": 1}}, {"model": "games.worthlookitem", "pk": 2, "fields": {"image": "1710172356.189642.png", "image_alt": "image alt", "catalog_page": 4, "carousel": 1}}, {"model": "games.worthlookitem", "pk": 3, "fields": {"image": "1710172356.190775.png", "image_alt": "image alt", "catalog_page": 5, "carousel": 1}}, {"model": "games.tabitem", "pk": 1, "fields": {"title": "Requirements", "content": "<p><span data-metadata=\"<!--(figmeta)eyJmaWxlS2V5IjoiNzFySFVlNTJ0bU9XQUkwVVFRQVJlUCIsInBhc3RlSUQiOjExMDA5OTIwNCwiZGF0YVR5cGUiOiJzY2VuZSJ9Cg==(/figmeta)-->\"></span><span style=\"white-space-collapse: preserve;\">Hello Requirements</span><br></p>", "order": 1, "tab": 1}}, {"model": "games.tabitem", "pk": 2, "fields": {"title": "Description", "content": "<p><span style=\"white-space-collapse: preserve;\">Hello Description</span><br></p>", "order": 1, "tab": 1}}, {"model": "games.tabitem", "pk": 3, "fields": {"title": "Requirement", "content": "<p><span style=\"font-weight: bolder; font-size: 16px; color: rgb(88, 93, 106); font-family: Roboto, sans-serif; text-align: center; background-color: rgb(246, 247, 249);\">Временная почта</span><span style=\"color: rgb(88, 93, 106); font-family: Roboto, sans-serif; font-size: 16px; text-align: center; background-color: rgb(246, 247, 249);\">&nbsp;- позволяет принимать электронные письма на временный одноразовый email, который самоуничтожается через определенное время. Сервис также известен как “анонимная почта” или “почта на 10 минут”. Многие форумы, владельцы wi-fi точек, сайты и блоги, просят от посетителей пройти регистрацию до того как они могут полноценно использовать сайт. Temp-Mail - это самый известный и продвинутый сервис временной почты, который позволит вам навсегда забыть о спаме.</span><br></p>", "order": 1, "tab": 4}}, {"model": "games.tabitem", "pk": 4, "fields": {"title": "Settings", "content": "<p><span style=\"font-weight: bolder; font-size: 16px; color: rgb(88, 93, 106); font-family: Roboto, sans-serif; text-align: center; background-color: rgb(246, 247, 249);\">Временная почта</span><span style=\"color: rgb(88, 93, 106); font-family: Roboto, sans-serif; font-size: 16px; text-align: center; background-color: rgb(246, 247, 249);\">&nbsp;- позволяет принимать электронные письма на временный одноразовый email, который самоуничтожается через определенное время. Сервис также известен как “анонимная почта” или “почта на 10 минут”. Многие форумы, владельцы wi-fi точек, сайты и блоги, просят от посетителей пройти регистрацию до того как они могут полноценно использовать сайт. Temp-Mail - это самый известный и продвинутый сервис временной почты, который позволит вам навсегда забыть о спаме.</span><br></p>", "order": 2, "tab": 4}}, {"model": "games.tabitem", "pk": 5, "fields": {"title": "Properties", "content": "<p><span style=\"font-weight: bolder; font-size: 16px; color: rgb(88, 93, 106); font-family: Roboto, sans-serif; text-align: center; background-color: rgb(246, 247, 249);\">Временная почта</span><span style=\"color: rgb(88, 93, 106); font-family: Roboto, sans-serif; font-size: 16px; text-align: center; background-color: rgb(246, 247, 249);\">&nbsp;- позволяет принимать электронные письма на временный одноразовый email, который самоуничтожается через определенное время. Сервис также известен как “анонимная почта” или “почта на 10 минут”. Многие форумы, владельцы wi-fi точек, сайты и блоги, просят от посетителей пройти регистрацию до того как они могут полноценно использовать сайт. Temp-Mail - это самый известный и продвинутый сервис временной почты, который позволит вам навсегда забыть о спаме.</span><br></p>", "order": 3, "tab": 4}}, {"model": "games.tab", "pk": 1, "fields": {"title": "Common tabs"}}, {"model": "games.tab", "pk": 4, "fields": {"title": "Tabs for page Hot Offers"}}, {"model": "games.calendar", "pk": 1, "fields": {"title": "Calendar for page Raids"}}, {"model": "games.calendar", "pk": 2, "fields": {"title": "Calendar for Hot Offers"}}, {"model": "games.calendar", "pk": 3, "fields": {"title": "Calender for page Dungeons"}}, {"model": "games.calendarblock", "pk": 1, "fields": {"title": "Ny'alotha Heroic Raid Run", "subtitle": "Every 3 hours for two factions (horde alliance). Starting at 15:00", "calendar": 1}}, {"model": "games.calendarblock", "pk": 2, "fields": {"title": "Mythic +15 Run", "subtitle": "Once an hour for two factions (horde + alliance). Round the clock", "calendar": 1}}, {"model": "games.calendarblockitem", "pk": 1, "fields": {"date": "2024-03-11", "team1_img": "image_4.png", "team1_img_alt": "img_alt", "team1_from": "10:30:00", "team1_until": "11:30:00", "team2_img": "Слой_1_1.png", "team2_img_alt": "img_alt", "team2_from": "10:30:00", "team2_until": "11:30:00", "block": 1}}, {"model": "games.calendarblockitem", "pk": 2, "fields": {"date": "2024-03-12", "team1_img": "image_4_UrKXJFY.png", "team1_img_alt": "img_alt", "team1_from": "12:40:00", "team1_until": "13:40:00", "team2_img": "Слой_1_1_hGtg8Yi.png", "team2_img_alt": "img_alt", "team2_from": "12:40:00", "team2_until": "13:40:00", "block": 1}}, {"model": "games.calendarblockitem", "pk": 3, "fields": {"date": "2024-03-13", "team1_img": "image_4_XsC7DyL.png", "team1_img_alt": "img_alt", "team1_from": "14:40:00", "team1_until": "15:40:00", "team2_img": "Слой_1_1_3uQnORQ.png", "team2_img_alt": "img_alt", "team2_from": "14:40:00", "team2_until": "15:40:00", "block": 1}}, {"model": "games.calendarblockitem", "pk": 4, "fields": {"date": "2024-03-11", "team1_img": "image_4.png", "team1_img_alt": "img_alt", "team1_from": "10:30:00", "team1_until": "11:30:00", "team2_img": "Слой_1_1.png", "team2_img_alt": "img_alt", "team2_from": "10:30:00", "team2_until": "11:30:00", "block": 2}}, {"model": "games.calendarblockitem", "pk": 5, "fields": {"date": "2024-03-12", "team1_img": "image_4_UrKXJFY.png", "team1_img_alt": "img_alt", "team1_from": "12:40:00", "team1_until": "13:40:00", "team2_img": "Слой_1_1_hGtg8Yi.png", "team2_img_alt": "img_alt", "team2_from": "12:40:00", "team2_until": "13:40:00", "block": 2}}, {"model": "games.calendarblockitem", "pk": 6, "fields": {"date": "2024-03-13", "team1_img": "image_4_XsC7DyL.png", "team1_img_alt": "img_alt", "team1_from": "14:40:00", "team1_until": "15:40:00", "team2_img": "Слой_1_1_3uQnORQ.png", "team2_img_alt": "img_alt", "team2_from": "14:40:00", "team2_until": "15:40:00", "block": 2}}]