[{"model": "admin.logentry", "pk": 1, "fields": {"action_time": "2024-03-04T18:43:35.922Z", "user": 1, "content_type": 25, "object_id": "3", "object_repr": "HearthStone", "action_flag": 1, "change_message": "[{\"added\": {}}]"}}, {"model": "admin.logentry", "pk": 2, "fields": {"action_time": "2024-03-04T18:44:30.480Z", "user": 1, "content_type": 28, "object_id": "6", "object_repr": "Dungeons", "action_flag": 1, "change_message": "[{\"added\": {}}]"}}, {"model": "admin.logentry", "pk": 3, "fields": {"action_time": "2024-03-04T18:46:02.546Z", "user": 1, "content_type": 26, "object_id": "4", "object_repr": "Tab object (4)", "action_flag": 1, "change_message": "[{\"added\": {}}, {\"added\": {\"name\": \"Tab Item\", \"object\": \"TabItem object (3)\"}}, {\"added\": {\"name\": \"Tab Item\", \"object\": \"TabItem object (4)\"}}, {\"added\": {\"name\": \"Tab Item\", \"object\": \"TabItem object (5)\"}}]"}}, {"model": "admin.logentry", "pk": 4, "fields": {"action_time": "2024-03-04T18:46:17.111Z", "user": 1, "content_type": 26, "object_id": "5", "object_repr": "Tab object (5)", "action_flag": 1, "change_message": "[{\"added\": {}}, {\"added\": {\"name\": \"Tab Item\", \"object\": \"TabItem object (6)\"}}]"}}, {"model": "admin.logentry", "pk": 5, "fields": {"action_time": "2024-03-04T18:46:26.458Z", "user": 1, "content_type": 26, "object_id": "5", "object_repr": "Tab object (5)", "action_flag": 3, "change_message": ""}}, {"model": "admin.logentry", "pk": 6, "fields": {"action_time": "2024-03-04T18:46:52.826Z", "user": 1, "content_type": 9, "object_id": "7", "object_repr": "Insta object (7)", "action_flag": 1, "change_message": "[{\"added\": {}}]"}}, {"model": "admin.logentry", "pk": 7, "fields": {"action_time": "2024-03-04T18:46:58.301Z", "user": 1, "content_type": 9, "object_id": "7", "object_repr": "Insta object (7)", "action_flag": 3, "change_message": ""}}, {"model": "admin.logentry", "pk": 8, "fields": {"action_time": "2024-03-04T18:47:33.797Z", "user": 1, "content_type": 15, "object_id": "4", "object_repr": "HearthStone", "action_flag": 1, "change_message": "[{\"added\": {}}]"}}, {"model": "admin.logentry", "pk": 9, "fields": {"action_time": "2024-03-04T18:47:42.286Z", "user": 1, "content_type": 15, "object_id": "4", "object_repr": "HearthStone", "action_flag": 3, "change_message": ""}}, {"model": "admin.logentry", "pk": 10, "fields": {"action_time": "2024-03-04T18:48:24.497Z", "user": 1, "content_type": 11, "object_id": "6", "object_repr": "Review object (6)", "action_flag": 1, "change_message": "[{\"added\": {}}]"}}, {"model": "admin.logentry", "pk": 11, "fields": {"action_time": "2024-03-04T18:48:42.235Z", "user": 1, "content_type": 14, "object_id": "4", "object_repr": "WhyChooseUs object (4)", "action_flag": 1, "change_message": "[{\"added\": {}}]"}}, {"model": "admin.logentry", "pk": 12, "fields": {"action_time": "2024-03-04T18:48:48.021Z", "user": 1, "content_type": 14, "object_id": "4", "object_repr": "WhyChooseUs object (4)", "action_flag": 3, "change_message": ""}}, {"model": "admin.logentry", "pk": 13, "fields": {"action_time": "2024-03-04T18:49:26.206Z", "user": 1, "content_type": 6, "object_id": "2", "object_repr": "user2@example.com", "action_flag": 1, "change_message": "[{\"added\": {}}]"}}, {"model": "admin.logentry", "pk": 14, "fields": {"action_time": "2024-03-04T18:49:38.992Z", "user": 1, "content_type": 6, "object_id": "2", "object_repr": "user2@example.com", "action_flag": 3, "change_message": ""}}, {"model": "admin.logentry", "pk": 15, "fields": {"action_time": "2024-03-04T18:50:07.424Z", "user": 1, "content_type": 16, "object_id": "2", "object_repr": "Sale", "action_flag": 1, "change_message": "[{\"added\": {}}]"}}, {"model": "admin.logentry", "pk": 16, "fields": {"action_time": "2024-03-04T18:52:24.600Z", "user": 1, "content_type": 17, "object_id": "8", "object_repr": "e", "action_flag": 1, "change_message": "[{\"added\": {}}]"}}, {"model": "admin.logentry", "pk": 17, "fields": {"action_time": "2024-03-04T18:52:34.407Z", "user": 1, "content_type": 17, "object_id": "8", "object_repr": "e", "action_flag": 3, "change_message": ""}}, {"model": "admin.logentry", "pk": 18, "fields": {"action_time": "2024-03-04T18:54:06.843Z", "user": 1, "content_type": 18, "object_id": "12", "object_repr": "Filter object (12)", "action_flag": 1, "change_message": "[{\"added\": {}}, {\"added\": {\"name\": \"sub filter\", \"object\": \"SubFilter object (9)\"}}, {\"added\": {\"name\": \"sub filter\", \"object\": \"SubFilter object (10)\"}}, {\"added\": {\"name\": \"sub filter\", \"object\": \"SubFilter object (11)\"}}]"}}, {"model": "admin.logentry", "pk": 19, "fields": {"action_time": "2024-03-04T18:59:31.409Z", "user": 1, "content_type": 16, "object_id": "3", "object_repr": "Limited", "action_flag": 1, "change_message": "[{\"added\": {}}]"}}, {"model": "admin.logentry", "pk": 20, "fields": {"action_time": "2024-03-05T12:02:23.488Z", "user": 1, "content_type": 14, "object_id": "1", "object_repr": "WhyChooseUs object (1)", "action_flag": 2, "change_message": "[{\"changed\": {\"fields\": [\"Icon\"]}}]"}}, {"model": "admin.logentry", "pk": 21, "fields": {"action_time": "2024-03-05T12:02:29.142Z", "user": 1, "content_type": 14, "object_id": "2", "object_repr": "WhyChooseUs object (2)", "action_flag": 2, "change_message": "[{\"changed\": {\"fields\": [\"Icon\"]}}]"}}, {"model": "admin.logentry", "pk": 22, "fields": {"action_time": "2024-03-05T12:02:37.759Z", "user": 1, "content_type": 14, "object_id": "3", "object_repr": "WhyChooseUs object (3)", "action_flag": 2, "change_message": "[{\"changed\": {\"fields\": [\"Icon\"]}}]"}}, {"model": "admin.logentry", "pk": 23, "fields": {"action_time": "2024-03-05T12:49:37.110Z", "user": 1, "content_type": 14, "object_id": "5", "object_repr": "WhyChooseUs object (5)", "action_flag": 1, "change_message": "[{\"added\": {}}]"}}, {"model": "admin.logentry", "pk": 24, "fields": {"action_time": "2024-03-05T12:50:01.735Z", "user": 1, "content_type": 14, "object_id": "5", "object_repr": "WhyChooseUs object (5)", "action_flag": 3, "change_message": ""}}, {"model": "admin.logentry", "pk": 25, "fields": {"action_time": "2024-03-05T18:11:31.756Z", "user": 1, "content_type": 18, "object_id": "12", "object_repr": "Filter object (12)", "action_flag": 2, "change_message": "[{\"changed\": {\"fields\": [\"Title\", \"Type\"]}}, {\"added\": {\"name\": \"sub filter\", \"object\": \"SubFilter object (12)\"}}, {\"added\": {\"name\": \"sub filter\", \"object\": \"SubFilter object (13)\"}}, {\"added\": {\"name\": \"sub filter\", \"object\": \"SubFilter object (14)\"}}, {\"added\": {\"name\": \"sub filter\", \"object\": \"SubFilter object (15)\"}}, {\"added\": {\"name\": \"sub filter\", \"object\": \"SubFilter object (16)\"}}, {\"added\": {\"name\": \"sub filter\", \"object\": \"SubFilter object (17)\"}}, {\"added\": {\"name\": \"sub filter\", \"object\": \"SubFilter object (18)\"}}, {\"changed\": {\"name\": \"sub filter\", \"object\": \"SubFilter object (10)\", \"fields\": [\"Price\"]}}, {\"changed\": {\"name\": \"sub filter\", \"object\": \"SubFilter object (11)\", \"fields\": [\"Price\"]}}]"}}, {"model": "admin.logentry", "pk": 26, "fields": {"action_time": "2024-03-06T10:14:34.459Z", "user": 1, "content_type": 9, "object_id": "8", "object_repr": "Insta object (8)", "action_flag": 1, "change_message": "[{\"added\": {}}]"}}, {"model": "admin.logentry", "pk": 27, "fields": {"action_time": "2024-03-06T10:16:12.662Z", "user": 1, "content_type": 9, "object_id": "9", "object_repr": "Insta object (9)", "action_flag": 1, "change_message": "[{\"added\": {}}]"}}, {"model": "admin.logentry", "pk": 28, "fields": {"action_time": "2024-03-06T10:16:56.947Z", "user": 1, "content_type": 9, "object_id": "10", "object_repr": "Insta object (10)", "action_flag": 1, "change_message": "[{\"added\": {}}]"}}, {"model": "sessions.session", "pk": "2d1idyehzpaleia2fof3zzwz1q4l9hvm", "fields": {"session_data": ".eJxVjEEOwiAQRe_C2pDCIFNcuvcMZGBAqgaS0q6Md7dNutDtf-_9t_C0LsWvPc1-YnERSpx-t0DxmeoO-EH13mRsdZmnIHdFHrTLW-P0uh7u30GhXrYaI7I2oA2rCKQykwsWRzIj6HN2hKBgsDgYG3UCxMGhCqDShnNODOLzBchINxE:1rhoCt:-p8j_V6dn_8-c6dyBBshxm8TWAQAYAR_CVWKjfHzQVQ", "expire_date": "2024-03-20T10:09:03.559Z"}}, {"model": "sessions.session", "pk": "aciu0obkbe9aajohd9yc2n04dqjv0cjn", "fields": {"session_data": ".eJxVjEEOwiAQRe_C2pDCIFNcuvcMZGBAqgaS0q6Md7dNutDtf-_9t_C0LsWvPc1-YnERSpx-t0DxmeoO-EH13mRsdZmnIHdFHrTLW-P0uh7u30GhXrYaI7I2oA2rCKQykwsWRzIj6HN2hKBgsDgYG3UCxMGhCqDShnNODOLzBchINxE:1rhDGz:Ni-cuonIZoKtUe-nNqIWpH0wYGJDhJYt7P5DN2k3gJs", "expire_date": "2024-03-18T18:42:49.782Z"}}, {"model": "sessions.session", "pk": "fqnd6d34ldgeru7q9r3lvsb37u9tsmcw", "fields": {"session_data": ".eJxVjEEOwiAQRe_C2pDCIFNcuvcMZGBAqgaS0q6Md7dNutDtf-_9t_C0LsWvPc1-YnERSpx-t0DxmeoO-EH13mRsdZmnIHdFHrTLW-P0uh7u30GhXrYaI7I2oA2rCKQykwsWRzIj6HN2hKBgsDgYG3UCxMGhCqDShnNODOLzBchINxE:1rhTUe:7g2ct7b98WEj4KKX8719JLzoAvFhpFS07Nb20MDzQ20", "expire_date": "2024-03-19T12:02:00.500Z"}}, {"model": "sessions.session", "pk": "t8pc59hx26jispsup54ssdw84q1f5nek", "fields": {"session_data": ".eJxVjEEOwiAQRe_C2pDCIFNcuvcMZGBAqgaS0q6Md7dNutDtf-_9t_C0LsWvPc1-YnERSpx-t0DxmeoO-EH13mRsdZmnIHdFHrTLW-P0uh7u30GhXrYaI7I2oA2rCKQykwsWRzIj6HN2hKBgsDgYG3UCxMGhCqDShnNODOLzBchINxE:1rhDWo:Nf6Q5DTjyuaRhNHcht4f5wy7bOVaVvFyOcq2Am0GQ2w", "expire_date": "2024-03-18T18:59:10.635Z"}}, {"model": "sessions.session", "pk": "xrm5xh30yv8hf0leifp0jqsvxsod32ze", "fields": {"session_data": ".eJxVjEEOwiAQRe_C2pDCIFNcuvcMZGBAqgaS0q6Md7dNutDtf-_9t_C0LsWvPc1-YnERSpx-t0DxmeoO-EH13mRsdZmnIHdFHrTLW-P0uh7u30GhXrYaI7I2oA2rCKQykwsWRzIj6HN2hKBgsDgYG3UCxMGhCqDShnNODOLzBchINxE:1rhUDq:nTfrTjn9fvQXOGjiUW3H8hjUGqIAh15MJTxVO5yZOjI", "expire_date": "2024-03-19T12:48:42.513Z"}}, {"model": "users.user", "pk": 1, "fields": {"password": "pbkdf2_sha256$720000$jIqGEtOZcsjnkQ3JsXIJwK$DbRb4TDsIZ+PC1bYlfkh1tY7BuQVR0lLLOjixVjLihc=", "last_login": "2024-03-06T10:09:03.554Z", "is_superuser": true, "first_name": "", "last_name": "", "is_staff": true, "is_active": true, "date_joined": "2024-02-26T21:08:03.183Z", "email": "user@example.com", "notify_me": false, "groups": [], "user_permissions": []}}, {"model": "main.whychooseus", "pk": 1, "fields": {"icon": "1709640143.487082.png", "icon_alt": "1709153501.952924.png", "title": "We are always online and", "description": "icon alt"}}, {"model": "main.whychooseus", "pk": 2, "fields": {"icon": "1709640149.138962.png", "icon_alt": "1709153521.483025.png", "title": "We only have proven produ", "description": "icon alt"}}, {"model": "main.whychooseus", "pk": 3, "fields": {"icon": "1709640157.755775.png", "icon_alt": "1709153547.831612.png", "title": "Excellent experience in t", "description": "icon alt"}}, {"model": "main.insta", "pk": 1, "fields": {"img": "1709192534.055781.png"}}, {"model": "main.insta", "pk": 2, "fields": {"img": "1709192538.990152.png"}}, {"model": "main.insta", "pk": 3, "fields": {"img": "1709192544.036028.png"}}, {"model": "main.insta", "pk": 4, "fields": {"img": "1709192550.712563.png"}}, {"model": "main.insta", "pk": 5, "fields": {"img": "1709192563.721188.png"}}, {"model": "main.insta", "pk": 6, "fields": {"img": "1709192571.4182.png"}}, {"model": "main.insta", "pk": 8, "fields": {"img": "1709720074.45336.png"}}, {"model": "main.insta", "pk": 9, "fields": {"img": "1709720172.660753.png"}}, {"model": "main.insta", "pk": 10, "fields": {"img": "1709720216.945941.png"}}, {"model": "main.news", "pk": 1, "fields": {"game": null, "title": "Scholomance: New Hearthstone DLC Announcement", "image": "1709192420.087372.png", "image_alt": "So damn fast and safe is well, the manager is very friendly and patient, the booster team arrives as fast as hell and literally efficiency, worthy!", "description": "2024-02-29", "date_published": "1970-01-01"}}, {"model": "main.news", "pk": 2, "fields": {"game": null, "title": "Hearthstone Patch 17.6 Notes", "image": "1709192450.794757.png", "image_alt": "So damn fast and safe is well, the manager is very friendly and patient, the booster team arrives as fast as hell and literally efficiency, worthy!", "description": "2024-02-29", "date_published": "1970-01-01"}}, {"model": "main.news", "pk": 3, "fields": {"game": null, "title": "Hearthstone Patch 17.6 Notes", "image": "1709192469.745474.png", "image_alt": "So damn fast and safe is well, the manager is very friendly and patient, the booster team arrives as fast as hell and literally efficiency, worthy!", "description": "2024-02-29", "date_published": "1970-01-01"}}, {"model": "main.review", "pk": 1, "fields": {"author": "John Smith", "comment": "So damn fast and safe is well, the manager is very friendly and patient, the booster team arrives as fast as hell and literally efficiency, worthy!", "stars_count": 4.5, "source_of_review": "dving.net", "date_published": "2024-02-29"}}, {"model": "main.review", "pk": 2, "fields": {"author": "Pit Malurk", "comment": "For me, excellent customer service 10/10\r\nspeed response 10/10\r\nquality service 10/10\r\nwill absolutely use it again recommend ...", "stars_count": 5.0, "source_of_review": "dving.net", "date_published": "2024-02-29"}}, {"model": "main.review", "pk": 3, "fields": {"author": "Sebastian Loo", "comment": "Great service. The boost got me 35+ higher in greater rifts levels and got me all the gear I needed for my build. Booster who ran me was friendly and very quick.", "stars_count": 3.0, "source_of_review": "dving.net", "date_published": "2024-02-29"}}, {"model": "main.review", "pk": 4, "fields": {"author": "David Kox", "comment": "So damn fast and safe is well, the manager is very friendly and patient, the booster team arrives as fast as hell and literally efficiency, worthy!", "stars_count": 5.0, "source_of_review": "dving.net", "date_published": "2024-02-29"}}, {"model": "main.review", "pk": 5, "fields": {"author": "Jack Dawkins", "comment": "So damn fast and safe is well, the manager is very friendly and patient, the booster team arrives as fast as hell and literally efficiency, worthy!", "stars_count": 4.0, "source_of_review": "dving.net", "date_published": "2024-02-29"}}, {"model": "main.review", "pk": 6, "fields": {"author": "Mister Coach", "comment": "Временная почта - позволяет принимать электронные письма на временный одноразовый email, который самоуничтожается через определенное время. Сервис также известен как “анонимная почта” или “почта на 10 минут”. Многие форумы, владельцы wi-fi точек, сайты и блоги, просят от посетителей пройти регистрацию до того как они могут полноценно использовать сайт. Temp-Mail - это самый известный и продвинутый сервис временной почты, который позволит вам навсегда забыть о спаме.", "stars_count": 4.0, "source_of_review": "dving.net", "date_published": "2024-03-04"}}, {"model": "main.setting", "pk": 1, "fields": {"instagram_nickname": "@gold_bost", "instagram_link": "https://www.youtube.com/", "facebook_link": "https://www.youtube.com/", "reddit_link": "https://www.youtube.com/", "email": "user@example.com", "discord_link": "https://www.youtube.com/", "whats_up_link": "https://www.youtube.com/", "header_top_text": "leave a trustpilot review and get an extra 10% off your next order!", "footer_bottom_text": "© 2020. All rights reserved", "footer_description": "We cooperate only with qualified and experienced top world players who participate personally in each event and ready to provide you with the best boosting service and gaming experience in your favorite online games. We ensure that every customer is highly satisfied and 100% positive feedback of our work pretty much sums it up ;) Get the most relevant eu boost and power leveling.", "privacy_policy_link": "https://www.youtube.com/", "terms_of_use_link": "https://www.youtube.com/", "refund_policy_link": "https://www.youtube.com/", "address1": "Украина, г. Одесса, ул. Космонавтов, 32", "address2": "Украина, г. Одесса, ул. Космонавтов, 32", "subscribe_form_text": "Sing up to our email newsteller and get 10% DISCOUNT on your first order!", "subscribe_sale": 10}}, {"model": "products.product", "pk": 2, "fields": {"title": "Covenant Unlock", "subtitle": "Heroic Raid Run", "image": "1709272742.10487.png", "image_alt": "image_alt", "card_img": "1709272742.106815.png", "card_img_alt": "card_img_alt", "description": "What is the most iconic Legion class mount in Worlds of warcraft? Of course, it is Highlord's Golden Charger. This unique Paladin class mount was introduced in Legion at the same time with the other 11 class mounts making the total count of 12. It is the original paladin steed that has the golden color.", "price": 180.0, "price_type": "fixed", "bonus_points": 20, "sale_percent": null, "sale_from": null, "sale_until": null, "tab": null, "bought_count": 1, "catalog_page": 2, "tag": 1}}, {"model": "products.product", "pk": 3, "fields": {"title": "World of Warcraft Batlle for Azeroth", "subtitle": "Heroic Raid Run", "image": "1709272600.526887.png", "image_alt": "image_alt", "card_img": "1709272600.528085.png", "card_img_alt": "card_img_alt", "description": "What is the most iconic Legion class mount in Worlds of warcraft? Of course, it is Highlord's Golden Charger. This unique Paladin class mount was introduced in Legion at the same time with the other 11 class mounts making the total count of 12. It is the original paladin steed that has the golden color.", "price": 120.0, "price_type": "fixed", "bonus_points": 12, "sale_percent": null, "sale_from": null, "sale_until": null, "tab": null, "bought_count": 1, "catalog_page": 5, "tag": 1}}, {"model": "products.product", "pk": 4, "fields": {"title": "Shadowlands Pathfinder Part I", "subtitle": "SL Flying Unlock Service", "image": "1709207415.888787.png", "image_alt": "image_alt", "card_img": "1709207415.890214.png", "card_img_alt": "card_img_alt", "description": "So damn fast and safe is well, the manager is very friendly and patient, the booster team arrives as fast as hell and literally efficiency, worthy!", "price": 35.0, "price_type": "fixed", "bonus_points": 0, "sale_percent": null, "sale_from": null, "sale_until": null, "tab": null, "bought_count": 1, "catalog_page": 2, "tag": 1}}, {"model": "products.product", "pk": 5, "fields": {"title": "Ny'alotha Raid Heroic Run", "subtitle": "Heroic Raid Run", "image": "1709272693.943682.png", "image_alt": "image_alt", "card_img": "1709272693.945344.png", "card_img_alt": "card_img_alt", "description": "What is the most iconic Legion class mount in Worlds of warcraft? Of course, it is Highlord's Golden Charger. This unique Paladin class mount was introduced in Legion at the same time with the other 11 class mounts making the total count of 12. It is the original paladin steed that has the golden color.", "price": 70.0, "price_type": "fixed", "bonus_points": 5, "sale_percent": null, "sale_from": null, "sale_until": null, "tab": null, "bought_count": 1, "catalog_page": 2, "tag": 1}}, {"model": "products.product", "pk": 6, "fields": {"title": "PvP Arena Rating Carry 2000-2200+", "subtitle": "Arena PvP Coaching", "image": "1709207383.806482.png", "image_alt": "image_alt", "card_img": "1709207383.807786.png", "card_img_alt": "card_img_alt", "description": "What is the most iconic Legion class mount in Worlds of warcraft? Of course, it is Highlord's Golden Charger. This unique Paladin class mount was introduced in Legion at the same time with the other 11 class mounts making the total count of 12. It is the original paladin steed that has the golden color.", "price": 200.0, "price_type": "range", "bonus_points": 15, "sale_percent": 10, "sale_from": "2024-02-28T09:07:31Z", "sale_until": "2024-03-01T22:00:00Z", "tab": 1, "bought_count": 2, "catalog_page": 1, "tag": 1}}, {"model": "products.product", "pk": 7, "fields": {"title": "World Quest Farm", "subtitle": "WoW Questing Services", "image": "1709207401.112499.png", "image_alt": "image_alt", "card_img": "1709207401.115468.png", "card_img_alt": "card_img_alt", "description": "So damn fast and safe is well, the manager is very friendly and patient, the booster team arrives as fast as hell and literally efficiency, worthy!", "price": 155.0, "price_type": "fixed", "bonus_points": 10, "sale_percent": null, "sale_from": null, "sale_until": null, "tab": null, "bought_count": 1, "catalog_page": 4, "tag": 1}}, {"model": "products.tag", "pk": 1, "fields": {"name": "Hot", "color": "#f63a3a"}}, {"model": "products.tag", "pk": 2, "fields": {"name": "Sale", "color": "#e9cf2c"}}, {"model": "products.tag", "pk": 3, "fields": {"name": "Limited", "color": "#fffffe"}}, {"model": "products.filter", "pk": 1, "fields": {"title": "Level", "type": "Select", "product": 6}}, {"model": "products.filter", "pk": 2, "fields": {"title": "Extra", "type": "CheckBox", "product": 6}}, {"model": "products.filter", "pk": 3, "fields": {"title": "Account Control", "type": "Radio", "product": 6}}, {"model": "products.filter", "pk": 12, "fields": {"title": "Runs", "type": "Slider", "product": 6}}, {"model": "products.subfilter", "pk": 1, "fields": {"title": "First", "price": 10.0, "filter": 1}}, {"model": "products.subfilter", "pk": 2, "fields": {"title": "Second", "price": 20.0, "filter": 1}}, {"model": "products.subfilter", "pk": 3, "fields": {"title": "Third", "price": 30.0, "filter": 1}}, {"model": "products.subfilter", "pk": 4, "fields": {"title": "+sword", "price": 30.0, "filter": 2}}, {"model": "products.subfilter", "pk": 5, "fields": {"title": "+helmet", "price": 15.0, "filter": 2}}, {"model": "products.subfilter", "pk": 6, "fields": {"title": "+bomb", "price": 50.0, "filter": 2}}, {"model": "products.subfilter", "pk": 7, "fields": {"title": "Selfplay", "price": 20.0, "filter": 3}}, {"model": "products.subfilter", "pk": 8, "fields": {"title": "Account sharing", "price": 9.0, "filter": 3}}, {"model": "products.subfilter", "pk": 9, "fields": {"title": "1", "price": 10.0, "filter": 12}}, {"model": "products.subfilter", "pk": 10, "fields": {"title": "2", "price": 20.0, "filter": 12}}, {"model": "products.subfilter", "pk": 11, "fields": {"title": "3", "price": 30.0, "filter": 12}}, {"model": "products.subfilter", "pk": 12, "fields": {"title": "4", "price": 40.0, "filter": 12}}, {"model": "products.subfilter", "pk": 13, "fields": {"title": "5", "price": 50.0, "filter": 12}}, {"model": "products.subfilter", "pk": 14, "fields": {"title": "6", "price": 60.0, "filter": 12}}, {"model": "products.subfilter", "pk": 15, "fields": {"title": "7", "price": 70.0, "filter": 12}}, {"model": "products.subfilter", "pk": 16, "fields": {"title": "8", "price": 80.0, "filter": 12}}, {"model": "products.subfilter", "pk": 17, "fields": {"title": "9", "price": 90.0, "filter": 12}}, {"model": "products.subfilter", "pk": 18, "fields": {"title": "10", "price": 100.0, "filter": 12}}, {"model": "games.game", "pk": 1, "fields": {"name": "World of Warcraft", "logo_filter": "1709193237.39465.png", "logo_product": "1709193237.395584.png", "logo_filter_alt": "logo of filter", "logo_product_alt": "logo of product", "order": 2}}, {"model": "games.game", "pk": 2, "fields": {"name": "World of Warcraft Classic", "logo_filter": "1709193267.289755.png", "logo_product": "1709193267.290503.png", "logo_filter_alt": "logo of filter", "logo_product_alt": "logo of product", "order": 1}}, {"model": "games.game", "pk": 3, "fields": {"name": "HearthStone", "logo_filter": "1709577815.920046.png", "logo_product": "1709577815.920591.png", "logo_filter_alt": "logo of filter", "logo_product_alt": "logo of product", "order": 3}}, {"model": "games.catalogpage", "pk": 1, "fields": {"parent": 1, "title": "Hot offers", "description": "What is the most iconic Legion class mount in Worlds of warcraft? Of course, it is Highlord's Golden Charger. This unique Paladin class mount was introduced in Legion at the same time with the other 11 class mounts making the total count of 12. It is the original paladin steed that has the golden color scheme and suits perfectly for the most common paladin sets. Buying the Highlord's Charger boost will help you to acquire this epic mount to ride in BFA and Shadowlands.", "tab": null, "game": 1, "calendar": null}}, {"model": "games.catalogpage", "pk": 2, "fields": {"parent": 2, "title": "Raids", "description": "What is the most iconic Legion class mount in Worlds of warcraft? Of course, it is Highlord's Golden Charger. This unique Paladin class mount was introduced in Legion at the same time with the other 11 class mounts making the total count of 12. It is the original paladin steed that has the golden color scheme and suits perfectly for the most common paladin sets. Buying the Highlord's Charger boost will help you to acquire this epic mount to ride in BFA and Shadowlands.", "tab": null, "game": 2, "calendar": null}}, {"model": "games.catalogpage", "pk": 3, "fields": {"parent": 1, "title": "Powerleveling", "description": "What is the most iconic Legion class mount in Worlds of warcraft? Of course, it is Highlord's Golden Charger. This unique Paladin class mount was introduced in Legion at the same time with the other 11 class mounts making the total count of 12. It is the original paladin steed that has the golden color scheme and suits perfectly for the most common paladin sets. Buying the Highlord's Charger boost will help you to acquire this epic mount to ride in BFA and Shadowlands.", "tab": null, "game": 1, "calendar": null}}, {"model": "games.catalogpage", "pk": 4, "fields": {"parent": 2, "title": "1 Drop-down list", "description": "So damn fast and safe is well, the manager is very friendly and patient, the booster team arrives as fast as hell and literally efficiency, worthy!", "tab": null, "game": 2, "calendar": null}}, {"model": "games.catalogpage", "pk": 5, "fields": {"parent": 2, "title": "2 Drop-down list", "description": "So damn fast and safe is well, the manager is very friendly and patient, the booster team arrives as fast as hell and literally efficiency, worthy!", "tab": null, "game": 2, "calendar": null}}, {"model": "games.catalogpage", "pk": 6, "fields": {"parent": null, "title": "Dungeons", "description": "Dungeons", "tab": 1, "game": 3, "calendar": null}}, {"model": "games.tabitem", "pk": 1, "fields": {"title": "Requirements", "content": "<p><span data-metadata=\"<!--(figmeta)eyJmaWxlS2V5IjoiNzFySFVlNTJ0bU9XQUkwVVFRQVJlUCIsInBhc3RlSUQiOjExMDA5OTIwNCwiZGF0YVR5cGUiOiJzY2VuZSJ9Cg==(/figmeta)-->\"></span><span style=\"white-space-collapse: preserve;\">Hello Requirements</span><br></p>", "order": 1, "tab": 1}}, {"model": "games.tabitem", "pk": 2, "fields": {"title": "Description", "content": "<p><span style=\"white-space-collapse: preserve;\">Hello Description</span><br></p>", "order": 1, "tab": 1}}, {"model": "games.tabitem", "pk": 3, "fields": {"title": "Requirement", "content": "<p><span style=\"font-weight: bolder; font-size: 16px; color: rgb(88, 93, 106); font-family: Roboto, sans-serif; text-align: center; background-color: rgb(246, 247, 249);\">Временная почта</span><span style=\"color: rgb(88, 93, 106); font-family: Roboto, sans-serif; font-size: 16px; text-align: center; background-color: rgb(246, 247, 249);\">&nbsp;- позволяет принимать электронные письма на временный одноразовый email, который самоуничтожается через определенное время. Сервис также известен как “анонимная почта” или “почта на 10 минут”. Многие форумы, владельцы wi-fi точек, сайты и блоги, просят от посетителей пройти регистрацию до того как они могут полноценно использовать сайт. Temp-Mail - это самый известный и продвинутый сервис временной почты, который позволит вам навсегда забыть о спаме.</span><br></p>", "order": 1, "tab": 4}}, {"model": "games.tabitem", "pk": 4, "fields": {"title": "Settings", "content": "<p><span style=\"font-weight: bolder; font-size: 16px; color: rgb(88, 93, 106); font-family: Roboto, sans-serif; text-align: center; background-color: rgb(246, 247, 249);\">Временная почта</span><span style=\"color: rgb(88, 93, 106); font-family: Roboto, sans-serif; font-size: 16px; text-align: center; background-color: rgb(246, 247, 249);\">&nbsp;- позволяет принимать электронные письма на временный одноразовый email, который самоуничтожается через определенное время. Сервис также известен как “анонимная почта” или “почта на 10 минут”. Многие форумы, владельцы wi-fi точек, сайты и блоги, просят от посетителей пройти регистрацию до того как они могут полноценно использовать сайт. Temp-Mail - это самый известный и продвинутый сервис временной почты, который позволит вам навсегда забыть о спаме.</span><br></p>", "order": 2, "tab": 4}}, {"model": "games.tabitem", "pk": 5, "fields": {"title": "Properties", "content": "<p><span style=\"font-weight: bolder; font-size: 16px; color: rgb(88, 93, 106); font-family: Roboto, sans-serif; text-align: center; background-color: rgb(246, 247, 249);\">Временная почта</span><span style=\"color: rgb(88, 93, 106); font-family: Roboto, sans-serif; font-size: 16px; text-align: center; background-color: rgb(246, 247, 249);\">&nbsp;- позволяет принимать электронные письма на временный одноразовый email, который самоуничтожается через определенное время. Сервис также известен как “анонимная почта” или “почта на 10 минут”. Многие форумы, владельцы wi-fi точек, сайты и блоги, просят от посетителей пройти регистрацию до того как они могут полноценно использовать сайт. Temp-Mail - это самый известный и продвинутый сервис временной почты, который позволит вам навсегда забыть о спаме.</span><br></p>", "order": 3, "tab": 4}}, {"model": "games.tab", "pk": 1, "fields": {}}, {"model": "games.tab", "pk": 4, "fields": {}}]