[{"model": "admin.logentry", "pk": 1, "fields": {"action_time": "2024-03-08T07:18:37.419Z", "user": 1, "content_type": 33, "object_id": "1", "object_repr": "Communication object (1)", "action_flag": 1, "change_message": "[{\"added\": {}}]"}}, {"model": "admin.logentry", "pk": 2, "fields": {"action_time": "2024-03-08T07:20:00.742Z", "user": 1, "content_type": 33, "object_id": "2", "object_repr": "Viber", "action_flag": 1, "change_message": "[{\"added\": {}}]"}}, {"model": "admin.logentry", "pk": 3, "fields": {"action_time": "2024-03-08T07:20:23.146Z", "user": 1, "content_type": 33, "object_id": "3", "object_repr": "Discord", "action_flag": 1, "change_message": "[{\"added\": {}}]"}}, {"model": "admin.logentry", "pk": 4, "fields": {"action_time": "2024-03-08T07:20:58.095Z", "user": 1, "content_type": 33, "object_id": "4", "object_repr": "WhatsApp", "action_flag": 1, "change_message": "[{\"added\": {}}]"}}, {"model": "admin.logentry", "pk": 5, "fields": {"action_time": "2024-03-08T07:21:11.129Z", "user": 1, "content_type": 33, "object_id": "5", "object_repr": "Skype", "action_flag": 1, "change_message": "[{\"added\": {}}]"}}, {"model": "admin.logentry", "pk": 6, "fields": {"action_time": "2024-03-08T07:21:42.781Z", "user": 1, "content_type": 33, "object_id": "6", "object_repr": "Facebook", "action_flag": 1, "change_message": "[{\"added\": {}}]"}}, {"model": "admin.logentry", "pk": 7, "fields": {"action_time": "2024-03-08T07:25:03.799Z", "user": 1, "content_type": 34, "object_id": "1", "object_repr": "Payment object (1)", "action_flag": 1, "change_message": "[{\"added\": {}}]"}}, {"model": "admin.logentry", "pk": 8, "fields": {"action_time": "2024-03-08T07:25:30.324Z", "user": 1, "content_type": 34, "object_id": "2", "object_repr": "Visa", "action_flag": 1, "change_message": "[{\"added\": {}}]"}}, {"model": "admin.logentry", "pk": 9, "fields": {"action_time": "2024-03-08T07:25:38.771Z", "user": 1, "content_type": 34, "object_id": "3", "object_repr": "MasterCard", "action_flag": 1, "change_message": "[{\"added\": {}}]"}}, {"model": "admin.logentry", "pk": 10, "fields": {"action_time": "2024-03-08T07:25:54.006Z", "user": 1, "content_type": 34, "object_id": "4", "object_repr": "American Express", "action_flag": 1, "change_message": "[{\"added\": {}}]"}}, {"model": "admin.logentry", "pk": 11, "fields": {"action_time": "2024-03-08T07:48:25.127Z", "user": 1, "content_type": 9, "object_id": "3", "object_repr": "piwag83483@bizatop.com", "action_flag": 2, "change_message": "[{\"changed\": {\"fields\": [\"Payment method\", \"Communication\"]}}]"}}, {"model": "admin.logentry", "pk": 12, "fields": {"action_time": "2024-03-08T07:53:25.998Z", "user": 1, "content_type": 9, "object_id": "3", "object_repr": "piwag83483@bizatop.com", "action_flag": 2, "change_message": "[{\"changed\": {\"fields\": [\"First name\", \"Last name\"]}}]"}}, {"model": "admin.logentry", "pk": 13, "fields": {"action_time": "2024-03-08T08:09:04.177Z", "user": 1, "content_type": 9, "object_id": "3", "object_repr": "piwag83483@bizatop.com", "action_flag": 2, "change_message": "[{\"changed\": {\"fields\": [\"Payment method\", \"Communication\"]}}]"}}, {"model": "admin.logentry", "pk": 14, "fields": {"action_time": "2024-03-11T12:11:47.080Z", "user": 1, "content_type": 30, "object_id": "7", "object_repr": "Additional offers", "action_flag": 1, "change_message": "[{\"added\": {}}]"}}, {"model": "admin.logentry", "pk": 15, "fields": {"action_time": "2024-03-11T15:52:36.191Z", "user": 1, "content_type": 35, "object_id": "1", "object_repr": "Hot offers", "action_flag": 1, "change_message": "[{\"added\": {}}, {\"added\": {\"name\": \"Worth look item\", \"object\": \"Raids\"}}, {\"added\": {\"name\": \"Worth look item\", \"object\": \"1 Drop-down list\"}}, {\"added\": {\"name\": \"Worth look item\", \"object\": \"2 Drop-down list\"}}]"}}, {"model": "admin.logentry", "pk": 16, "fields": {"action_time": "2024-03-11T15:58:40.932Z", "user": 1, "content_type": 30, "object_id": "1", "object_repr": "Hot offers", "action_flag": 2, "change_message": "[{\"changed\": {\"fields\": [\"Worth look\"]}}]"}}, {"model": "admin.logentry", "pk": 17, "fields": {"action_time": "2024-03-11T17:08:05.663Z", "user": 1, "content_type": 30, "object_id": "1", "object_repr": "Hot offers", "action_flag": 2, "change_message": "[{\"changed\": {\"fields\": [\"Tab\"]}}]"}}, {"model": "admin.logentry", "pk": 18, "fields": {"action_time": "2024-03-11T18:48:56.130Z", "user": 1, "content_type": 26, "object_id": "1", "object_repr": "Calendar object (1)", "action_flag": 1, "change_message": "[{\"added\": {}}, {\"added\": {\"name\": \"calendar item\", \"object\": \"CalendarItem object (1)\"}}, {\"added\": {\"name\": \"calendar item\", \"object\": \"CalendarItem object (2)\"}}, {\"added\": {\"name\": \"calendar item\", \"object\": \"CalendarItem object (3)\"}}]"}}, {"model": "admin.logentry", "pk": 19, "fields": {"action_time": "2024-03-11T19:35:26.252Z", "user": 1, "content_type": 36, "object_id": "1", "object_repr": "Calendar object (1)", "action_flag": 1, "change_message": "[{\"added\": {}}]"}}, {"model": "admin.logentry", "pk": 20, "fields": {"action_time": "2024-03-11T19:36:01.425Z", "user": 1, "content_type": 36, "object_id": "2", "object_repr": "Calendar for Hot Offers", "action_flag": 1, "change_message": "[{\"added\": {}}]"}}, {"model": "admin.logentry", "pk": 21, "fields": {"action_time": "2024-03-11T19:36:18.979Z", "user": 1, "content_type": 36, "object_id": "3", "object_repr": "Calender for page Dungeons", "action_flag": 1, "change_message": "[{\"added\": {}}]"}}, {"model": "admin.logentry", "pk": 22, "fields": {"action_time": "2024-03-11T19:36:27.399Z", "user": 1, "content_type": 26, "object_id": "2", "object_repr": "Mythic +15 Run", "action_flag": 2, "change_message": "[{\"changed\": {\"fields\": [\"Calendar\"]}}]"}}, {"model": "admin.logentry", "pk": 23, "fields": {"action_time": "2024-03-11T19:36:33.205Z", "user": 1, "content_type": 26, "object_id": "1", "object_repr": "Ny'alotha Heroic Raid Run", "action_flag": 2, "change_message": "[{\"changed\": {\"fields\": [\"Calendar\"]}}]"}}, {"model": "admin.logentry", "pk": 24, "fields": {"action_time": "2024-03-11T19:36:54.182Z", "user": 1, "content_type": 30, "object_id": "2", "object_repr": "Raids", "action_flag": 2, "change_message": "[{\"changed\": {\"fields\": [\"Calendar\"]}}]"}}, {"model": "admin.logentry", "pk": 25, "fields": {"action_time": "2024-03-13T08:22:31.625Z", "user": 1, "content_type": 19, "object_id": "6", "object_repr": "PvP Arena Rating Carry 2000-2200+", "action_flag": 2, "change_message": "[{\"changed\": {\"fields\": [\"Sale from\", \"Sale until\"]}}]"}}, {"model": "admin.logentry", "pk": 26, "fields": {"action_time": "2024-03-13T08:57:00.378Z", "user": 1, "content_type": 19, "object_id": "7", "object_repr": "World Quest Farm", "action_flag": 2, "change_message": "[{\"changed\": {\"fields\": [\"Sale percent\", \"Sale from\", \"Sale until\"]}}]"}}, {"model": "admin.logentry", "pk": 27, "fields": {"action_time": "2024-03-13T11:22:56.735Z", "user": 1, "content_type": 13, "object_id": "1", "object_repr": "HELLOWORLD", "action_flag": 1, "change_message": "[{\"added\": {}}]"}}, {"model": "admin.logentry", "pk": 28, "fields": {"action_time": "2024-03-13T11:23:19.716Z", "user": 1, "content_type": 13, "object_id": "2", "object_repr": "PYTHON", "action_flag": 1, "change_message": "[{\"added\": {}}]"}}, {"model": "admin.logentry", "pk": 29, "fields": {"action_time": "2024-03-13T11:23:39.787Z", "user": 1, "content_type": 13, "object_id": "3", "object_repr": "NINJA", "action_flag": 1, "change_message": "[{\"added\": {}}]"}}, {"model": "admin.logentry", "pk": 30, "fields": {"action_time": "2024-03-13T12:31:47.624Z", "user": 1, "content_type": 13, "object_id": "1", "object_repr": "HELLOWORLD", "action_flag": 2, "change_message": "[{\"changed\": {\"fields\": [\"From date\", \"Until date\"]}}]"}}, {"model": "admin.logentry", "pk": 31, "fields": {"action_time": "2024-03-13T18:59:41.052Z", "user": 1, "content_type": 19, "object_id": "7", "object_repr": "World Quest Farm", "action_flag": 3, "change_message": ""}}, {"model": "admin.logentry", "pk": 32, "fields": {"action_time": "2024-03-13T19:56:08.023Z", "user": 1, "content_type": 19, "object_id": "2", "object_repr": "Covenant Unlock", "action_flag": 3, "change_message": ""}}, {"model": "admin.logentry", "pk": 33, "fields": {"action_time": "2024-03-14T09:30:04.794Z", "user": 1, "content_type": 30, "object_id": "4", "object_repr": "1 Drop-down list", "action_flag": 2, "change_message": "[{\"changed\": {\"fields\": [\"Order\"]}}]"}}, {"model": "admin.logentry", "pk": 34, "fields": {"action_time": "2024-03-14T09:30:10.740Z", "user": 1, "content_type": 30, "object_id": "5", "object_repr": "2 Drop-down list", "action_flag": 2, "change_message": "[{\"changed\": {\"fields\": [\"Order\"]}}]"}}, {"model": "admin.logentry", "pk": 35, "fields": {"action_time": "2024-03-14T09:30:19.234Z", "user": 1, "content_type": 30, "object_id": "2", "object_repr": "Raids", "action_flag": 2, "change_message": "[{\"changed\": {\"fields\": [\"Order\"]}}]"}}, {"model": "admin.logentry", "pk": 36, "fields": {"action_time": "2024-03-14T09:30:24.692Z", "user": 1, "content_type": 30, "object_id": "7", "object_repr": "Additional offers", "action_flag": 2, "change_message": "[{\"changed\": {\"fields\": [\"Order\"]}}]"}}, {"model": "admin.logentry", "pk": 37, "fields": {"action_time": "2024-03-14T09:30:31.810Z", "user": 1, "content_type": 30, "object_id": "6", "object_repr": "Dungeons", "action_flag": 2, "change_message": "[{\"changed\": {\"fields\": [\"Order\"]}}]"}}, {"model": "admin.logentry", "pk": 38, "fields": {"action_time": "2024-03-14T09:30:35.991Z", "user": 1, "content_type": 30, "object_id": "1", "object_repr": "Hot offers", "action_flag": 2, "change_message": "[{\"changed\": {\"fields\": [\"Order\"]}}]"}}, {"model": "admin.logentry", "pk": 39, "fields": {"action_time": "2024-03-14T09:30:55.925Z", "user": 1, "content_type": 30, "object_id": "3", "object_repr": "Powerleveling", "action_flag": 2, "change_message": "[{\"changed\": {\"fields\": [\"Order\"]}}]"}}, {"model": "admin.logentry", "pk": 40, "fields": {"action_time": "2024-03-18T12:31:49.151Z", "user": 1, "content_type": 19, "object_id": "6", "object_repr": "PvP Arena Rating Carry 2000-2200+", "action_flag": 2, "change_message": "[{\"added\": {\"name\": \"Product Tab\", \"object\": \"ProductTabs object (1)\"}}, {\"added\": {\"name\": \"Product Tab\", \"object\": \"ProductTabs object (2)\"}}, {\"added\": {\"name\": \"Product Tab\", \"object\": \"ProductTabs object (3)\"}}, {\"added\": {\"name\": \"Product Tab\", \"object\": \"ProductTabs object (4)\"}}]"}}, {"model": "admin.logentry", "pk": 41, "fields": {"action_time": "2024-03-18T12:31:55.732Z", "user": 1, "content_type": 19, "object_id": "6", "object_repr": "PvP Arena Rating Carry 2000-2200+", "action_flag": 2, "change_message": "[]"}}, {"model": "admin.logentry", "pk": 42, "fields": {"action_time": "2024-03-18T12:32:03.991Z", "user": 1, "content_type": 19, "object_id": "6", "object_repr": "PvP Arena Rating Carry 2000-2200+", "action_flag": 2, "change_message": "[]"}}, {"model": "admin.logentry", "pk": 43, "fields": {"action_time": "2024-03-18T16:38:37.745Z", "user": 1, "content_type": 30, "object_id": "2", "object_repr": "Raids", "action_flag": 2, "change_message": "[{\"added\": {\"name\": \"Catalog Tab\", \"object\": \"CatalogTabs object (1)\"}}, {\"added\": {\"name\": \"Catalog Tab\", \"object\": \"CatalogTabs object (2)\"}}, {\"added\": {\"name\": \"Catalog Tab\", \"object\": \"CatalogTabs object (3)\"}}]"}}, {"model": "admin.logentry", "pk": 44, "fields": {"action_time": "2024-03-18T16:39:54.109Z", "user": 1, "content_type": 30, "object_id": "6", "object_repr": "Dungeons", "action_flag": 2, "change_message": "[{\"added\": {\"name\": \"Catalog Tab\", \"object\": \"CatalogTabs object (4)\"}}, {\"added\": {\"name\": \"Catalog Tab\", \"object\": \"CatalogTabs object (5)\"}}, {\"added\": {\"name\": \"Catalog Tab\", \"object\": \"CatalogTabs object (6)\"}}]"}}, {"model": "admin.logentry", "pk": 45, "fields": {"action_time": "2024-03-19T09:16:55.994Z", "user": 1, "content_type": 19, "object_id": "6", "object_repr": "PvP Arena Rating Carry 2000-2200+", "action_flag": 2, "change_message": "[{\"changed\": {\"name\": \"Product Tab\", \"object\": \"ProductTabs object (1)\", \"fields\": [\"Content\"]}}]"}}, {"model": "admin.logentry", "pk": 46, "fields": {"action_time": "2024-03-19T16:45:31.544Z", "user": 1, "content_type": 12, "object_id": "7", "object_repr": "Insta object (7)", "action_flag": 1, "change_message": "[{\"added\": {}}]"}}, {"model": "admin.logentry", "pk": 47, "fields": {"action_time": "2024-03-19T16:46:24.822Z", "user": 1, "content_type": 12, "object_id": "8", "object_repr": "Insta object (8)", "action_flag": 1, "change_message": "[{\"added\": {}}]"}}, {"model": "admin.logentry", "pk": 48, "fields": {"action_time": "2024-03-19T16:56:01.732Z", "user": 1, "content_type": 12, "object_id": "None", "object_repr": "Insta object (None)", "action_flag": 1, "change_message": "[{\"added\": {}}]"}}, {"model": "admin.logentry", "pk": 49, "fields": {"action_time": "2024-03-19T16:56:10.000Z", "user": 1, "content_type": 12, "object_id": "None", "object_repr": "Insta object (None)", "action_flag": 1, "change_message": "[{\"added\": {}}]"}}, {"model": "admin.logentry", "pk": 50, "fields": {"action_time": "2024-03-19T16:59:31.385Z", "user": 1, "content_type": 12, "object_id": "None", "object_repr": "Insta object (None)", "action_flag": 1, "change_message": "[{\"added\": {}}]"}}, {"model": "admin.logentry", "pk": 51, "fields": {"action_time": "2024-03-19T16:59:53.205Z", "user": 1, "content_type": 12, "object_id": "8", "object_repr": "Insta object (8)", "action_flag": 3, "change_message": ""}}, {"model": "admin.logentry", "pk": 52, "fields": {"action_time": "2024-03-19T16:59:53.208Z", "user": 1, "content_type": 12, "object_id": "7", "object_repr": "Insta object (7)", "action_flag": 3, "change_message": ""}}, {"model": "admin.logentry", "pk": 53, "fields": {"action_time": "2024-03-19T17:23:49.103Z", "user": 1, "content_type": 16, "object_id": "4", "object_repr": "WhyChooseUs object (4)", "action_flag": 1, "change_message": "[{\"added\": {}}]"}}, {"model": "admin.logentry", "pk": 54, "fields": {"action_time": "2024-03-19T17:24:11.599Z", "user": 1, "content_type": 16, "object_id": "None", "object_repr": "WhyChooseUs object (None)", "action_flag": 1, "change_message": "[{\"added\": {}}]"}}, {"model": "admin.logentry", "pk": 55, "fields": {"action_time": "2024-03-19T17:24:18.624Z", "user": 1, "content_type": 16, "object_id": "4", "object_repr": "WhyChooseUs object (4)", "action_flag": 3, "change_message": ""}}, {"model": "admin.logentry", "pk": 56, "fields": {"action_time": "2024-03-19T17:25:11.048Z", "user": 1, "content_type": 35, "object_id": "2", "object_repr": "Raids", "action_flag": 1, "change_message": "[{\"added\": {}}, {\"added\": {\"name\": \"Worth look item\", \"object\": \"Additional offers\"}}, {\"added\": {\"name\": \"Worth look item\", \"object\": \"Additional offers\"}}, {\"added\": {\"name\": \"Worth look item\", \"object\": \"Hot offers\"}}]"}}, {"model": "admin.logentry", "pk": 57, "fields": {"action_time": "2024-03-19T17:51:19.319Z", "user": 1, "content_type": 16, "object_id": "5", "object_repr": "WhyChooseUs object (5)", "action_flag": 1, "change_message": "[{\"added\": {}}]"}}, {"model": "admin.logentry", "pk": 58, "fields": {"action_time": "2024-03-19T17:51:27.643Z", "user": 1, "content_type": 16, "object_id": "5", "object_repr": "WhyChooseUs object (5)", "action_flag": 3, "change_message": ""}}, {"model": "admin.logentry", "pk": 59, "fields": {"action_time": "2024-03-19T18:35:48.118Z", "user": 1, "content_type": 16, "object_id": "2", "object_repr": "We only have proven produ", "action_flag": 2, "change_message": "[]"}}, {"model": "admin.logentry", "pk": 60, "fields": {"action_time": "2024-03-19T18:35:55.511Z", "user": 1, "content_type": 16, "object_id": "3", "object_repr": "Excellent experience", "action_flag": 2, "change_message": "[{\"changed\": {\"fields\": [\"Title\"]}}]"}}, {"model": "admin.logentry", "pk": 61, "fields": {"action_time": "2024-03-19T18:36:00.368Z", "user": 1, "content_type": 16, "object_id": "1", "object_repr": "We are always online", "action_flag": 2, "change_message": "[{\"changed\": {\"fields\": [\"Title\"]}}]"}}, {"model": "admin.logentry", "pk": 62, "fields": {"action_time": "2024-03-19T18:36:13.233Z", "user": 1, "content_type": 16, "object_id": "2", "object_repr": "We only", "action_flag": 2, "change_message": "[{\"changed\": {\"fields\": [\"Title\"]}}]"}}, {"model": "admin.logentry", "pk": 63, "fields": {"action_time": "2024-03-20T14:17:52.137Z", "user": 1, "content_type": 17, "object_id": "3", "object_repr": "Hearthstone Patch 17.6 Notes", "action_flag": 2, "change_message": "[{\"changed\": {\"fields\": [\"Image alt\", \"Description\"]}}]"}}, {"model": "admin.logentry", "pk": 64, "fields": {"action_time": "2024-03-20T19:28:11.202Z", "user": 1, "content_type": 16, "object_id": "2", "object_repr": "We only have proven products", "action_flag": 2, "change_message": "[{\"changed\": {\"fields\": [\"Title\", \"Description\"]}}]"}}, {"model": "admin.logentry", "pk": 65, "fields": {"action_time": "2024-03-20T19:28:26.476Z", "user": 1, "content_type": 16, "object_id": "1", "object_repr": "Excellent experience in this field", "action_flag": 2, "change_message": "[{\"changed\": {\"fields\": [\"Title\", \"Description\"]}}]"}}, {"model": "admin.logentry", "pk": 66, "fields": {"action_time": "2024-03-20T19:29:05.915Z", "user": 1, "content_type": 17, "object_id": "3", "object_repr": "Scholomance: New Hearthstone DLC Announcement", "action_flag": 2, "change_message": "[{\"changed\": {\"fields\": [\"Title\"]}}]"}}, {"model": "admin.logentry", "pk": 67, "fields": {"action_time": "2024-03-20T19:29:38.822Z", "user": 1, "content_type": 17, "object_id": "2", "object_repr": "Hearthstone Patch 17.6 Notes", "action_flag": 2, "change_message": "[{\"changed\": {\"fields\": [\"Image alt\", \"Description\"]}}]"}}, {"model": "admin.logentry", "pk": 68, "fields": {"action_time": "2024-03-20T19:30:09.370Z", "user": 1, "content_type": 17, "object_id": "1", "object_repr": "Hearthstone Patch 17.6 Notes", "action_flag": 2, "change_message": "[{\"changed\": {\"fields\": [\"Title\", \"Image alt\", \"Description\"]}}]"}}, {"model": "admin.logentry", "pk": 69, "fields": {"action_time": "2024-03-20T19:30:50.967Z", "user": 1, "content_type": 17, "object_id": "4", "object_repr": "Scholomance: New Hearthstone DLC Announcement", "action_flag": 1, "change_message": "[{\"added\": {}}]"}}, {"model": "admin.logentry", "pk": 70, "fields": {"action_time": "2024-03-20T19:31:12.328Z", "user": 1, "content_type": 17, "object_id": "5", "object_repr": "Scholomance: New Hearthstone DLC Announcement", "action_flag": 1, "change_message": "[{\"added\": {}}]"}}, {"model": "admin.logentry", "pk": 71, "fields": {"action_time": "2024-03-20T19:31:36.640Z", "user": 1, "content_type": 17, "object_id": "6", "object_repr": "Hearthstone Patch 17.6 Notes", "action_flag": 1, "change_message": "[{\"added\": {}}]"}}, {"model": "admin.logentry", "pk": 72, "fields": {"action_time": "2024-03-20T19:32:37.476Z", "user": 1, "content_type": 14, "object_id": "6", "object_repr": "Mister Coach", "action_flag": 2, "change_message": "[{\"changed\": {\"fields\": [\"Comment\"]}}]"}}, {"model": "admin.logentry", "pk": 73, "fields": {"action_time": "2024-03-20T19:32:55.956Z", "user": 1, "content_type": 14, "object_id": "2", "object_repr": "Pit Malurk", "action_flag": 2, "change_message": "[{\"changed\": {\"fields\": [\"Comment\"]}}]"}}, {"model": "admin.logentry", "pk": 74, "fields": {"action_time": "2024-03-20T19:32:59.605Z", "user": 1, "content_type": 14, "object_id": "2", "object_repr": "Pit Malurk", "action_flag": 2, "change_message": "[]"}}, {"model": "admin.logentry", "pk": 75, "fields": {"action_time": "2024-03-20T19:33:07.361Z", "user": 1, "content_type": 14, "object_id": "1", "object_repr": "John Smith", "action_flag": 2, "change_message": "[{\"changed\": {\"fields\": [\"Comment\"]}}]"}}, {"model": "admin.logentry", "pk": 76, "fields": {"action_time": "2024-03-20T19:33:18.783Z", "user": 1, "content_type": 14, "object_id": "3", "object_repr": "Sebastian Loo", "action_flag": 2, "change_message": "[{\"changed\": {\"fields\": [\"Comment\"]}}]"}}, {"model": "auth.permission", "pk": 1, "fields": {"name": "Can add log entry", "content_type": 1, "codename": "add_logentry"}}, {"model": "auth.permission", "pk": 2, "fields": {"name": "Can change log entry", "content_type": 1, "codename": "change_logentry"}}, {"model": "auth.permission", "pk": 3, "fields": {"name": "Can delete log entry", "content_type": 1, "codename": "delete_logentry"}}, {"model": "auth.permission", "pk": 4, "fields": {"name": "Can view log entry", "content_type": 1, "codename": "view_logentry"}}, {"model": "auth.permission", "pk": 5, "fields": {"name": "Can add permission", "content_type": 2, "codename": "add_permission"}}, {"model": "auth.permission", "pk": 6, "fields": {"name": "Can change permission", "content_type": 2, "codename": "change_permission"}}, {"model": "auth.permission", "pk": 7, "fields": {"name": "Can delete permission", "content_type": 2, "codename": "delete_permission"}}, {"model": "auth.permission", "pk": 8, "fields": {"name": "Can view permission", "content_type": 2, "codename": "view_permission"}}, {"model": "auth.permission", "pk": 9, "fields": {"name": "Can add group", "content_type": 3, "codename": "add_group"}}, {"model": "auth.permission", "pk": 10, "fields": {"name": "Can change group", "content_type": 3, "codename": "change_group"}}, {"model": "auth.permission", "pk": 11, "fields": {"name": "Can delete group", "content_type": 3, "codename": "delete_group"}}, {"model": "auth.permission", "pk": 12, "fields": {"name": "Can view group", "content_type": 3, "codename": "view_group"}}, {"model": "auth.permission", "pk": 13, "fields": {"name": "Can add content type", "content_type": 4, "codename": "add_contenttype"}}, {"model": "auth.permission", "pk": 14, "fields": {"name": "Can change content type", "content_type": 4, "codename": "change_contenttype"}}, {"model": "auth.permission", "pk": 15, "fields": {"name": "Can delete content type", "content_type": 4, "codename": "delete_contenttype"}}, {"model": "auth.permission", "pk": 16, "fields": {"name": "Can view content type", "content_type": 4, "codename": "view_contenttype"}}, {"model": "auth.permission", "pk": 17, "fields": {"name": "Can add session", "content_type": 5, "codename": "add_session"}}, {"model": "auth.permission", "pk": 18, "fields": {"name": "Can change session", "content_type": 5, "codename": "change_session"}}, {"model": "auth.permission", "pk": 19, "fields": {"name": "Can delete session", "content_type": 5, "codename": "delete_session"}}, {"model": "auth.permission", "pk": 20, "fields": {"name": "Can view session", "content_type": 5, "codename": "view_session"}}, {"model": "auth.permission", "pk": 21, "fields": {"name": "Can add blacklisted token", "content_type": 6, "codename": "add_blacklistedtoken"}}, {"model": "auth.permission", "pk": 22, "fields": {"name": "Can change blacklisted token", "content_type": 6, "codename": "change_blacklistedtoken"}}, {"model": "auth.permission", "pk": 23, "fields": {"name": "Can delete blacklisted token", "content_type": 6, "codename": "delete_blacklistedtoken"}}, {"model": "auth.permission", "pk": 24, "fields": {"name": "Can view blacklisted token", "content_type": 6, "codename": "view_blacklistedtoken"}}, {"model": "auth.permission", "pk": 25, "fields": {"name": "Can add outstanding token", "content_type": 7, "codename": "add_outstandingtoken"}}, {"model": "auth.permission", "pk": 26, "fields": {"name": "Can change outstanding token", "content_type": 7, "codename": "change_outstandingtoken"}}, {"model": "auth.permission", "pk": 27, "fields": {"name": "Can delete outstanding token", "content_type": 7, "codename": "delete_outstandingtoken"}}, {"model": "auth.permission", "pk": 28, "fields": {"name": "Can view outstanding token", "content_type": 7, "codename": "view_outstandingtoken"}}, {"model": "auth.permission", "pk": 29, "fields": {"name": "Can add subscriber", "content_type": 8, "codename": "add_subscriber"}}, {"model": "auth.permission", "pk": 30, "fields": {"name": "Can change subscriber", "content_type": 8, "codename": "change_subscriber"}}, {"model": "auth.permission", "pk": 31, "fields": {"name": "Can delete subscriber", "content_type": 8, "codename": "delete_subscriber"}}, {"model": "auth.permission", "pk": 32, "fields": {"name": "Can view subscriber", "content_type": 8, "codename": "view_subscriber"}}, {"model": "auth.permission", "pk": 33, "fields": {"name": "Can add Users", "content_type": 9, "codename": "add_user"}}, {"model": "auth.permission", "pk": 34, "fields": {"name": "Can change Users", "content_type": 9, "codename": "change_user"}}, {"model": "auth.permission", "pk": 35, "fields": {"name": "Can delete Users", "content_type": 9, "codename": "delete_user"}}, {"model": "auth.permission", "pk": 36, "fields": {"name": "Can view Users", "content_type": 9, "codename": "view_user"}}, {"model": "auth.permission", "pk": 37, "fields": {"name": "Can add character", "content_type": 10, "codename": "add_character"}}, {"model": "auth.permission", "pk": 38, "fields": {"name": "Can change character", "content_type": 10, "codename": "change_character"}}, {"model": "auth.permission", "pk": 39, "fields": {"name": "Can delete character", "content_type": 10, "codename": "delete_character"}}, {"model": "auth.permission", "pk": 40, "fields": {"name": "Can view character", "content_type": 10, "codename": "view_character"}}, {"model": "auth.permission", "pk": 41, "fields": {"name": "Can add password reset token", "content_type": 11, "codename": "add_passwordresettoken"}}, {"model": "auth.permission", "pk": 42, "fields": {"name": "Can change password reset token", "content_type": 11, "codename": "change_passwordresettoken"}}, {"model": "auth.permission", "pk": 43, "fields": {"name": "Can delete password reset token", "content_type": 11, "codename": "delete_passwordresettoken"}}, {"model": "auth.permission", "pk": 44, "fields": {"name": "Can view password reset token", "content_type": 11, "codename": "view_passwordresettoken"}}, {"model": "auth.permission", "pk": 45, "fields": {"name": "Can add Insta", "content_type": 12, "codename": "add_insta"}}, {"model": "auth.permission", "pk": 46, "fields": {"name": "Can change Insta", "content_type": 12, "codename": "change_insta"}}, {"model": "auth.permission", "pk": 47, "fields": {"name": "Can delete Insta", "content_type": 12, "codename": "delete_insta"}}, {"model": "auth.permission", "pk": 48, "fields": {"name": "Can view Insta", "content_type": 12, "codename": "view_insta"}}, {"model": "auth.permission", "pk": 49, "fields": {"name": "Can add Promo codes", "content_type": 13, "codename": "add_promocode"}}, {"model": "auth.permission", "pk": 50, "fields": {"name": "Can change Promo codes", "content_type": 13, "codename": "change_promocode"}}, {"model": "auth.permission", "pk": 51, "fields": {"name": "Can delete Promo codes", "content_type": 13, "codename": "delete_promocode"}}, {"model": "auth.permission", "pk": 52, "fields": {"name": "Can view Promo codes", "content_type": 13, "codename": "view_promocode"}}, {"model": "auth.permission", "pk": 53, "fields": {"name": "Can add Review", "content_type": 14, "codename": "add_review"}}, {"model": "auth.permission", "pk": 54, "fields": {"name": "Can change Review", "content_type": 14, "codename": "change_review"}}, {"model": "auth.permission", "pk": 55, "fields": {"name": "Can delete Review", "content_type": 14, "codename": "delete_review"}}, {"model": "auth.permission", "pk": 56, "fields": {"name": "Can view Review", "content_type": 14, "codename": "view_review"}}, {"model": "auth.permission", "pk": 57, "fields": {"name": "Can add Settings", "content_type": 15, "codename": "add_setting"}}, {"model": "auth.permission", "pk": 58, "fields": {"name": "Can change Settings", "content_type": 15, "codename": "change_setting"}}, {"model": "auth.permission", "pk": 59, "fields": {"name": "Can delete Settings", "content_type": 15, "codename": "delete_setting"}}, {"model": "auth.permission", "pk": 60, "fields": {"name": "Can view Settings", "content_type": 15, "codename": "view_setting"}}, {"model": "auth.permission", "pk": 61, "fields": {"name": "Can add WhyChooseUs", "content_type": 16, "codename": "add_whychooseus"}}, {"model": "auth.permission", "pk": 62, "fields": {"name": "Can change WhyChooseUs", "content_type": 16, "codename": "change_whychooseus"}}, {"model": "auth.permission", "pk": 63, "fields": {"name": "Can delete WhyChooseUs", "content_type": 16, "codename": "delete_whychooseus"}}, {"model": "auth.permission", "pk": 64, "fields": {"name": "Can view WhyChooseUs", "content_type": 16, "codename": "view_whychooseus"}}, {"model": "auth.permission", "pk": 65, "fields": {"name": "Can add News", "content_type": 17, "codename": "add_news"}}, {"model": "auth.permission", "pk": 66, "fields": {"name": "Can change News", "content_type": 17, "codename": "change_news"}}, {"model": "auth.permission", "pk": 67, "fields": {"name": "Can delete News", "content_type": 17, "codename": "delete_news"}}, {"model": "auth.permission", "pk": 68, "fields": {"name": "Can view News", "content_type": 17, "codename": "view_news"}}, {"model": "auth.permission", "pk": 69, "fields": {"name": "Can add Tags", "content_type": 18, "codename": "add_tag"}}, {"model": "auth.permission", "pk": 70, "fields": {"name": "Can change Tags", "content_type": 18, "codename": "change_tag"}}, {"model": "auth.permission", "pk": 71, "fields": {"name": "Can delete Tags", "content_type": 18, "codename": "delete_tag"}}, {"model": "auth.permission", "pk": 72, "fields": {"name": "Can view Tags", "content_type": 18, "codename": "view_tag"}}, {"model": "auth.permission", "pk": 73, "fields": {"name": "Can add Products", "content_type": 19, "codename": "add_product"}}, {"model": "auth.permission", "pk": 74, "fields": {"name": "Can change Products", "content_type": 19, "codename": "change_product"}}, {"model": "auth.permission", "pk": 75, "fields": {"name": "Can delete Products", "content_type": 19, "codename": "delete_product"}}, {"model": "auth.permission", "pk": 76, "fields": {"name": "Can view Products", "content_type": 19, "codename": "view_product"}}, {"model": "auth.permission", "pk": 77, "fields": {"name": "Can add Filters", "content_type": 20, "codename": "add_filter"}}, {"model": "auth.permission", "pk": 78, "fields": {"name": "Can change Filters", "content_type": 20, "codename": "change_filter"}}, {"model": "auth.permission", "pk": 79, "fields": {"name": "Can delete Filters", "content_type": 20, "codename": "delete_filter"}}, {"model": "auth.permission", "pk": 80, "fields": {"name": "Can view Filters", "content_type": 20, "codename": "view_filter"}}, {"model": "auth.permission", "pk": 81, "fields": {"name": "Can add sub filter", "content_type": 21, "codename": "add_subfilter"}}, {"model": "auth.permission", "pk": 82, "fields": {"name": "Can change sub filter", "content_type": 21, "codename": "change_subfilter"}}, {"model": "auth.permission", "pk": 83, "fields": {"name": "Can delete sub filter", "content_type": 21, "codename": "delete_subfilter"}}, {"model": "auth.permission", "pk": 84, "fields": {"name": "Can view sub filter", "content_type": 21, "codename": "view_subfilter"}}, {"model": "auth.permission", "pk": 85, "fields": {"name": "Can add cart", "content_type": 22, "codename": "add_cart"}}, {"model": "auth.permission", "pk": 86, "fields": {"name": "Can change cart", "content_type": 22, "codename": "change_cart"}}, {"model": "auth.permission", "pk": 87, "fields": {"name": "Can delete cart", "content_type": 22, "codename": "delete_cart"}}, {"model": "auth.permission", "pk": 88, "fields": {"name": "Can view cart", "content_type": 22, "codename": "view_cart"}}, {"model": "auth.permission", "pk": 89, "fields": {"name": "Can add Orders", "content_type": 23, "codename": "add_order"}}, {"model": "auth.permission", "pk": 90, "fields": {"name": "Can change Orders", "content_type": 23, "codename": "change_order"}}, {"model": "auth.permission", "pk": 91, "fields": {"name": "Can delete Orders", "content_type": 23, "codename": "delete_order"}}, {"model": "auth.permission", "pk": 92, "fields": {"name": "Can view Orders", "content_type": 23, "codename": "view_order"}}, {"model": "auth.permission", "pk": 93, "fields": {"name": "Can add order item", "content_type": 24, "codename": "add_orderitem"}}, {"model": "auth.permission", "pk": 94, "fields": {"name": "Can change order item", "content_type": 24, "codename": "change_orderitem"}}, {"model": "auth.permission", "pk": 95, "fields": {"name": "Can delete order item", "content_type": 24, "codename": "delete_orderitem"}}, {"model": "auth.permission", "pk": 96, "fields": {"name": "Can view order item", "content_type": 24, "codename": "view_orderitem"}}, {"model": "auth.permission", "pk": 97, "fields": {"name": "Can add attribute", "content_type": 25, "codename": "add_attribute"}}, {"model": "auth.permission", "pk": 98, "fields": {"name": "Can change attribute", "content_type": 25, "codename": "change_attribute"}}, {"model": "auth.permission", "pk": 99, "fields": {"name": "Can delete attribute", "content_type": 25, "codename": "delete_attribute"}}, {"model": "auth.permission", "pk": 100, "fields": {"name": "Can view attribute", "content_type": 25, "codename": "view_attribute"}}, {"model": "auth.permission", "pk": 101, "fields": {"name": "Can add Calendars", "content_type": 26, "codename": "add_calendar"}}, {"model": "auth.permission", "pk": 102, "fields": {"name": "Can change Calendars", "content_type": 26, "codename": "change_calendar"}}, {"model": "auth.permission", "pk": 103, "fields": {"name": "Can delete Calendars", "content_type": 26, "codename": "delete_calendar"}}, {"model": "auth.permission", "pk": 104, "fields": {"name": "Can view Calendars", "content_type": 26, "codename": "view_calendar"}}, {"model": "auth.permission", "pk": 105, "fields": {"name": "Can add Games", "content_type": 27, "codename": "add_game"}}, {"model": "auth.permission", "pk": 106, "fields": {"name": "Can change Games", "content_type": 27, "codename": "change_game"}}, {"model": "auth.permission", "pk": 107, "fields": {"name": "Can delete Games", "content_type": 27, "codename": "delete_game"}}, {"model": "auth.permission", "pk": 108, "fields": {"name": "Can view Games", "content_type": 27, "codename": "view_game"}}, {"model": "auth.permission", "pk": 109, "fields": {"name": "Can add Tab", "content_type": 28, "codename": "add_tab"}}, {"model": "auth.permission", "pk": 110, "fields": {"name": "Can change Tab", "content_type": 28, "codename": "change_tab"}}, {"model": "auth.permission", "pk": 111, "fields": {"name": "Can delete Tab", "content_type": 28, "codename": "delete_tab"}}, {"model": "auth.permission", "pk": 112, "fields": {"name": "Can view Tab", "content_type": 28, "codename": "view_tab"}}, {"model": "auth.permission", "pk": 113, "fields": {"name": "Can add calendar item", "content_type": 29, "codename": "add_calendaritem"}}, {"model": "auth.permission", "pk": 114, "fields": {"name": "Can change calendar item", "content_type": 29, "codename": "change_calendaritem"}}, {"model": "auth.permission", "pk": 115, "fields": {"name": "Can delete calendar item", "content_type": 29, "codename": "delete_calendaritem"}}, {"model": "auth.permission", "pk": 116, "fields": {"name": "Can view calendar item", "content_type": 29, "codename": "view_calendaritem"}}, {"model": "auth.permission", "pk": 117, "fields": {"name": "Can add Catalog Page", "content_type": 30, "codename": "add_catalogpage"}}, {"model": "auth.permission", "pk": 118, "fields": {"name": "Can change Catalog Page", "content_type": 30, "codename": "change_catalogpage"}}, {"model": "auth.permission", "pk": 119, "fields": {"name": "Can delete Catalog Page", "content_type": 30, "codename": "delete_catalogpage"}}, {"model": "auth.permission", "pk": 120, "fields": {"name": "Can view Catalog Page", "content_type": 30, "codename": "view_catalogpage"}}, {"model": "auth.permission", "pk": 121, "fields": {"name": "Can add Tab Item", "content_type": 31, "codename": "add_tabitem"}}, {"model": "auth.permission", "pk": 122, "fields": {"name": "Can change Tab Item", "content_type": 31, "codename": "change_tabitem"}}, {"model": "auth.permission", "pk": 123, "fields": {"name": "Can delete Tab Item", "content_type": 31, "codename": "delete_tabitem"}}, {"model": "auth.permission", "pk": 124, "fields": {"name": "Can view Tab Item", "content_type": 31, "codename": "view_tabitem"}}, {"model": "auth.permission", "pk": 125, "fields": {"name": "Can add Worth look carousel", "content_type": 32, "codename": "add_worthlookcarouselitem"}}, {"model": "auth.permission", "pk": 126, "fields": {"name": "Can change Worth look carousel", "content_type": 32, "codename": "change_worthlookcarouselitem"}}, {"model": "auth.permission", "pk": 127, "fields": {"name": "Can delete Worth look carousel", "content_type": 32, "codename": "delete_worthlookcarouselitem"}}, {"model": "auth.permission", "pk": 128, "fields": {"name": "Can view Worth look carousel", "content_type": 32, "codename": "view_worthlookcarouselitem"}}, {"model": "auth.permission", "pk": 129, "fields": {"name": "Can add communication", "content_type": 33, "codename": "add_communication"}}, {"model": "auth.permission", "pk": 130, "fields": {"name": "Can change communication", "content_type": 33, "codename": "change_communication"}}, {"model": "auth.permission", "pk": 131, "fields": {"name": "Can delete communication", "content_type": 33, "codename": "delete_communication"}}, {"model": "auth.permission", "pk": 132, "fields": {"name": "Can view communication", "content_type": 33, "codename": "view_communication"}}, {"model": "auth.permission", "pk": 133, "fields": {"name": "Can add payment", "content_type": 34, "codename": "add_payment"}}, {"model": "auth.permission", "pk": 134, "fields": {"name": "Can change payment", "content_type": 34, "codename": "change_payment"}}, {"model": "auth.permission", "pk": 135, "fields": {"name": "Can delete payment", "content_type": 34, "codename": "delete_payment"}}, {"model": "auth.permission", "pk": 136, "fields": {"name": "Can view payment", "content_type": 34, "codename": "view_payment"}}, {"model": "auth.permission", "pk": 137, "fields": {"name": "Can add Worth look carousel", "content_type": 35, "codename": "add_worthlookcarousel"}}, {"model": "auth.permission", "pk": 138, "fields": {"name": "Can change Worth look carousel", "content_type": 35, "codename": "change_worthlookcarousel"}}, {"model": "auth.permission", "pk": 139, "fields": {"name": "Can delete Worth look carousel", "content_type": 35, "codename": "delete_worthlookcarousel"}}, {"model": "auth.permission", "pk": 140, "fields": {"name": "Can view Worth look carousel", "content_type": 35, "codename": "view_worthlookcarousel"}}, {"model": "auth.permission", "pk": 141, "fields": {"name": "Can add Worth look", "content_type": 35, "codename": "add_worthlook"}}, {"model": "auth.permission", "pk": 142, "fields": {"name": "Can change Worth look", "content_type": 35, "codename": "change_worthlook"}}, {"model": "auth.permission", "pk": 143, "fields": {"name": "Can delete Worth look", "content_type": 35, "codename": "delete_worthlook"}}, {"model": "auth.permission", "pk": 144, "fields": {"name": "Can view Worth look", "content_type": 35, "codename": "view_worthlook"}}, {"model": "auth.permission", "pk": 145, "fields": {"name": "Can add Worth look item", "content_type": 32, "codename": "add_worthlookitem"}}, {"model": "auth.permission", "pk": 146, "fields": {"name": "Can change Worth look item", "content_type": 32, "codename": "change_worthlookitem"}}, {"model": "auth.permission", "pk": 147, "fields": {"name": "Can delete Worth look item", "content_type": 32, "codename": "delete_worthlookitem"}}, {"model": "auth.permission", "pk": 148, "fields": {"name": "Can view Worth look item", "content_type": 32, "codename": "view_worthlookitem"}}, {"model": "auth.permission", "pk": 149, "fields": {"name": "Can add Calendars", "content_type": 26, "codename": "add_calendarblock"}}, {"model": "auth.permission", "pk": 150, "fields": {"name": "Can change Calendars", "content_type": 26, "codename": "change_calendarblock"}}, {"model": "auth.permission", "pk": 151, "fields": {"name": "Can delete Calendars", "content_type": 26, "codename": "delete_calendarblock"}}, {"model": "auth.permission", "pk": 152, "fields": {"name": "Can view Calendars", "content_type": 26, "codename": "view_calendarblock"}}, {"model": "auth.permission", "pk": 153, "fields": {"name": "Can add calendar block item", "content_type": 29, "codename": "add_calendarblockitem"}}, {"model": "auth.permission", "pk": 154, "fields": {"name": "Can change calendar block item", "content_type": 29, "codename": "change_calendarblockitem"}}, {"model": "auth.permission", "pk": 155, "fields": {"name": "Can delete calendar block item", "content_type": 29, "codename": "delete_calendarblockitem"}}, {"model": "auth.permission", "pk": 156, "fields": {"name": "Can view calendar block item", "content_type": 29, "codename": "view_calendarblockitem"}}, {"model": "auth.permission", "pk": 157, "fields": {"name": "Can add Calendar", "content_type": 36, "codename": "add_calendar"}}, {"model": "auth.permission", "pk": 158, "fields": {"name": "Can change Calendar", "content_type": 36, "codename": "change_calendar"}}, {"model": "auth.permission", "pk": 159, "fields": {"name": "Can delete Calendar", "content_type": 36, "codename": "delete_calendar"}}, {"model": "auth.permission", "pk": 160, "fields": {"name": "Can view Calendar", "content_type": 36, "codename": "view_calendar"}}, {"model": "auth.permission", "pk": 161, "fields": {"name": "Can add cart item", "content_type": 24, "codename": "add_cartitem"}}, {"model": "auth.permission", "pk": 162, "fields": {"name": "Can change cart item", "content_type": 24, "codename": "change_cartitem"}}, {"model": "auth.permission", "pk": 163, "fields": {"name": "Can delete cart item", "content_type": 24, "codename": "delete_cartitem"}}, {"model": "auth.permission", "pk": 164, "fields": {"name": "Can view cart item", "content_type": 24, "codename": "view_cartitem"}}, {"model": "auth.permission", "pk": 165, "fields": {"name": "Can add order item", "content_type": 37, "codename": "add_orderitem"}}, {"model": "auth.permission", "pk": 166, "fields": {"name": "Can change order item", "content_type": 37, "codename": "change_orderitem"}}, {"model": "auth.permission", "pk": 167, "fields": {"name": "Can delete order item", "content_type": 37, "codename": "delete_orderitem"}}, {"model": "auth.permission", "pk": 168, "fields": {"name": "Can view order item", "content_type": 37, "codename": "view_orderitem"}}, {"model": "auth.permission", "pk": 169, "fields": {"name": "Can add order item", "content_type": 38, "codename": "add_orderitem"}}, {"model": "auth.permission", "pk": 170, "fields": {"name": "Can change order item", "content_type": 38, "codename": "change_orderitem"}}, {"model": "auth.permission", "pk": 171, "fields": {"name": "Can delete order item", "content_type": 38, "codename": "delete_orderitem"}}, {"model": "auth.permission", "pk": 172, "fields": {"name": "Can view order item", "content_type": 38, "codename": "view_orderitem"}}, {"model": "auth.permission", "pk": 173, "fields": {"name": "Can add email address", "content_type": 39, "codename": "add_emailaddress"}}, {"model": "auth.permission", "pk": 174, "fields": {"name": "Can change email address", "content_type": 39, "codename": "change_emailaddress"}}, {"model": "auth.permission", "pk": 175, "fields": {"name": "Can delete email address", "content_type": 39, "codename": "delete_emailaddress"}}, {"model": "auth.permission", "pk": 176, "fields": {"name": "Can view email address", "content_type": 39, "codename": "view_emailaddress"}}, {"model": "auth.permission", "pk": 177, "fields": {"name": "Can add email confirmation", "content_type": 40, "codename": "add_emailconfirmation"}}, {"model": "auth.permission", "pk": 178, "fields": {"name": "Can change email confirmation", "content_type": 40, "codename": "change_emailconfirmation"}}, {"model": "auth.permission", "pk": 179, "fields": {"name": "Can delete email confirmation", "content_type": 40, "codename": "delete_emailconfirmation"}}, {"model": "auth.permission", "pk": 180, "fields": {"name": "Can view email confirmation", "content_type": 40, "codename": "view_emailconfirmation"}}, {"model": "auth.permission", "pk": 181, "fields": {"name": "Can add social account", "content_type": 41, "codename": "add_socialaccount"}}, {"model": "auth.permission", "pk": 182, "fields": {"name": "Can change social account", "content_type": 41, "codename": "change_socialaccount"}}, {"model": "auth.permission", "pk": 183, "fields": {"name": "Can delete social account", "content_type": 41, "codename": "delete_socialaccount"}}, {"model": "auth.permission", "pk": 184, "fields": {"name": "Can view social account", "content_type": 41, "codename": "view_socialaccount"}}, {"model": "auth.permission", "pk": 185, "fields": {"name": "Can add social application", "content_type": 42, "codename": "add_socialapp"}}, {"model": "auth.permission", "pk": 186, "fields": {"name": "Can change social application", "content_type": 42, "codename": "change_socialapp"}}, {"model": "auth.permission", "pk": 187, "fields": {"name": "Can delete social application", "content_type": 42, "codename": "delete_socialapp"}}, {"model": "auth.permission", "pk": 188, "fields": {"name": "Can view social application", "content_type": 42, "codename": "view_socialapp"}}, {"model": "auth.permission", "pk": 189, "fields": {"name": "Can add social application token", "content_type": 43, "codename": "add_socialtoken"}}, {"model": "auth.permission", "pk": 190, "fields": {"name": "Can change social application token", "content_type": 43, "codename": "change_socialtoken"}}, {"model": "auth.permission", "pk": 191, "fields": {"name": "Can delete social application token", "content_type": 43, "codename": "delete_socialtoken"}}, {"model": "auth.permission", "pk": 192, "fields": {"name": "Can view social application token", "content_type": 43, "codename": "view_socialtoken"}}, {"model": "auth.permission", "pk": 193, "fields": {"name": "Can add Product Tab", "content_type": 44, "codename": "add_producttabs"}}, {"model": "auth.permission", "pk": 194, "fields": {"name": "Can change Product Tab", "content_type": 44, "codename": "change_producttabs"}}, {"model": "auth.permission", "pk": 195, "fields": {"name": "Can delete Product Tab", "content_type": 44, "codename": "delete_producttabs"}}, {"model": "auth.permission", "pk": 196, "fields": {"name": "Can view Product Tab", "content_type": 44, "codename": "view_producttabs"}}, {"model": "auth.permission", "pk": 197, "fields": {"name": "Can add Catalog Tab", "content_type": 45, "codename": "add_catalogtabs"}}, {"model": "auth.permission", "pk": 198, "fields": {"name": "Can change Catalog Tab", "content_type": 45, "codename": "change_catalogtabs"}}, {"model": "auth.permission", "pk": 199, "fields": {"name": "Can delete Catalog Tab", "content_type": 45, "codename": "delete_catalogtabs"}}, {"model": "auth.permission", "pk": 200, "fields": {"name": "Can view Catalog Tab", "content_type": 45, "codename": "view_catalogtabs"}}, {"model": "contenttypes.contenttype", "pk": 1, "fields": {"app_label": "admin", "model": "logentry"}}, {"model": "contenttypes.contenttype", "pk": 2, "fields": {"app_label": "auth", "model": "permission"}}, {"model": "contenttypes.contenttype", "pk": 3, "fields": {"app_label": "auth", "model": "group"}}, {"model": "contenttypes.contenttype", "pk": 4, "fields": {"app_label": "contenttypes", "model": "contenttype"}}, {"model": "contenttypes.contenttype", "pk": 5, "fields": {"app_label": "sessions", "model": "session"}}, {"model": "contenttypes.contenttype", "pk": 6, "fields": {"app_label": "token_blacklist", "model": "blacklistedtoken"}}, {"model": "contenttypes.contenttype", "pk": 7, "fields": {"app_label": "token_blacklist", "model": "outstandingtoken"}}, {"model": "contenttypes.contenttype", "pk": 8, "fields": {"app_label": "users", "model": "subscriber"}}, {"model": "contenttypes.contenttype", "pk": 9, "fields": {"app_label": "users", "model": "user"}}, {"model": "contenttypes.contenttype", "pk": 10, "fields": {"app_label": "users", "model": "character"}}, {"model": "contenttypes.contenttype", "pk": 11, "fields": {"app_label": "users", "model": "passwordresettoken"}}, {"model": "contenttypes.contenttype", "pk": 12, "fields": {"app_label": "main", "model": "insta"}}, {"model": "contenttypes.contenttype", "pk": 13, "fields": {"app_label": "main", "model": "promocode"}}, {"model": "contenttypes.contenttype", "pk": 14, "fields": {"app_label": "main", "model": "review"}}, {"model": "contenttypes.contenttype", "pk": 15, "fields": {"app_label": "main", "model": "setting"}}, {"model": "contenttypes.contenttype", "pk": 16, "fields": {"app_label": "main", "model": "whychooseus"}}, {"model": "contenttypes.contenttype", "pk": 17, "fields": {"app_label": "main", "model": "news"}}, {"model": "contenttypes.contenttype", "pk": 18, "fields": {"app_label": "products", "model": "tag"}}, {"model": "contenttypes.contenttype", "pk": 19, "fields": {"app_label": "products", "model": "product"}}, {"model": "contenttypes.contenttype", "pk": 20, "fields": {"app_label": "products", "model": "filter"}}, {"model": "contenttypes.contenttype", "pk": 21, "fields": {"app_label": "products", "model": "subfilter"}}, {"model": "contenttypes.contenttype", "pk": 22, "fields": {"app_label": "orders", "model": "cart"}}, {"model": "contenttypes.contenttype", "pk": 23, "fields": {"app_label": "orders", "model": "order"}}, {"model": "contenttypes.contenttype", "pk": 24, "fields": {"app_label": "orders", "model": "cartitem"}}, {"model": "contenttypes.contenttype", "pk": 25, "fields": {"app_label": "orders", "model": "attribute"}}, {"model": "contenttypes.contenttype", "pk": 26, "fields": {"app_label": "games", "model": "calendarblock"}}, {"model": "contenttypes.contenttype", "pk": 27, "fields": {"app_label": "games", "model": "game"}}, {"model": "contenttypes.contenttype", "pk": 28, "fields": {"app_label": "games", "model": "tab"}}, {"model": "contenttypes.contenttype", "pk": 29, "fields": {"app_label": "games", "model": "calendarblockitem"}}, {"model": "contenttypes.contenttype", "pk": 30, "fields": {"app_label": "games", "model": "catalogpage"}}, {"model": "contenttypes.contenttype", "pk": 31, "fields": {"app_label": "games", "model": "tabitem"}}, {"model": "contenttypes.contenttype", "pk": 32, "fields": {"app_label": "games", "model": "worthlookitem"}}, {"model": "contenttypes.contenttype", "pk": 33, "fields": {"app_label": "users", "model": "communication"}}, {"model": "contenttypes.contenttype", "pk": 34, "fields": {"app_label": "users", "model": "payment"}}, {"model": "contenttypes.contenttype", "pk": 35, "fields": {"app_label": "games", "model": "worthlook"}}, {"model": "contenttypes.contenttype", "pk": 36, "fields": {"app_label": "games", "model": "calendar"}}, {"model": "contenttypes.contenttype", "pk": 37, "fields": {"app_label": "orders", "model": "orderitem"}}, {"model": "contenttypes.contenttype", "pk": 38, "fields": {"app_label": "main", "model": "orderitem"}}, {"model": "contenttypes.contenttype", "pk": 39, "fields": {"app_label": "account", "model": "emailaddress"}}, {"model": "contenttypes.contenttype", "pk": 40, "fields": {"app_label": "account", "model": "emailconfirmation"}}, {"model": "contenttypes.contenttype", "pk": 41, "fields": {"app_label": "socialaccount", "model": "socialaccount"}}, {"model": "contenttypes.contenttype", "pk": 42, "fields": {"app_label": "socialaccount", "model": "socialapp"}}, {"model": "contenttypes.contenttype", "pk": 43, "fields": {"app_label": "socialaccount", "model": "socialtoken"}}, {"model": "contenttypes.contenttype", "pk": 44, "fields": {"app_label": "products", "model": "producttabs"}}, {"model": "contenttypes.contenttype", "pk": 45, "fields": {"app_label": "games", "model": "catalogtabs"}}, {"model": "sessions.session", "pk": "fjarnh50l5cpwad4p3jjpsj9yrfxtpar", "fields": {"session_data": ".eJxVjEEOwiAQRe_C2pDCIFNcuvcMZGBAqgaS0q6Md7dNutDtf-_9t_C0LsWvPc1-YnERSpx-t0DxmeoO-EH13mRsdZmnIHdFHrTLW-P0uh7u30GhXrYaI7I2oA2rCKQykwsWRzIj6HN2hKBgsDgYG3UCxMGhCqDShnNODOLzBchINxE:1rkS19:wDEvLsiGaY1Snkee34bcJVJzs1Psatuc3qhAnPiQR_0", "expire_date": "2024-03-27T17:03:51.968Z"}}, {"model": "sessions.session", "pk": "q6vculh39rj4y12dpxveo6sg8dpyw7wg", "fields": {"session_data": "e30:1rlAB3:TIfct7ilLK5LlTcHjqcT9BzPAWO3k7zmwTfC6XqBKRU", "expire_date": "2024-03-29T16:13:01.099Z"}}, {"model": "sessions.session", "pk": "uyememuckevdy8dt28gi05wl08z9dunf", "fields": {"session_data": ".eJxVjEEOwiAQRe_C2pDCIFNcuvcMZGBAqgaS0q6Md7dNutDtf-_9t_C0LsWvPc1-YnERSpx-t0DxmeoO-EH13mRsdZmnIHdFHrTLW-P0uh7u30GhXrYaI7I2oA2rCKQykwsWRzIj6HN2hKBgsDgYG3UCxMGhCqDShnNODOLzBchINxE:1rmyGy:9_F8v9nMRkX0nXCo6B-rOFbuFRe904ZAG5VUzn2QPuc", "expire_date": "2024-04-03T15:54:36.533Z"}}, {"model": "token_blacklist.outstandingtoken", "pk": 1, "fields": {"user": 1, "jti": "d5073fdcafb14cfd857ca8d2fbdfafb6", "token": "eyJhbGciOiJIUzI1NiIsInR5cCI6IkpXVCJ9.eyJ0b2tlbl90eXBlIjoicmVmcmVzaCIsImV4cCI6MTcwOTk3MTg3NywiaWF0IjoxNzA5ODg1NDc3LCJqdGkiOiJkNTA3M2ZkY2FmYjE0Y2ZkODU3Y2E4ZDJmYmRmYWZiNiIsInVzZXJfaWQiOjF9.Ny3_lm9uknwar_RhuDEzEJsccWvUtOug36Qt2QnjMZM", "created_at": "2024-03-08T08:11:17.233Z", "expires_at": "2024-03-09T08:11:17Z"}}, {"model": "token_blacklist.outstandingtoken", "pk": 2, "fields": {"user": 1, "jti": "08a1e33f6db741bba1d7c0cc49dae916", "token": "eyJhbGciOiJIUzI1NiIsInR5cCI6IkpXVCJ9.eyJ0b2tlbl90eXBlIjoicmVmcmVzaCIsImV4cCI6MTcwOTk3MjU0OSwiaWF0IjoxNzA5ODg2MTQ5LCJqdGkiOiIwOGExZTMzZjZkYjc0MWJiYTFkN2MwY2M0OWRhZTkxNiIsInVzZXJfaWQiOjF9.csL9xxNzvf5qBVhQN_nvXdqIo0TMcUGdkDYjpoBA3ig", "created_at": "2024-03-08T08:22:29.330Z", "expires_at": "2024-03-09T08:22:29Z"}}, {"model": "token_blacklist.outstandingtoken", "pk": 3, "fields": {"user": 1, "jti": "9e18fbfad1a5491cbbcea9f3f88e39a9", "token": "eyJhbGciOiJIUzI1NiIsInR5cCI6IkpXVCJ9.eyJ0b2tlbl90eXBlIjoicmVmcmVzaCIsImV4cCI6MTcwOTk3MzQzMSwiaWF0IjoxNzA5ODg3MDMxLCJqdGkiOiI5ZTE4ZmJmYWQxYTU0OTFjYmJjZWE5ZjNmODhlMzlhOSIsInVzZXJfaWQiOjF9.zZoD3xlah64mVKOXuM-UcyPLHRlVw5sjdDBnC8lPAeg", "created_at": "2024-03-08T08:37:11.522Z", "expires_at": "2024-03-09T08:37:11Z"}}, {"model": "token_blacklist.outstandingtoken", "pk": 4, "fields": {"user": 1, "jti": "6bd1a0be53d24b37b275e69dd2d82374", "token": "eyJhbGciOiJIUzI1NiIsInR5cCI6IkpXVCJ9.eyJ0b2tlbl90eXBlIjoicmVmcmVzaCIsImV4cCI6MTcwOTk3MzgyNiwiaWF0IjoxNzA5ODg3NDI2LCJqdGkiOiI2YmQxYTBiZTUzZDI0YjM3YjI3NWU2OWRkMmQ4MjM3NCIsInVzZXJfaWQiOjF9.4bfUp_i9jBrglZUf8wqRQqy22Mr6a9_rTPopV2yGgvw", "created_at": "2024-03-08T08:43:46.591Z", "expires_at": "2024-03-09T08:43:46Z"}}, {"model": "token_blacklist.outstandingtoken", "pk": 5, "fields": {"user": 1, "jti": "aaf6fdcbe3cd4d7bb20430dc107b3dc5", "token": "eyJhbGciOiJIUzI1NiIsInR5cCI6IkpXVCJ9.eyJ0b2tlbl90eXBlIjoicmVmcmVzaCIsImV4cCI6MTcxMDMyMDEwMywiaWF0IjoxNzA5ODg4MTAzLCJqdGkiOiJhYWY2ZmRjYmUzY2Q0ZDdiYjIwNDMwZGMxMDdiM2RjNSIsInVzZXJfaWQiOjF9.QqKfU6wlgeo-V8qqo2I7HmXBDQL4XQzP5u-xS5Cr7-0", "created_at": "2024-03-08T08:55:03.922Z", "expires_at": "2024-03-13T08:55:03Z"}}, {"model": "token_blacklist.outstandingtoken", "pk": 6, "fields": {"user": 1, "jti": "cfe7441c01e149119b0f86c6cf6cbaff", "token": "eyJhbGciOiJIUzI1NiIsInR5cCI6IkpXVCJ9.eyJ0b2tlbl90eXBlIjoicmVmcmVzaCIsImV4cCI6MTcxMDMyMzM1MCwiaWF0IjoxNzA5ODkxMzUwLCJqdGkiOiJjZmU3NDQxYzAxZTE0OTExOWIwZjg2YzZjZjZjYmFmZiIsInVzZXJfaWQiOjF9.oJ-TPWdbqTJqApcsvsroPfllaLsquABK7Bj7qMBKwrg", "created_at": "2024-03-08T09:49:10.566Z", "expires_at": "2024-03-13T09:49:10Z"}}, {"model": "token_blacklist.outstandingtoken", "pk": 7, "fields": {"user": 1, "jti": "56f010dd1c5c4317a652ab23b7d33ebb", "token": "eyJhbGciOiJIUzI1NiIsInR5cCI6IkpXVCJ9.eyJ0b2tlbl90eXBlIjoicmVmcmVzaCIsImV4cCI6MTcxMDM0MjE0MCwiaWF0IjoxNzA5OTEwMTQwLCJqdGkiOiI1NmYwMTBkZDFjNWM0MzE3YTY1MmFiMjNiN2QzM2ViYiIsInVzZXJfaWQiOjF9.QBiklXcVjzzZPkGZSW3CuFkp8Lgdt8cVkjvJLLpxfhk", "created_at": "2024-03-08T15:02:20.652Z", "expires_at": "2024-03-13T15:02:20Z"}}, {"model": "token_blacklist.outstandingtoken", "pk": 8, "fields": {"user": 1, "jti": "84b1ab854dd7459ca2e1f13731915ce2", "token": "eyJhbGciOiJIUzI1NiIsInR5cCI6IkpXVCJ9.eyJ0b2tlbl90eXBlIjoicmVmcmVzaCIsImV4cCI6MTcxMDM0NDQ1MywiaWF0IjoxNzA5OTEyNDUzLCJqdGkiOiI4NGIxYWI4NTRkZDc0NTljYTJlMWYxMzczMTkxNWNlMiIsInVzZXJfaWQiOjF9.SypGGrHNEFZ4Lv1iCWmicOTjdd0aBQS7_IA8G6tWFuc", "created_at": "2024-03-08T15:40:53.566Z", "expires_at": "2024-03-13T15:40:53Z"}}, {"model": "token_blacklist.outstandingtoken", "pk": 9, "fields": {"user": 1, "jti": "b5d0e2e78bfb46ebbbcc2e178e52e14d", "token": "eyJhbGciOiJIUzI1NiIsInR5cCI6IkpXVCJ9.eyJ0b2tlbl90eXBlIjoicmVmcmVzaCIsImV4cCI6MTcxMDUwMDk4MCwiaWF0IjoxNzEwMDY4OTgwLCJqdGkiOiJiNWQwZTJlNzhiZmI0NmViYmJjYzJlMTc4ZTUyZTE0ZCIsInVzZXJfaWQiOjF9.oKMQJSjU3f-jBLz6zp5Nqdvzo1Yb1KvEtxwa__rNT30", "created_at": "2024-03-10T11:09:40.992Z", "expires_at": "2024-03-15T11:09:40Z"}}, {"model": "token_blacklist.outstandingtoken", "pk": 10, "fields": {"user": 1, "jti": "6728d348c0ac40f8945ca687eb904d58", "token": "eyJhbGciOiJIUzI1NiIsInR5cCI6IkpXVCJ9.eyJ0b2tlbl90eXBlIjoicmVmcmVzaCIsImV4cCI6MTcxMDUwODM4MSwiaWF0IjoxNzEwMDc2MzgxLCJqdGkiOiI2NzI4ZDM0OGMwYWM0MGY4OTQ1Y2E2ODdlYjkwNGQ1OCIsInVzZXJfaWQiOjF9.Gr8lbu621e4E-V1th92pfj-1O7z4cL3zkwISNHgvZlQ", "created_at": "2024-03-10T13:13:01.579Z", "expires_at": "2024-03-15T13:13:01Z"}}, {"model": "token_blacklist.outstandingtoken", "pk": 11, "fields": {"user": 1, "jti": "86f68e1be4b44b889ac93d24f62a25c0", "token": "eyJhbGciOiJIUzI1NiIsInR5cCI6IkpXVCJ9.eyJ0b2tlbl90eXBlIjoicmVmcmVzaCIsImV4cCI6MTcxMDY3MzU0MiwiaWF0IjoxNzEwMjQxNTQyLCJqdGkiOiI4NmY2OGUxYmU0YjQ0Yjg4OWFjOTNkMjRmNjJhMjVjMCIsInVzZXJfaWQiOjF9.h-9Zt1wa0xDNdhamGdCaQRjqPuaSY3bxX_3g2-kQcmc", "created_at": "2024-03-12T11:05:42.239Z", "expires_at": "2024-03-17T11:05:42Z"}}, {"model": "token_blacklist.outstandingtoken", "pk": 12, "fields": {"user": 5, "jti": "d425003d2dd24312b2ab7d45bc4dca45", "token": "eyJhbGciOiJIUzI1NiIsInR5cCI6IkpXVCJ9.eyJ0b2tlbl90eXBlIjoicmVmcmVzaCIsImV4cCI6MTcxMDY3MzU4MSwiaWF0IjoxNzEwMjQxNTgxLCJqdGkiOiJkNDI1MDAzZDJkZDI0MzEyYjJhYjdkNDViYzRkY2E0NSIsInVzZXJfaWQiOjV9.p0-U63TuOoq4I5mY0VQojppuR4Vw-jhKA0-6Q_qsCi8", "created_at": "2024-03-12T11:06:21.701Z", "expires_at": "2024-03-17T11:06:21Z"}}, {"model": "token_blacklist.outstandingtoken", "pk": 13, "fields": {"user": 1, "jti": "c465d897a7df40fba219c2e35e88ff0e", "token": "eyJhbGciOiJIUzI1NiIsInR5cCI6IkpXVCJ9.eyJ0b2tlbl90eXBlIjoicmVmcmVzaCIsImV4cCI6MTcxMDY5NjY0NywiaWF0IjoxNzEwMjY0NjQ3LCJqdGkiOiJjNDY1ZDg5N2E3ZGY0MGZiYTIxOWMyZTM1ZTg4ZmYwZSIsInVzZXJfaWQiOjF9.vBp6vHUWK-fEdDOBthneu0W5maQKwIxbhDWyo1_IXJk", "created_at": "2024-03-12T17:30:47.126Z", "expires_at": "2024-03-17T17:30:47Z"}}, {"model": "token_blacklist.outstandingtoken", "pk": 14, "fields": {"user": 1, "jti": "359c06138899466fb4f93aa3e35377d2", "token": "eyJhbGciOiJIUzI1NiIsInR5cCI6IkpXVCJ9.eyJ0b2tlbl90eXBlIjoicmVmcmVzaCIsImV4cCI6MTcxMDc3NzgwNiwiaWF0IjoxNzEwMzQ1ODA2LCJqdGkiOiIzNTljMDYxMzg4OTk0NjZmYjRmOTNhYTNlMzUzNzdkMiIsInVzZXJfaWQiOjF9.dAOVCekNziUn8C9P9QUiAnV83OEBZd1BvnUgmLWhoH0", "created_at": "2024-03-13T16:03:26.095Z", "expires_at": "2024-03-18T16:03:26Z"}}, {"model": "token_blacklist.outstandingtoken", "pk": 15, "fields": {"user": 1, "jti": "c6c706ca1b354846833fe075bdb40804", "token": "eyJhbGciOiJIUzI1NiIsInR5cCI6IkpXVCJ9.eyJ0b2tlbl90eXBlIjoicmVmcmVzaCIsImV4cCI6MTcxMDc4MzEyMywiaWF0IjoxNzEwMzUxMTIzLCJqdGkiOiJjNmM3MDZjYTFiMzU0ODQ2ODMzZmUwNzViZGI0MDgwNCIsInVzZXJfaWQiOjF9.M-iZsndIqWDnm_GcqOm_MuO7dubns6kGtmOLiqdL0u8", "created_at": "2024-03-13T17:32:03.423Z", "expires_at": "2024-03-18T17:32:03Z"}}, {"model": "token_blacklist.outstandingtoken", "pk": 16, "fields": {"user": 1, "jti": "de6697954f384ae9b19864d8ad11ffc9", "token": "eyJhbGciOiJIUzI1NiIsInR5cCI6IkpXVCJ9.eyJ0b2tlbl90eXBlIjoicmVmcmVzaCIsImV4cCI6MTcxMjU3MTQ0MSwiaWF0IjoxNzEwNDExNDQxLCJqdGkiOiJkZTY2OTc5NTRmMzg0YWU5YjE5ODY0ZDhhZDExZmZjOSIsInVzZXJfaWQiOjF9.Kg6G1YZ4kcQm4ZxbEqHDpZLgpsVarj1KSFjpd6W-rmM", "created_at": "2024-03-14T10:17:21.228Z", "expires_at": "2024-04-08T10:17:21Z"}}, {"model": "token_blacklist.outstandingtoken", "pk": 17, "fields": {"user": 1, "jti": "b2bee23b4da24d5c903c822eb05a418b", "token": "eyJhbGciOiJIUzI1NiIsInR5cCI6IkpXVCJ9.eyJ0b2tlbl90eXBlIjoicmVmcmVzaCIsImV4cCI6MTcxMjgzODQyNSwiaWF0IjoxNzEwNjc4NDI1LCJqdGkiOiJiMmJlZTIzYjRkYTI0ZDVjOTAzYzgyMmViMDVhNDE4YiIsInVzZXJfaWQiOjF9.QnrxfLmUJKA14cdazSpNJ3AKlOlg3HF7Zz7js0sftPg", "created_at": "2024-03-17T12:27:05.260Z", "expires_at": "2024-04-11T12:27:05Z"}}, {"model": "token_blacklist.outstandingtoken", "pk": 18, "fields": {"user": 1, "jti": "6b990bdd8b3d4bfcbdc0124f4fca9dc3", "token": "eyJhbGciOiJIUzI1NiIsInR5cCI6IkpXVCJ9.eyJ0b2tlbl90eXBlIjoicmVmcmVzaCIsImV4cCI6MTcxMzA5NjE4MSwiaWF0IjoxNzEwOTM2MTgxLCJqdGkiOiI2Yjk5MGJkZDhiM2Q0YmZjYmRjMDEyNGY0ZmNhOWRjMyIsInVzZXJfaWQiOjF9.iYxEqa3AO2QajQ0L1VO7Zi7c4j0ABaWzxtXJb4liACQ", "created_at": "2024-03-20T12:03:01.756Z", "expires_at": "2024-04-14T12:03:01Z"}}, {"model": "token_blacklist.outstandingtoken", "pk": 19, "fields": {"user": 1, "jti": "d3a19c8722d84bd495c55cd80d90311a", "token": "eyJhbGciOiJIUzI1NiIsInR5cCI6IkpXVCJ9.eyJ0b2tlbl90eXBlIjoicmVmcmVzaCIsImV4cCI6MTcxMzEwOTI2MCwiaWF0IjoxNzEwOTQ5MjYwLCJqdGkiOiJkM2ExOWM4NzIyZDg0YmQ0OTVjNTVjZDgwZDkwMzExYSIsInVzZXJfaWQiOjF9.99b0wxcUWVJu9NTIuj5_nHvXb-zpU-oCndo5K9VJNkU", "created_at": "2024-03-20T15:41:00.654Z", "expires_at": "2024-04-14T15:41:00Z"}}, {"model": "token_blacklist.outstandingtoken", "pk": 20, "fields": {"user": 1, "jti": "1dc845123bfe4e59850091469fc54aaf", "token": "eyJhbGciOiJIUzI1NiIsInR5cCI6IkpXVCJ9.eyJ0b2tlbl90eXBlIjoicmVmcmVzaCIsImV4cCI6MTcxMzEwOTk5OCwiaWF0IjoxNzEwOTQ5OTk4LCJqdGkiOiIxZGM4NDUxMjNiZmU0ZTU5ODUwMDkxNDY5ZmM1NGFhZiIsInVzZXJfaWQiOjF9.nUrt8tmfGxjjuojqDdRbJEML3RcJzTpaZCQXWSv-oE8", "created_at": "2024-03-20T15:53:18.042Z", "expires_at": "2024-04-14T15:53:18Z"}}, {"model": "users.user", "pk": 1, "fields": {"password": "pbkdf2_sha256$720000$jIqGEtOZcsjnkQ3JsXIJwK$DbRb4TDsIZ+PC1bYlfkh1tY7BuQVR0lLLOjixVjLihc=", "last_login": "2024-03-17T14:18:48.852Z", "is_superuser": true, "is_staff": true, "is_active": true, "date_joined": "2024-02-26T21:08:03.183Z", "first_name": "user", "last_name": "super", "email": "user@example.com", "notify_me": true, "bonus_points": 1158, "payment_method": "Visa", "communication": "Telegram", "groups": [], "user_permissions": []}}, {"model": "users.user", "pk": 2, "fields": {"password": "pbkdf2_sha256$720000$sTf7JEk9d01DWfj0izqRls$E/FTrMV/3VnkITFhxHExFm7FUdCXyN0lUyZPeed3cWg=", "last_login": null, "is_superuser": false, "is_staff": false, "is_active": false, "date_joined": "2024-03-08T16:42:28.947Z", "first_name": null, "last_name": null, "email": "wewofi9731@artgulin.com", "notify_me": true, "bonus_points": 0, "payment_method": "PayPal", "communication": "Discord", "groups": [], "user_permissions": []}}, {"model": "users.user", "pk": 3, "fields": {"password": "pbkdf2_sha256$720000$9yQZyjUsfuDa3Rz5N4OQmn$pUhs4dCbwTgZe2KgLQowf+ViowkPR/rpol+RAVYdGDU=", "last_login": null, "is_superuser": false, "is_staff": false, "is_active": false, "date_joined": "2024-03-06T13:31:52Z", "first_name": "Jack", "last_name": "Dawkins", "email": "piwag83483@bizatop.com", "notify_me": true, "bonus_points": 0, "payment_method": "PayPal", "communication": "Telegram", "groups": [], "user_permissions": []}}, {"model": "users.user", "pk": 4, "fields": {"password": "pbkdf2_sha256$720000$MTDax0CnE0op0mJklGOGZ9$dhSmiEAFzume2mBFNi2QyZ/ZUUB2G7RSpp8lOxxKMqQ=", "last_login": null, "is_superuser": false, "is_staff": false, "is_active": true, "date_joined": "2024-03-06T13:40:59.948Z", "first_name": "", "last_name": "", "email": "pomogec533@bizatop.com", "notify_me": true, "bonus_points": 0, "payment_method": "PayPal", "communication": "Discord", "groups": [], "user_permissions": []}}, {"model": "users.user", "pk": 5, "fields": {"password": "pbkdf2_sha256$720000$9hAWXeiEdptZCA9XkDMUDH$nIwFeLGqp0HCbEzAxLJh1XsUiApokUaabk7JObKvoPE=", "last_login": null, "is_superuser": false, "is_staff": false, "is_active": true, "date_joined": "2024-03-06T18:21:03.871Z", "first_name": "", "last_name": "", "email": "sorajo8638@aersm.com", "notify_me": true, "bonus_points": 0, "payment_method": "PayPal", "communication": "Discord", "groups": [], "user_permissions": []}}, {"model": "users.user", "pk": 6, "fields": {"password": "pbkdf2_sha256$720000$qYdxkPRPXP36LeFvMumcp2$EMZZhyd61JZsuyuAE66dM+nvALRZCgxjhHBUGTwznkg=", "last_login": null, "is_superuser": false, "is_staff": false, "is_active": true, "date_joined": "2024-03-08T16:43:55.907Z", "first_name": null, "last_name": null, "email": "dirit52022@artgulin.com", "notify_me": true, "bonus_points": 0, "payment_method": "PayPal", "communication": "Discord", "groups": [], "user_permissions": []}}, {"model": "users.user", "pk": 7, "fields": {"password": "pbkdf2_sha256$720000$Q6lu0oKzyOi9YuOlcfdVuM$dXA3Tt/JoJ3SW2NN2uYiqq5bfy+mN01kgtvslshk8O8=", "last_login": null, "is_superuser": false, "is_staff": false, "is_active": false, "date_joined": "2024-03-15T12:57:02.072Z", "first_name": null, "last_name": null, "email": "user404@example.com", "notify_me": true, "bonus_points": 0, "payment_method": "PayPal", "communication": "Discord", "groups": [], "user_permissions": []}}, {"model": "users.user", "pk": 8, "fields": {"password": "pbkdf2_sha256$720000$OrKnWdYBIJMacXnis9WAXe$Tn/+X/9X6/wb1+0VMIW/umOmnIvAXhJRA7TmtiCvcKI=", "last_login": null, "is_superuser": false, "is_staff": false, "is_active": true, "date_joined": "2024-03-18T19:49:31.146Z", "first_name": null, "last_name": null, "email": "somapi1461@darkse.com", "notify_me": true, "bonus_points": 0, "payment_method": "PayPal", "communication": "Discord", "groups": [], "user_permissions": []}}, {"model": "users.user", "pk": 9, "fields": {"password": "pbkdf2_sha256$720000$PjnnuFYS5oeuORsGWEYPz2$yzwTxYUS6P7MxdzMVn35ilUu75WnI93iDj0fNhJMwIc=", "last_login": null, "is_superuser": false, "is_staff": false, "is_active": true, "date_joined": "2024-03-18T20:48:17.683Z", "first_name": null, "last_name": null, "email": "josayam162@azduan.com", "notify_me": false, "bonus_points": 0, "payment_method": "PayPal", "communication": "Discord", "groups": [], "user_permissions": []}}, {"model": "users.user", "pk": 10, "fields": {"password": "pbkdf2_sha256$720000$mBS5YUaFirFGXo4lo8k2Sd$4ncJTo55d1g/aiyGJ9V0j2vIVRB4guuRQydTdpBM+eE=", "last_login": null, "is_superuser": false, "is_staff": false, "is_active": false, "date_joined": "2024-03-20T14:27:06.681Z", "first_name": null, "last_name": null, "email": "user44@example.com", "notify_me": true, "bonus_points": 0, "payment_method": "PayPal", "communication": "Discord", "groups": [], "user_permissions": []}}, {"model": "users.character", "pk": 12, "fields": {"battle_tag": "battletag22", "name": "string", "faction": "Alliance", "additional_info": "string", "class_and_spec": "Warrior", "realm": "realm", "user": 1, "date_published": "2024-03-10T15:22:45.019Z"}}, {"model": "users.character", "pk": 14, "fields": {"battle_tag": "14char", "name": "name", "faction": "Alliance", "additional_info": "", "class_and_spec": "Warrior", "realm": "", "user": 1, "date_published": "2024-03-10T17:58:33.427Z"}}, {"model": "users.character", "pk": 15, "fields": {"battle_tag": "battle_tag", "name": "name", "faction": "Alliance", "additional_info": "", "class_and_spec": "Warrior", "realm": "", "user": 1, "date_published": "2024-03-13T16:04:04.878Z"}}, {"model": "users.passwordresettoken", "pk": 4, "fields": {"user": 8, "token": "c43var-f1354c2a642e1fbf8b9158700e86d384"}}, {"model": "users.subscriber", "pk": 1, "fields": {"email": "dhushchyn@gmail.com"}}, {"model": "users.subscriber", "pk": 16, "fields": {"email": "hushchyn507@gmail.com"}}, {"model": "users.subscriber", "pk": 17, "fields": {"email": "hushchyn@gmail.com"}}, {"model": "main.whychooseus", "pk": 1, "fields": {"icon": "1709640143.487082.png", "icon_alt": "1709153501.952924.png", "title": "Excellent experience in this field", "description": "There will be a text that Roman will come up with later, and we will replace it"}}, {"model": "main.whychooseus", "pk": 2, "fields": {"icon": "1709640149.138962.png", "icon_alt": "1709153521.483025.png", "title": "We only have proven products", "description": "There will be a text that Roman will come up with later, and we will replace it"}}, {"model": "main.whychooseus", "pk": 3, "fields": {"icon": "1709640157.755775.png", "icon_alt": "1709153547.831612.png", "title": "Excellent experience", "description": "icon alt"}}, {"model": "main.insta", "pk": 1, "fields": {"img": "1709192534.055781.png", "img_alt": "img_alt"}}, {"model": "main.insta", "pk": 2, "fields": {"img": "1709192538.990152.png", "img_alt": "img_alt"}}, {"model": "main.insta", "pk": 3, "fields": {"img": "1709192544.036028.png", "img_alt": "img_alt"}}, {"model": "main.insta", "pk": 4, "fields": {"img": "1709192550.712563.png", "img_alt": "img_alt"}}, {"model": "main.insta", "pk": 5, "fields": {"img": "1709192563.721188.png", "img_alt": "img_alt"}}, {"model": "main.insta", "pk": 6, "fields": {"img": "1709192563.721188.png", "img_alt": "img_alt"}}, {"model": "main.news", "pk": 1, "fields": {"game": 2, "title": "Hearthstone Patch 17.6 Notes", "image": "1709192420.087372.png", "image_alt": "image_alt", "description": "So damn fast and safe is well, the manager is very friendly and patient, the booster team arrives as fast as hell and literally efficiency, worthy!", "date_published": "1970-01-01"}}, {"model": "main.news", "pk": 2, "fields": {"game": 3, "title": "Hearthstone Patch 17.6 Notes", "image": "1709192450.794757.png", "image_alt": "image_alt", "description": "So damn fast and safe is well, the manager is very friendly and patient, the booster team arrives as fast as hell and literally efficiency, worthy!", "date_published": "1970-01-01"}}, {"model": "main.news", "pk": 3, "fields": {"game": 1, "title": "Scholomance: New Hearthstone DLC Announcement", "image": "1709192469.745474.png", "image_alt": "image_alt", "description": "So damn fast and safe is well, the manager is very friendly and patient, the booster team arrives as fast as hell and literally efficiency, worthy!", "date_published": "1970-01-01"}}, {"model": "main.news", "pk": 4, "fields": {"game": 3, "title": "Scholomance: New Hearthstone DLC Announcement", "image": "1710963050.962753.png", "image_alt": "image_alt", "description": "So damn fast and safe is well, the manager is very friendly and patient, the booster team arrives as fast as hell and literally efficiency, worthy!", "date_published": "2024-03-20"}}, {"model": "main.news", "pk": 5, "fields": {"game": 1, "title": "Scholomance: New Hearthstone DLC Announcement", "image": "1710963072.326651.png", "image_alt": "image_alt", "description": "So damn fast and safe is well, the manager is very friendly and patient, the booster team arrives as fast as hell and literally efficiency, worthy!", "date_published": "2024-03-20"}}, {"model": "main.news", "pk": 6, "fields": {"game": 3, "title": "Hearthstone Patch 17.6 Notes", "image": "1710963096.638297.png", "image_alt": "image_alt", "description": "So damn fast and safe is well, the manager is very friendly and patient, the booster team arrives as fast as hell and literally efficiency, worthy!", "date_published": "2024-03-20"}}, {"model": "main.review", "pk": 1, "fields": {"author": "John Smith", "comment": "Great service. The boost got me 35+ higher in greater rifts levels and got me all the gear I needed for my build. Booster who ran me was friendly and very quick.", "stars_count": 4.5, "source_of_review": "dving.net", "source_of_review_url": "https://meet.google.com/", "date_published": "2024-02-29"}}, {"model": "main.review", "pk": 2, "fields": {"author": "Pit Malurk", "comment": "So damn fast and safe is well, the manager is very friendly and patient, the booster team arrives as fast as hell and literally efficiency, worthy!", "stars_count": 5.0, "source_of_review": "dving.net", "source_of_review_url": "https://meet.google.com/", "date_published": "2024-02-29"}}, {"model": "main.review", "pk": 3, "fields": {"author": "Sebastian Loo", "comment": "For me, excellent customer service 10/10\r\nspeed response 10/10\r\nquality service 10/10\r\nwill absolutely use it again recommend ...", "stars_count": 3.0, "source_of_review": "dving.net", "source_of_review_url": "https://meet.google.com/", "date_published": "2024-02-29"}}, {"model": "main.review", "pk": 4, "fields": {"author": "David Kox", "comment": "So damn fast and safe is well, the manager is very friendly and patient, the booster team arrives as fast as hell and literally efficiency, worthy!", "stars_count": 5.0, "source_of_review": "dving.net", "source_of_review_url": "https://meet.google.com/", "date_published": "2024-02-29"}}, {"model": "main.review", "pk": 5, "fields": {"author": "Jack Dawkins", "comment": "So damn fast and safe is well, the manager is very friendly and patient, the booster team arrives as fast as hell and literally efficiency, worthy!", "stars_count": 4.0, "source_of_review": "dving.net", "source_of_review_url": "https://meet.google.com/", "date_published": "2024-02-29"}}, {"model": "main.review", "pk": 6, "fields": {"author": "Mister Coach", "comment": "So damn fast and safe is well, the manager is very friendly and patient, the booster team arrives as fast as hell and literally efficiency, worthy!", "stars_count": 4.0, "source_of_review": "dving.net", "source_of_review_url": "https://meet.google.com/", "date_published": "2024-03-04"}}, {"model": "main.setting", "pk": 1, "fields": {"instagram_nickname": "@gold_bost", "instagram_link": "https://www.youtube.com/", "facebook_link": "https://www.youtube.com/", "reddit_link": "https://www.youtube.com/", "email": "user@example.com", "discord_link": "https://www.youtube.com/", "whats_up_link": "https://www.youtube.com/", "header_top_text": "leave a trustpilot review and get an extra 10% off your next order!", "footer_bottom_text": " 2020. All rights reserved", "footer_description": "We cooperate only with qualified and experienced top world players who participate personally in each event and ready to provide you with the best boosting service and gaming experience in your favorite online games. We ensure that every customer is highly satisfied and 100% positive feedback of our work pretty much sums it up ;) Get the most relevant eu boost and power leveling.", "privacy_policy_link": "https://www.youtube.com/", "terms_of_use_link": "https://www.youtube.com/", "refund_policy_link": "https://www.youtube.com/", "address1": ", . , . , 32", "address2": ", . , . , 32", "subscribe_form_text": "Sing up to our email newsteller and get 10% DISCOUNT on your first order!", "subscribe_sale": 10}}, {"model": "main.promocode", "pk": 1, "fields": {"code": "HELLOWORLD", "from_date": "2024-03-10", "until_date": "2024-03-12", "discount": 10, "users": []}}, {"model": "main.promocode", "pk": 2, "fields": {"code": "PYTHON", "from_date": "2024-03-12", "until_date": "2025-03-13", "discount": 15, "users": [1]}}, {"model": "main.promocode", "pk": 3, "fields": {"code": "NINJA", "from_date": "2024-03-12", "until_date": "2025-03-13", "discount": 20, "users": []}}, {"model": "main.orderitem", "pk": 12, "fields": {"title": "PvP Arena Rating Carry 2000-2200+", "subtitle": "Arena PvP Coaching", "product": 6, "order": "717b370c-c49d-42bf-bae8-bacc9b6da103"}}, {"model": "main.orderitem", "pk": 13, "fields": {"title": "Covenant Unlock", "subtitle": "Heroic Raid Run", "product": null, "order": "717b370c-c49d-42bf-bae8-bacc9b6da103"}}, {"model": "main.orderitem", "pk": 14, "fields": {"title": "World of Warcraft Batlle for Azeroth", "subtitle": "Heroic Raid Run", "product": 3, "order": "717b370c-c49d-42bf-bae8-bacc9b6da103"}}, {"model": "main.orderitem", "pk": 15, "fields": {"title": "PvP Arena Rating Carry 2000-2200+", "subtitle": "Arena PvP Coaching", "product": 6, "order": "717b370c-c49d-42bf-bae8-bacc9b6da103"}}, {"model": "main.orderitem", "pk": 16, "fields": {"title": "PvP Arena Rating Carry 2000-2200+", "subtitle": "Arena PvP Coaching", "product": 6, "order": "717b370c-c49d-42bf-bae8-bacc9b6da103"}}, {"model": "main.orderitem", "pk": 17, "fields": {"title": "World of Warcraft Batlle for Azeroth", "subtitle": "Heroic Raid Run", "product": 3, "order": "1fc744a5-b0cc-41df-844e-3ea4d04989c4"}}, {"model": "main.orderitem", "pk": 18, "fields": {"title": "PvP Arena Rating Carry 2000-2200+", "subtitle": "Arena PvP Coaching", "product": 6, "order": "1fc744a5-b0cc-41df-844e-3ea4d04989c4"}}, {"model": "main.orderitem", "pk": 19, "fields": {"title": "World of Warcraft Batlle for Azeroth", "subtitle": "Heroic Raid Run", "product": 3, "order": "e846a1f7-e967-498d-bb1b-96b630b7d8ec"}}, {"model": "main.orderitem", "pk": 20, "fields": {"title": "PvP Arena Rating Carry 2000-2200+", "subtitle": "Arena PvP Coaching", "product": 6, "order": "e846a1f7-e967-498d-bb1b-96b630b7d8ec"}}, {"model": "main.orderitem", "pk": 21, "fields": {"title": "World of Warcraft Batlle for Azeroth", "subtitle": "Heroic Raid Run", "product": 3, "order": "2e49a620-8d0b-45e4-a902-f3fd6c457e4b"}}, {"model": "main.orderitem", "pk": 22, "fields": {"title": "PvP Arena Rating Carry 2000-2200+", "subtitle": "Arena PvP Coaching", "product": 6, "order": "2e49a620-8d0b-45e4-a902-f3fd6c457e4b"}}, {"model": "main.orderitem", "pk": 23, "fields": {"title": "World of Warcraft Batlle for Azeroth", "subtitle": "Heroic Raid Run", "product": 3, "order": "0e543f9e-d3b5-4c61-9725-3751d3ea2960"}}, {"model": "main.orderitem", "pk": 24, "fields": {"title": "PvP Arena Rating Carry 2000-2200+", "subtitle": "Arena PvP Coaching", "product": 6, "order": "0e543f9e-d3b5-4c61-9725-3751d3ea2960"}}, {"model": "main.orderitem", "pk": 25, "fields": {"title": "World of Warcraft Batlle for Azeroth", "subtitle": "Heroic Raid Run", "product": 3, "order": "51c8b409-65bf-43a2-b885-b5d4c182a322"}}, {"model": "main.orderitem", "pk": 26, "fields": {"title": "PvP Arena Rating Carry 2000-2200+", "subtitle": "Arena PvP Coaching", "product": 6, "order": "51c8b409-65bf-43a2-b885-b5d4c182a322"}}, {"model": "main.orderitem", "pk": 27, "fields": {"title": "World of Warcraft Batlle for Azeroth", "subtitle": "Heroic Raid Run", "product": 3, "order": "845776e9-bd13-490a-8264-cf4de479ed10"}}, {"model": "main.orderitem", "pk": 28, "fields": {"title": "PvP Arena Rating Carry 2000-2200+", "subtitle": "Arena PvP Coaching", "product": 6, "order": "845776e9-bd13-490a-8264-cf4de479ed10"}}, {"model": "main.orderitem", "pk": 29, "fields": {"title": "World of Warcraft Batlle for Azeroth", "subtitle": "Heroic Raid Run", "product": 3, "order": "64c15362-a705-4b6c-9281-a9512e2f8aa2"}}, {"model": "main.orderitem", "pk": 30, "fields": {"title": "PvP Arena Rating Carry 2000-2200+", "subtitle": "Arena PvP Coaching", "product": 6, "order": "64c15362-a705-4b6c-9281-a9512e2f8aa2"}}, {"model": "main.orderitem", "pk": 31, "fields": {"title": "World of Warcraft Batlle for Azeroth", "subtitle": "Heroic Raid Run", "product": 3, "order": "3f9503db-3dba-4bc1-9fac-d968f2a5b0d2"}}, {"model": "main.orderitem", "pk": 32, "fields": {"title": "PvP Arena Rating Carry 2000-2200+", "subtitle": "Arena PvP Coaching", "product": 6, "order": "3f9503db-3dba-4bc1-9fac-d968f2a5b0d2"}}, {"model": "main.orderitem", "pk": 33, "fields": {"title": "World of Warcraft Batlle for Azeroth", "subtitle": "Heroic Raid Run", "product": 3, "order": "e544ad5b-e4d4-401f-b8aa-e08553b544d5"}}, {"model": "main.orderitem", "pk": 34, "fields": {"title": "PvP Arena Rating Carry 2000-2200+", "subtitle": "Arena PvP Coaching", "product": 6, "order": "e544ad5b-e4d4-401f-b8aa-e08553b544d5"}}, {"model": "main.orderitem", "pk": 35, "fields": {"title": "World of Warcraft Batlle for Azeroth", "subtitle": "Heroic Raid Run", "product": 3, "order": "a6ed6f85-05ad-43ce-a112-e7d6c9c8425c"}}, {"model": "main.orderitem", "pk": 36, "fields": {"title": "PvP Arena Rating Carry 2000-2200+", "subtitle": "Arena PvP Coaching", "product": 6, "order": "a6ed6f85-05ad-43ce-a112-e7d6c9c8425c"}}, {"model": "main.orderitem", "pk": 37, "fields": {"title": "World of Warcraft Batlle for Azeroth", "subtitle": "Heroic Raid Run", "product": 3, "order": "2330eb74-9c8b-4bb3-9fee-6d068671c6ec"}}, {"model": "main.orderitem", "pk": 38, "fields": {"title": "PvP Arena Rating Carry 2000-2200+", "subtitle": "Arena PvP Coaching", "product": 6, "order": "2330eb74-9c8b-4bb3-9fee-6d068671c6ec"}}, {"model": "main.orderitem", "pk": 39, "fields": {"title": "PvP Arena Rating Carry 2000-2200+", "subtitle": "Arena PvP Coaching", "product": 6, "order": "bf4a179f-84d1-4f6c-bc5c-5c46abc5df51"}}, {"model": "main.orderitem", "pk": 40, "fields": {"title": "World of Warcraft Batlle for Azeroth", "subtitle": "Heroic Raid Run", "product": 3, "order": "bf4a179f-84d1-4f6c-bc5c-5c46abc5df51"}}, {"model": "main.orderitem", "pk": 41, "fields": {"title": "PvP Arena Rating Carry 2000-2200+", "subtitle": "Arena PvP Coaching", "product": 6, "order": "bf4a179f-84d1-4f6c-bc5c-5c46abc5df51"}}, {"model": "main.orderitem", "pk": 42, "fields": {"title": "PvP Arena Rating Carry 2000-2200+", "subtitle": "Arena PvP Coaching", "product": 6, "order": "bf4a179f-84d1-4f6c-bc5c-5c46abc5df51"}}, {"model": "main.orderitem", "pk": 43, "fields": {"title": "PvP Arena Rating Carry 2000-2200+", "subtitle": "Arena PvP Coaching", "product": 6, "order": "bf4a179f-84d1-4f6c-bc5c-5c46abc5df51"}}, {"model": "main.orderitem", "pk": 44, "fields": {"title": "Shadowlands Pathfinder Part I", "subtitle": "SL Flying Unlock Service", "product": 4, "order": "bf4a179f-84d1-4f6c-bc5c-5c46abc5df51"}}, {"model": "main.orderitem", "pk": 45, "fields": {"title": "Shadowlands Pathfinder Part I", "subtitle": "SL Flying Unlock Service", "product": 4, "order": "bf4a179f-84d1-4f6c-bc5c-5c46abc5df51"}}, {"model": "main.orderitem", "pk": 46, "fields": {"title": "Shadowlands Pathfinder Part I", "subtitle": "SL Flying Unlock Service", "product": 4, "order": "bf4a179f-84d1-4f6c-bc5c-5c46abc5df51"}}, {"model": "main.orderitem", "pk": 47, "fields": {"title": "PvP Arena Rating Carry 2000-2200+", "subtitle": "Arena PvP Coaching", "product": 6, "order": "fa8b4874-8874-465c-9f29-69d5a04362ed"}}, {"model": "main.orderitem", "pk": 48, "fields": {"title": "World of Warcraft Batlle for Azeroth", "subtitle": "Heroic Raid Run", "product": 3, "order": "fa8b4874-8874-465c-9f29-69d5a04362ed"}}, {"model": "main.orderitem", "pk": 49, "fields": {"title": "PvP Arena Rating Carry 2000-2200+", "subtitle": "Arena PvP Coaching", "product": 6, "order": "fa8b4874-8874-465c-9f29-69d5a04362ed"}}, {"model": "main.orderitem", "pk": 50, "fields": {"title": "PvP Arena Rating Carry 2000-2200+", "subtitle": "Arena PvP Coaching", "product": 6, "order": "fa8b4874-8874-465c-9f29-69d5a04362ed"}}, {"model": "main.orderitem", "pk": 51, "fields": {"title": "PvP Arena Rating Carry 2000-2200+", "subtitle": "Arena PvP Coaching", "product": 6, "order": "fa8b4874-8874-465c-9f29-69d5a04362ed"}}, {"model": "main.orderitem", "pk": 52, "fields": {"title": "Shadowlands Pathfinder Part I", "subtitle": "SL Flying Unlock Service", "product": 4, "order": "fa8b4874-8874-465c-9f29-69d5a04362ed"}}, {"model": "main.orderitem", "pk": 53, "fields": {"title": "Shadowlands Pathfinder Part I", "subtitle": "SL Flying Unlock Service", "product": 4, "order": "fa8b4874-8874-465c-9f29-69d5a04362ed"}}, {"model": "main.orderitem", "pk": 54, "fields": {"title": "Shadowlands Pathfinder Part I", "subtitle": "SL Flying Unlock Service", "product": 4, "order": "fa8b4874-8874-465c-9f29-69d5a04362ed"}}, {"model": "main.orderitem", "pk": 55, "fields": {"title": "PvP Arena Rating Carry 2000-2200+", "subtitle": "Arena PvP Coaching", "product": 6, "order": "062634f3-d870-4265-91f7-3854280bbb5d"}}, {"model": "main.orderitem", "pk": 56, "fields": {"title": "World of Warcraft Batlle for Azeroth", "subtitle": "Heroic Raid Run", "product": 3, "order": "062634f3-d870-4265-91f7-3854280bbb5d"}}, {"model": "main.orderitem", "pk": 57, "fields": {"title": "PvP Arena Rating Carry 2000-2200+", "subtitle": "Arena PvP Coaching", "product": 6, "order": "062634f3-d870-4265-91f7-3854280bbb5d"}}, {"model": "main.orderitem", "pk": 58, "fields": {"title": "PvP Arena Rating Carry 2000-2200+", "subtitle": "Arena PvP Coaching", "product": 6, "order": "062634f3-d870-4265-91f7-3854280bbb5d"}}, {"model": "main.orderitem", "pk": 59, "fields": {"title": "PvP Arena Rating Carry 2000-2200+", "subtitle": "Arena PvP Coaching", "product": 6, "order": "062634f3-d870-4265-91f7-3854280bbb5d"}}, {"model": "main.orderitem", "pk": 60, "fields": {"title": "Shadowlands Pathfinder Part I", "subtitle": "SL Flying Unlock Service", "product": 4, "order": "062634f3-d870-4265-91f7-3854280bbb5d"}}, {"model": "main.orderitem", "pk": 61, "fields": {"title": "Shadowlands Pathfinder Part I", "subtitle": "SL Flying Unlock Service", "product": 4, "order": "062634f3-d870-4265-91f7-3854280bbb5d"}}, {"model": "main.orderitem", "pk": 62, "fields": {"title": "Shadowlands Pathfinder Part I", "subtitle": "SL Flying Unlock Service", "product": 4, "order": "062634f3-d870-4265-91f7-3854280bbb5d"}}, {"model": "main.orderitem", "pk": 64, "fields": {"title": "Shadowlands Pathfinder Part I", "subtitle": "SL Flying Unlock Service", "product": 4, "order": "6f4cf431-5f08-4996-91fd-c1318d6fb27a"}}, {"model": "main.orderitem", "pk": 65, "fields": {"title": "Shadowlands Pathfinder Part I", "subtitle": "SL Flying Unlock Service", "product": 4, "order": "55d7acf5-ff12-455a-8e1b-ecf81d93743f"}}, {"model": "main.orderitem", "pk": 66, "fields": {"title": "Shadowlands Pathfinder Part I", "subtitle": "SL Flying Unlock Service", "product": 4, "order": "bc72fca4-d77b-4b5d-ae0a-5eb406a49410"}}, {"model": "main.orderitem", "pk": 67, "fields": {"title": "Shadowlands Pathfinder Part I", "subtitle": "SL Flying Unlock Service", "product": 4, "order": "05866083-b365-4aae-b7b8-ee6c93e2f8a4"}}, {"model": "main.orderitem", "pk": 68, "fields": {"title": "Shadowlands Pathfinder Part I", "subtitle": "SL Flying Unlock Service", "product": 4, "order": "4fd70a8a-fd12-4f0b-aa9d-1b7d26475ded"}}, {"model": "main.orderitem", "pk": 69, "fields": {"title": "Shadowlands Pathfinder Part I", "subtitle": "SL Flying Unlock Service", "product": 4, "order": "4dc9fc0b-5c7c-416b-bf58-e2ed8cb61490"}}, {"model": "main.orderitem", "pk": 70, "fields": {"title": "Shadowlands Pathfinder Part I", "subtitle": "SL Flying Unlock Service", "product": 4, "order": "a2f6ee3f-98ed-42f1-8274-e3408527e35e"}}, {"model": "main.orderitem", "pk": 71, "fields": {"title": "Shadowlands Pathfinder Part I", "subtitle": "SL Flying Unlock Service", "product": 4, "order": "e4df9420-8855-4fba-a2a8-b02d9dc3034c"}}, {"model": "main.orderitem", "pk": 72, "fields": {"title": "Shadowlands Pathfinder Part I", "subtitle": "SL Flying Unlock Service", "product": 4, "order": "e2fa2990-9ea2-430a-a667-ceac7e003cc9"}}, {"model": "main.orderitem", "pk": 73, "fields": {"title": "Shadowlands Pathfinder Part I", "subtitle": "SL Flying Unlock Service", "product": 4, "order": "1f4c27ee-d2a8-40ed-80ec-394e3cfada86"}}, {"model": "main.orderitem", "pk": 74, "fields": {"title": "Shadowlands Pathfinder Part I", "subtitle": "SL Flying Unlock Service", "product": 4, "order": "0117434d-f8a4-4015-b131-b56706ce107f"}}, {"model": "main.orderitem", "pk": 75, "fields": {"title": "Shadowlands Pathfinder Part I", "subtitle": "SL Flying Unlock Service", "product": 4, "order": "0805f364-1cd9-4310-891d-c50b50afe24b"}}, {"model": "main.orderitem", "pk": 76, "fields": {"title": "Shadowlands Pathfinder Part I", "subtitle": "SL Flying Unlock Service", "product": 4, "order": "38a20b6e-08b0-4c40-a0b1-76f274406351"}}, {"model": "main.orderitem", "pk": 77, "fields": {"title": "Shadowlands Pathfinder Part I", "subtitle": "SL Flying Unlock Service", "product": 4, "order": "dfed6dcd-ddbd-4009-837f-8be7776aeb30"}}, {"model": "main.orderitem", "pk": 78, "fields": {"title": "Shadowlands Pathfinder Part I", "subtitle": "SL Flying Unlock Service", "product": 4, "order": "9084c9ab-d782-4cd2-a51c-008c00b0567a"}}, {"model": "main.orderitem", "pk": 79, "fields": {"title": "Shadowlands Pathfinder Part I", "subtitle": "SL Flying Unlock Service", "product": 4, "order": "47ae9a95-e0c4-4511-b634-e35905faf091"}}, {"model": "main.orderitem", "pk": 80, "fields": {"title": "Shadowlands Pathfinder Part I", "subtitle": "SL Flying Unlock Service", "product": 4, "order": "81b66d0c-9ff3-47bf-8866-704335a318d8"}}, {"model": "main.orderitem", "pk": 81, "fields": {"title": "Shadowlands Pathfinder Part I", "subtitle": "SL Flying Unlock Service", "product": 4, "order": "ad23f05b-47ea-4f65-a7e4-157263847d41"}}, {"model": "main.orderitem", "pk": 82, "fields": {"title": "Shadowlands Pathfinder Part I", "subtitle": "SL Flying Unlock Service", "product": 4, "order": "edf23cfe-c839-46d2-99ec-95dc9338cbd4"}}, {"model": "main.orderitem", "pk": 83, "fields": {"title": "Shadowlands Pathfinder Part I", "subtitle": "SL Flying Unlock Service", "product": 4, "order": "f384c103-a465-4abc-a766-f3ca00431b26"}}, {"model": "main.orderitem", "pk": 84, "fields": {"title": "Shadowlands Pathfinder Part I", "subtitle": "SL Flying Unlock Service", "product": 4, "order": "deccf6d9-1131-41bc-9230-3bbbdf8841e7"}}, {"model": "main.orderitem", "pk": 85, "fields": {"title": "Shadowlands Pathfinder Part I", "subtitle": "SL Flying Unlock Service", "product": 4, "order": "6bfcce27-906e-431e-aa11-e39dc14e0f5e"}}, {"model": "products.product", "pk": 3, "fields": {"title": "World of Warcraft Batlle for Azeroth", "subtitle": "Heroic Raid Run", "image": "1709272600.526887.png", "image_alt": "image_alt", "card_img": "1709272600.528085.png", "card_img_alt": "card_img_alt", "description": "What is the most iconic Legion class mount in Worlds of warcraft? Of course, it is Highlord's Golden Charger. This unique Paladin class mount was introduced in Legion at the same time with the other 11 class mounts making the total count of 12. It is the original paladin steed that has the golden color.", "price": 120.0, "price_type": "fixed", "bonus_points": 12, "sale_percent": null, "sale_from": null, "sale_until": null, "bought_count": 1, "catalog_page": 5, "tag": 1}}, {"model": "products.product", "pk": 4, "fields": {"title": "Shadowlands Pathfinder Part I", "subtitle": "SL Flying Unlock Service", "image": "1709207415.888787.png", "image_alt": "image_alt", "card_img": "1709207415.890214.png", "card_img_alt": "card_img_alt", "description": "So damn fast and safe is well, the manager is very friendly and patient, the booster team arrives as fast as hell and literally efficiency, worthy!", "price": 35.0, "price_type": "fixed", "bonus_points": 0, "sale_percent": null, "sale_from": null, "sale_until": null, "bought_count": 1, "catalog_page": 2, "tag": 1}}, {"model": "products.product", "pk": 5, "fields": {"title": "Ny'alotha Raid Heroic Run", "subtitle": "Heroic Raid Run", "image": "1709272693.943682.png", "image_alt": "image_alt", "card_img": "1709272693.945344.png", "card_img_alt": "card_img_alt", "description": "What is the most iconic Legion class mount in Worlds of warcraft? Of course, it is Highlord's Golden Charger. This unique Paladin class mount was introduced in Legion at the same time with the other 11 class mounts making the total count of 12. It is the original paladin steed that has the golden color.", "price": 70.0, "price_type": "fixed", "bonus_points": 5, "sale_percent": null, "sale_from": null, "sale_until": null, "bought_count": 1, "catalog_page": 2, "tag": 1}}, {"model": "products.product", "pk": 6, "fields": {"title": "PvP Arena Rating Carry 2000-2200+", "subtitle": "Arena PvP Coaching", "image": "1709207383.806482.png", "image_alt": "image_alt", "card_img": "1709207383.807786.png", "card_img_alt": "card_img_alt", "description": "What is the most iconic Legion class mount in Worlds of warcraft? Of course, it is Highlord's Golden Charger. This unique Paladin class mount was introduced in Legion at the same time with the other 11 class mounts making the total count of 12. It is the original paladin steed that has the golden color.", "price": 200.0, "price_type": "range", "bonus_points": 15, "sale_percent": 10, "sale_from": "2024-03-12T09:07:31Z", "sale_until": "2024-03-13T22:00:00Z", "bought_count": 2, "catalog_page": 1, "tag": 1}}, {"model": "products.tag", "pk": 1, "fields": {"name": "Hot", "color": "#f63a3a"}}, {"model": "products.tag", "pk": 2, "fields": {"name": "Sale", "color": "#e9cf2c"}}, {"model": "products.tag", "pk": 3, "fields": {"name": "Limited", "color": "#fffffe"}}, {"model": "products.filter", "pk": 1, "fields": {"title": "Level", "type": "Select", "product": 6, "order": 1}}, {"model": "products.filter", "pk": 2, "fields": {"title": "Extra", "type": "CheckBox", "product": 6, "order": 2}}, {"model": "products.filter", "pk": 3, "fields": {"title": "Account Control", "type": "Radio", "product": 6, "order": 3}}, {"model": "products.filter", "pk": 12, "fields": {"title": "Runs", "type": "Slider", "product": 6, "order": 4}}, {"model": "products.subfilter", "pk": 1, "fields": {"title": "First", "price": 10.0, "filter": 1, "order": 1}}, {"model": "products.subfilter", "pk": 2, "fields": {"title": "Second", "price": 20.0, "filter": 1, "order": 2}}, {"model": "products.subfilter", "pk": 3, "fields": {"title": "Third", "price": 30.0, "filter": 1, "order": 3}}, {"model": "products.subfilter", "pk": 4, "fields": {"title": "+sword", "price": 30.0, "filter": 2, "order": 1}}, {"model": "products.subfilter", "pk": 5, "fields": {"title": "+helmet", "price": 15.0, "filter": 2, "order": 2}}, {"model": "products.subfilter", "pk": 6, "fields": {"title": "+bomb", "price": 50.0, "filter": 2, "order": 3}}, {"model": "products.subfilter", "pk": 7, "fields": {"title": "Selfplay", "price": 20.0, "filter": 3, "order": 1}}, {"model": "products.subfilter", "pk": 8, "fields": {"title": "Account sharing", "price": 9.0, "filter": 3, "order": 2}}, {"model": "products.subfilter", "pk": 9, "fields": {"title": "1", "price": 10.0, "filter": 12, "order": 1}}, {"model": "products.subfilter", "pk": 10, "fields": {"title": "2", "price": 20.0, "filter": 12, "order": 2}}, {"model": "products.subfilter", "pk": 11, "fields": {"title": "3", "price": 30.0, "filter": 12, "order": 3}}, {"model": "products.subfilter", "pk": 12, "fields": {"title": "4", "price": 40.0, "filter": 12, "order": 4}}, {"model": "products.subfilter", "pk": 13, "fields": {"title": "5", "price": 50.0, "filter": 12, "order": 5}}, {"model": "products.subfilter", "pk": 14, "fields": {"title": "6", "price": 60.0, "filter": 12, "order": 6}}, {"model": "products.subfilter", "pk": 15, "fields": {"title": "7", "price": 70.0, "filter": 12, "order": 7}}, {"model": "products.subfilter", "pk": 16, "fields": {"title": "8", "price": 80.0, "filter": 12, "order": 8}}, {"model": "products.subfilter", "pk": 17, "fields": {"title": "9", "price": 90.0, "filter": 12, "order": 9}}, {"model": "products.subfilter", "pk": 18, "fields": {"title": "10", "price": 100.0, "filter": 12, "order": 10}}, {"model": "products.producttabs", "pk": 1, "fields": {"title": "Title 1", "content": "<p><span data-metadata=\"<!--(figmeta)eyJmaWxlS2V5IjoiNzFySFVlNTJ0bU9XQUkwVVFRQVJlUCIsInBhc3RlSUQiOjIwNzE1MTIzMzMsImRhdGFUeXBlIjoic2NlbmUifQo=(/figmeta)-->\"></span><span data-buffer=\"<!--(figma)ZmlnLWtpd2kwAAAAr0YAALW9e5xkSVXgH3FvZj26+jHvFzPD+yEizovhISJZmbeqsjtfkzezembUSbIqb3UlnZVZ5s3q6WZdFxERERFQERERWUREFhERERFxRERERERERERElmVZlnVdlmVZ9/c9EXEfWd3D+s+PD9MRceLEiRMnTpw4cSLy1h949SiO+2eizoX9SKlrTjarjV7YKbU7iv81mpWgV94oNdaDkKLuhkE7V/YMdtCokPfD6nqjVCNXCDv31AIyRZPphYHQWjC4hnIvPFVt9dpBrVmSlouNZqe6dk8v3Gh2a5Vet7XeLlWk/ZLL9irNhpSXk3I7WGsH4QagI2E5aAQ9wK2N3l3doH0PwJU8sB20agI8WqmurZEeK9eqQaPTW23Te7kUCm/Hc7ydbHbbjCMQzk6EnXZQqtsaype5sh3x5dVGJ2iXyp3qJoOsVWHMioa6K9pBudloBGUGm2Mm4fDKS1cnvF5l+KGXXrVRbgd1+C3VqHVtwLi6dH4YMwF3k1fSRJe2t5lIQHBY6TUbhpAyhdPtakeY0o3JIGrt9uMINOiWOmaUINWbmyarTw/Hg+H4TPtgJDiNZuPeoN2kQjUrpl4oWE15LJUBIFVplrvCIVldLjU2SyE5b73d7LbI+GvtUl3wCqvNZi0oNXrNFkLrVJsNgMVNhtNsk1sQGZMu1qqG7FJQq1VboWSXGXgHuRqdOtIO1ru1UrvXatbuWTdEVuiqUQkqIqAU72gnuFtYOsbElAVwPLynvtoU/TxRbdBZw0CZ0Wr5lIjq8nCj1Ap6p6udjZ5re4WTt2HwyrKshdVas3yK0lWnq5V1o9dXQ6suI72mHlSqJTLXblTXN2r8J9XXhRCwg73eZXsIu10rSac3nC6FG9Veh54pPWSz1K6WVg3/N3Zc5iaT6ZWRB6WbExS3qh7K8MxaeVgpDKshE9qDcrMrdQ+/WD+DmlEmKh+REhJu2lQCfGS9WemaXh9l8depoPRoW2o3T1N4TLjb349OD2e7nej8zCrDzeFd3VI7oFbBp5s3jTjqTbNUvA6dycywuin6abHSPC2iKVxqCoutUrtUq2EmWB31XttJdGEeXAvWBLoYNNZ7lRLCKpnOl6TMcutKYVkKa1VD9YjJN2uVQGZ1pcPCC+5tmmEebbWDSrCGAlZ6rXazHISiyseYoaAm9ccTVe+FVcfjiRRU79Y61ZYBXlYvNbos2GqjZSbi8o3g7pLV1SvKG8Fm22SvbNHMga9qMmybFX0Szq5p1brS/bWlNnJPhnmdLSWyuD7s1uvw0jvZbTDPhsANRl0fEraCoLzRW+2uMskAbjTagGXDmjXbJWOlblodReNBnTUt7KBBvc4GM7EulhXb364be64rpfapQEh7bpCiur4sVNbhKuaSYqHcrDXTUtGov2mzEGJpTM4sbVpUmiwdyku2SVJcFkVEeckeCZtrnZ6hQWllo9RGrV3J2PGgHdj1eyy4u4yc7MiPb5jZPhGWOt3UxFxmeiFzea2LqJphtSNdXNHqD8dOe5fCJvoNUKFRlSrTQm/CKhCdgiQ18sC2kRUQmiq2CJifwkBySl+o1q2Yi9jXk1UyC5ssIzGni9U9ttxwuz+KrPTZM9tBp2wEv1aVcWr01fTWsXrrBzs70bbjuFDFMLXZMUssICpVpd1sZUW91sRMMpPsIKu1rjDorZbKp+ZBvqzfstkNFppoVBXlAKy6LSw0qa41T5sMLHQsDyEaUeuVSy3RzEJWYkG1y2YHKQrRSrQ9mfZnw8mYNsk+Qc/ML3Ilrxlu9VSQaZtXi/qy8XSmwz1KSRto9zYCN/O6cbC3FU274+Eshm67JENVrerdQS0ko+GavVQwvfJkHM+m2QwvMvPAldSbIel6SbZODz6c2P2wzK5PprAGxUrPtii6gsFeCGfTydmoNBqeGdMgJabYUJhYMhrL67KeRS7399HIZDwM16iGTu2lZxe0yEUG4dticFe3WmN7xtABLDidEhNmHZMi4kP5MKApaCG/6yxm+0rvVspLufJtlJdz5dspH8mV76C8kis/ifLRXPlOysfK1XY53/txO9qTk6FIpo6/0QaqVoPNQEagk4F7q5PJKOqPm/tRoiCFbsOuVMRIM9kkyeuwu4ptNnnvbrOAjb4a4W9MpsPnTMaz/ojmzjLm5hZdNlLwTnbZ3teqhsOs9WY0nQ1ZegJrtqjKNV1tdjrNOjmvPjmIo/LBNJ5MkQ/bQgnbR4Uqt5shK63aJq+DewJZeqgeJQ/vz3TVKjEUbGEZFadcwNKTFEnK1Rq5hbpYVGmyyBTjU5NbSufPFJc3WeyTaX04nQoD6Soys06qTQYLhGVkR+uICnuVfrxr7YlXZhcGpDIF18bm2PVQaDXWAamTrUBSHW5K4rUq4iH7wfn9yXR2eA35eEOYdDY/t1BUAsAXMv3rBJAuWa/WvzA5mK1PhwNLpGCXVU7iGYOeXWV+1qbVn82i6ZgqsKots0Kw0cZWazOfB7NJO4qHz4F0KiLDjpFMyodOc54060wPxttO/bxKNRQ/SGgqXG52UzI6nF0YRWHkxs7UtcOms48djgAkuox2WV3hNIKr0SjLxuJ3gnqLDdb4+YWEDMKcRakkL9pvyOpkt8Bw9LfP2mlMx7SBgb4X6RoONBslbqvJW2yj13R3kXStSL1VlExMDHnfNChPDmBo6totPFg7xO4mxy91O7JzFXKkiobUyYN4Nty5QPFBqbRKZXzPzcAeSnxbXg06p61jgJSgE9pZNAYXIKeSsHpv0Os0sTJGQHMAlI5JrtZbuPeUpAYcK43WJB7K5LKfAHKMq9IqYu/ag5BBOz0V28xewwGp1AKsXGqr8yJy0wd2Qu3wGDQoY5Ys3dpJXk6mDlNg/S45TFPW3baZuFU2ZFK/XGsaj7WAR99LvHLKxW4LfzbomWNFr91tdKrmILXAKqtUxbsxCrCYb9bDgRecpSr8Tvs5di7j3IFNMF2q0hos9YQe+xVlXW9yssdfJe/ZvK3wabUhfhn5gq3AwxC0oi0Zd34BLFxn4y0vumEvVfAxSZepOxXckzQ7QnGzaU9kK+Tt4DbMBB9NyyxDysdsF4k2HbdFzpCb0vpEZ9of23m2I7yBXZizQ6fHtsF+LAICTbG8mXfTRK8RPCD17HFmrd1Mjw9+DpRsH4UczG4UxRwk3SkWWt1ww8IcscUMktBaykCW1HIGSCkdkWO4hTlKKxkkoXQ0A1lKiCkBpJSOW0aZRJASYifmgAm9y+agluTlc7CU6hWmJwd1RK/MwxKaV+WBluTVeVBK8RpsXrWM1pr5uRaHkghMqYEpNOv0Os4OTVzMDHJ90I9Z1nbGjxMkKXdXq2UqlJBOCrrayBc9sVfWTaeFrLu0qiB4c5CibTsHW7CmPi0vhq223SeW1lFP1l0KWHaoKeCIzZkFwkq1q2NlHtg5LTbl6CHgBucmwMfC7elkNKoMp9a8wLRbY99kV0DCxmrbttimmViDaIBlm0XUB3e32CCtoS1DQTwtU9LrXbYm7cUEk+iM/KLSownuksl65ckIf0QXpmpZ6TP8423xj9/nn4J1WWh8npK+wD9eGxDYGeB+/vF3+adgKIWzyT4NtiWvnqX0vjPdINiuBGGzP1Wevy1FwTEZgb21oLxcA7/en02H55Ve2LvlFsp675ZbSby9W24j8fduFWBh71YBFvduFeBCqz/FrlfHg4h23pmD4UDdl+NiRXn20EHluf7oIKKNPjAHkBuVt4ZYG/29SGl/p783HF0AX8ey45MRzmbx9nS4P6PkCy48D/s0OdiLpsPtteGZgylzwR7vDtoKPUUByGjiEyZ4St50M9803O9vswrm2hKwwO0Qq2fKmkiIO5tegsCaaIMMME8By0sIwuTxytB/oxD51uX+foz2Z01YsOaQqkl6ScFrBRwYhXUfQC8tiaNPwFWyRUAMdp3sQo5+K5F7ni0OAvzLeQAfjIzhJzRCZnJSrCqLwKxNHUZ7kBpun46GZ3Znc0jE/2RIKUqVE8Rwew4lo8MRxewsa1F/ZibqH3WL8yhVqnxby6C40XjlVihwX0ZFagZKWnTB0wXCReJYLzbblQbpUmmtLfXLlYaxgkca3boMbQX3XwKIR9moRTTHKjY9LucC0hMcnyW9rFQyR5HLyza9grOYpFeGtnxVe9NEYa4Wi0B6TXjaBMuvLYenJb2OSRb49eWyiVzeEFof7yEbRBBJb3Te1E3NdkP4u1mEQvpQNlaR38MqHXPifvharSTjeER9vS1+xSNDdJb0UZxtpP9Hr+GKkz5mw6aP3bD9Pq5jy99yl00f37Lpt8p5jfQJtbVVKX9bs2XSJ7Y7Jv32lm1/S+tUQ+R0aw27RXobqfB5e7tTk/IdpFJ+Umm1vUl6Z2l1U8pPJhW+n7Jp6Tx1E4ZIn7ZaOy3z8x2kgvd0UsH7ztKpDRnHM8onzTn0u8prZkE9s9wy5VK52xa8VXwMKZexqpJW1iz9gFCi8LNGehvpOuntpBt0K/1VSYX+yQ07HnpbF35qG82Tojf408YxalTxYEibJ1tPfgpp62TrKULnrpOtp95C2j7ZuuUO0rB2si7tOgSpBb/LdirzsileFelpUuHj7vqpusDvadSMP3hvo3uqQ/rd7DzC1/eQhqTfu4nASe9rhR2B90gF/qz2qbaU++3WhqRb7e6qzPt2iDtOOuhYPqJOw5yUdpgmmb8zmwTmSHc3bf1w04772ZunjL6c3Wx32qQj0ttI98IQC67UmFTKE9LbSfdJ7yD9PtInkU5J7ySNSZ9MOiMVOR2QPpX0XBhi+5W6n1TonScVehdIhd5zSIXevyEVet9PKvT+LanQ+wFSoffvSIXec3UY3iYEf1CXNw2Hz5OMkPwhyQjN50tGiP6wZITqCyQjZH9EMkL3hZIRwj8qGaH8IjKG1R+TjFB+sWSE8o9LRii/RDJC+SckI5RfKhmh/DLJCOWXS0Yo/6RkhPJPkTE8/7RkhPIrJCOUf0YyQvmVkhHKPysZofwqyQjln5OMUH61ZITyz0tGKL+GzO1C+RckI5RfKxmh/IuSEcqvk4xQ/veSEcqvl4xQ/iXJCOU3SEYo/7JkhPIbydwhlH9FMkL5TZIRyr8qGaH8ZskI5f8gGaH8FskI5V+TjFB+q2SE8q9LRii/jcyThPJvSEYov10yQvk3JSOU3yEZofxbkhHK75SMUP5tyQjld0lGKP+OZITyu8ncKZR/VzJC+T2SEcq/Jxmh/F7JCOXfl4xQfkAyQvkPJCOU3ycZofyHkhHK7yfzZKH8R5IRyh+QjFD+Y8kI5Q9KRij/iWSE8ockI5T/VDJC+cOSEcp/Jhmh/BEyTxHKfy4ZofxRyQjlv5CMUP6YZITyX0pGKH9cMkL5ryQjlD8hGaH815IRyp8kY0zU30hGKH9KMkL5byUjlD8tGaH8d5IRyp+RjFD+e8kI5c9KRij/g2SE8uf04SgVLtqM7VrdoXTiqnnizNb7+/viLGlvZzrZE/duNuFfb3U02VJab12YRbHytQ2PKc/nfnRXymPx7PDjBv1Z3+AuKn9zOIgmyvMSnPj27nQkSK1+PIvCycF0GxJePMW7w0ERd3C63ZBQDh0C4lBeFu+1NHg2UROll2bCOD5lvNsfTO6PyXq7uC3EHHbxMfFaB9GsPxyRK0SMNxZHBO/1HDGJiNgY+YVZtGeCqbZq8dxwi4MxbCxz6BS52G7dLb/yjvz/2+U23tkUYZBf3poKzTE9UzpimFHetWaSLlPWjVfPUt5EvNmZnA78c8N4uIXgtCqQuKup46oYcwqI1Y5egPY43plM99Sz1eLQzNiLtFoyuc4urvpYWAe03B8D5MRTlSqBXGYhuJd4v0ztorqccv4W5gp1xEJ2JwejQVn4q/fHAODnmumEoxONYXMlliZkju4Y2RpMN6Uv1erYvox0zVRhidXxaG/y7GGZHlqEx5Hxoj5xzijSi7W6glD2meGY45X0fHo4mO3C2ZVz0A3ryS6qq7alJ5xlOfpcbYQihV19rTjFdeatgrIqr3g2uqD2ld4BWhuOEwLMtEAqwzMRnPqcWihZV/r7VUEKzmcucu9BCdpDO2bP758fxp3+GZjQkm2IBNH7ZKWZ6Lrt/Mrt3b4cL6JpDIZOS6ajakWG78WSb56LpgR5o06fuVbv9rQ/MpFfEwjcQgO4mhrBfcz2oYtnRhf2d2P2Db0wSK+XYnYNvbjF+fTs9x1MZCG/UevLLJlNGAAFjpd2GEwqnVdovbzTH422iPGtURGrfX1kF6Wc0tnZ1cl5qLxG6xVK5N7g66OzNFzM8XnqTotFdczBo0Eq3+OjyRm5WjAonUk5GXtzZyeOZlgitaxP7A2TeGLa7vI9StC3vb9W6ysGHNPORYOaYeKNvr6yYgGZnI/aYTpp6TlpeZm0WM5z0mJhzUmruAMveeEsXCyLRTdSaMxJYMnBcxJY/ldI4Mjh0a4M7OBqhn9Ge3Qjx4PyClvEYgexGnD4tvbWndT93QSPA0SREGVKmEWQNYozpglhYFeSvD9kAY0ghcHZs21PsXQWVXHViVN5S9hAeypFyvebBcpCkrp7yPiSSUdfkFIp3oYUpUVM5mQa1XJXm1jIneE0nqVykb5gKF9eWJfJo+Ptyd5enyGs2t0nC0tsKbuCGDRjkAk0WkD/FxPvD84527xwsR1aNCBjZMJopr5QIG6bqgsb2ZTwDRLUSDDpTvZNpz+YhXPuLm0VM4QUDbjenzJtTvZ5Rm18yOiZtJRCI5rdPwHdjRBx7TEfzyFQxT/pOC+2FLKxczuElLSoQqzu0zq8sLc1GTnysSnQL/u9zSdEYiHgEcSRbSSE92gNYbEVMZkJWfTU+Ayeh25AYR8YriaBAqS3Ho1l80NCrq9JnrI+iKM1tGBdnBLGcWFsQjUaR2K4s9Mcjy60Efq5/shg+xWr+dW9vYOZjM7sTZauN0+XgrNnXimOo1l1AJeMH12bDsF5p9baVQSALkCgL0VRaOywyVcHOKiufTvaAeWsrU2Is7RMJYjeokhWRt8XiKC/i7aspRmDmxzsVwf4tso3M0T+vawhK2kKD2g8Btk+GBLF92m1kBRDQ/0DmihqnpSXrOn57kJH/cGqkw4fpH7TdYoi/D8wmohAhF0d/L8wQwZQeTAkHIkDuhs8WH1nN9r7JtyEGCMcGXCcDswkD/6H9NwkZXitKV6A8hZmUthMMfCBM26NuL0ZW4cTZ8xsaYxfB1BZfIp6f3zAnnghjEasy4ilrArDeHUyHTj35hIIxfhgSwKcW+xK0rkbw0LG27yCfgwFnasLqBA1nUkZJmWMJm/H9BF4DjFlsohklqEfEa3FlnnLO7jXp6zqxqYSEeFin7Pj3+jjnhN0FRG3+ulyjjkJsv85h784GuK2Ti/Imu9MQjcW0ATAaV0vYH/3J+No7JbQ4sF4ZyQ30nKxmCe5NIy7SZWRzLJlu5y0r/c5HSSGbzuBWqp6/2BrNIx3ISYdC7udSSfq79Uy9qQT73AnfpWTj5j2RHPDmQw7M0dCqrkT3g+nGBiHLFYM13uOhXlDc2m6m7f9qyizN/RHYW5GkiaWtH3DpLxj5hBwlXCCbplDgPEPsPj+lN3yQE4Mhew0UCRJTwML8f406g/AWIx3J/cja84xqxESHIh5Bn3J0thkU8JRXjaduMIR29iVVs67zNELLnOsIycMs81Wxzty1jOsbio9OLBGn349FHQ2kYpKdG64nTyqSK5lJHxmHn7oMgFNE+L1DIybGgnQU8buS8N2cqhgZ3GNy+XTPXNk1oc6wQ2SAmdhdN7tjowFqVUHTOVwZ8iGj9LTytL8HGu4ifjxE1vOc+gIAbWU3tArLueSmzwt+bTGk1Jyn+dzncQ4EsyCK6bIRQdI8BfsA0hyi46BVZztM1h6cb1YCmy4cEMv6ajlEpzLMXtHLfeE7hmVvoiAHUPaktBotdJLHvldjF5CR3GHREE9bysFGypfQpQZqCxqIrrY6HPYNTI0WKrYKG0SmTeXGIqryrZ9pajD0+Y6wJO0x42JQfDdnaV5JlAIOEFLkALKTKdYLTCSN6MgqLC9bq43CCG3INtr3d7bvAOAZ1uGHLmxDBj4I/HBzg63W1iMofhrhjUW5TZ+/Ux8jRkxR+XH586InTHnM+afYrVi1s1XWUWUmgcz8VHF8FOPiWM68AXFL6G8CMbahCBGaJ5zYbfOxoCX8GlKW/FkdDCLnGeHkdvOj+qftDriWN5cd10qr7rWawSBu2cs1U6X7gnJ6Jo5ucgLn8QU3Mk+yLFSedjwdNX744O9EHvBRMQK797ZCIIRsYWGsgxwbM8cYBWnrrRo+GIel/bFWE7H6ilqOUfJLfQjlporrcS2Vmg40NGMqoMcW2c/QY3MYRhWtSVBn8lm7rewjCDcjy1i2swz+iWFlZtz5PGhZBc2PnEo2Y6IQO7VrErLqzoSLuHazVMC8dyDdD9YW7PP4wpcNTTbkiu691AL2EH2HEMvt1PavqydTxwItz0mm6sgMNOMVTQH7mOBuCYxM5pYD8qeTLatcnfLGF6WCwIHYDRfZpgh3B1Ueqc3Alb0RrVW6TXXeraaW79e8psARshqv8fVSEOvNN1OueDQhhBL4zNIkYAVO0Cu6A3HuOFtY+gp+nbTqXEUpO3BdAiHejCM90f9C2YxrIgDbopG9+G/NTogxuJ62zcFJEkznHOCGjQ4awfaMnXtaNTntLtrGxT2DdA22ItscI0mbqrJ4l5VcJasr1SoH4xmQ+k9mq4No9Fg004FE7TNgkL2KIPOX7p75QkDlINJvS+RN6WWEv1wb5DEYJN4zir71giTKyR2uJha6AVp05t7L7CYdhCMB/tyIkQMkcvKRgobuKf7yeRvcZNuOXmpp/y0MRlsxaglrRhNDt2uaJqBYnFF8iE5qcdVrlYqNfOeC9tpdJkbrwRknwAlr6ps0/rQMkc3MUCh8govvwpTbNQAE4YWI5agtto8bS0QC6rkRMPW3La/ecla2WXopZuXuRFHVcnp0njs9lUsHjGH2QWLfb1brELbLlbNZaZ5fOGljw59bvJ6CbgghbSqWC/dnVaxb96dVS1akmntUpn72KDd4zKt2pXFspyagyNiIBCjfTGwYkrcY6/TUX7Kj66R662V6lXzEO+YKbrL3uOmcDrp/AQLNch4uawWdNCknjx7YwUDuZxJY6fOAFdYQKtUcW8or7QA9yTtKlsyXLnN7+qmNDZXxteUm/UW6m3g1xpWktFcd7HoladnIv3XMPtZLWox6m9FEh/S+xZTjh2v5bSfIdWjvkS0JdgjOh6KQVcFu5JUuoK0W1NespL8S1IgRmPMvpabBSFH3ptNXM5PoKaT13uqMJuE/T1bZDc2BqxplFdsy4w4AEq8wM6YgNeG57EebGmWZmgiBGaLeTObsjsg1CfnIueqTkaDU8ZkEbDAnq+lttrL4W4MCRxPL1QJ4tMkNncWQr1qRmLL5UMHBDzQaCQSNYyaQN1ZbODYNqO/nayrEXXO4kpw7GzXROwKp4eDMxFbCesXY+cR6jFt6TIYDAnOyQAKsyGmdNbf26/Gk6fcydUqpPE9piAKZQYlyNGgJNFwfxtPPikUpCJZwn4lkF8jMm/q9Ea1E6w2S21Z6tq8a5Ol47HhnXXIpVprQ66h5QmZaD05bX4r4n4j5s70DruBlgJUIUqOqUoedZpfxiQlL8SeoCohGsPulDVa7bIXkmpRd5aUNUBz2FYSbNtSUO9Ew2XY3f0BQ+2Oh+c7iYgYtAlHEe0bs/d4LzPHXRGopDZW/6T93X4cqQXlmYwF3rnPtp88ehopP1e0CE+eyVCPoK+kFvSUsZ3RoqQW9NRh3LJHV9FKFPotmmMeZ+h9GQy47/FGmdaZYb3RU8/NA50qqjd5+mfdZvt7xsMoSUxEwhTv0Or/IgssObvRorrVZS0H0TAOJzszt8uGUgUbb9VcT0zGVmKOtV8HtjYcjRKcn6dsXdwE8otAmufsWVVS2W+Suq9ZDjpIQ/2L5g7bFCtzg/29xLki/6samVzCs3qex7rNVWVu2nM97q9F0QlF4uNspqR+wj/kgL3XmzybA2p4wGJEb6aRMWPGpRD6f83OeK4+mYxHQ25+RheSfj+Fu7RLqBGT4qSAPO8jtu/AOWGYitclFakcDPiXE7Bz9dOKN6YV5oSfVfxKUiHefgZ+UwLO8cPBw7JB/W/r2AAHAAWFeJX6kJ0GA7OISc2f5mqEYYF9OAezTAn0z3JQ4UhgH8kdC1t97FOsfkrr39eX5HA1RYXLB1CakIVqg5hKq7+H7aTYslsQgQW8yaYE0mL1Wl9/OdEA469mKvBxrZ4DNQOdX1f/hlzaIB93+v58RaYzP2DBqQ3PaeAntHqlC5jNq+9L9UESXIJ6vpPXc4vIjtB9kOrPJfErxCQG4uNuB6nZVX7KLOof8x2Smfu/kvOQZc1WfwIxlm9jpH+dEItS/3hFfVLby9DyfKNvZFRE0pVoJ1bP9fWL8KdzYOQbq697+sc8N2qRwlu0+r6saG2JzA8bsBOmwCVg9W+5j8K0JCGudhRzGgzGMjHi1b8oiYgRgLENzQB/Yp41jBkXQeIvxOpfPP1iojaEN0vTaPVgyxH69TROFkqwjTHrr+k5EPG3T2n9dWPbEw9gkhTsEPaTBjXZrVVR/b63l+1c7/DoPHdVdHWSt42r7AL9M9P+/q5sBLg2y+qaQyCLeDKFJq9Ql9W1h2EW9dSMtVgaMfjcD7Yepx52CbBt0ElrNlk5cq+kHq8efhHQIncFXmZXU9eoRyR5W7UpxdxF1nXqkfMQi3Ya9yS5uxurx2UlW/09IqEG+x1X6d+S5G3V9xpyoiSv0urxScHW3ec0qeOg6tVa/UcjecIIw/6YaNDe3mRckxATfqSEUv7dXC0O0vnZQZ+zbIbxXFZhilIZsnQjGQcrLI/1g3ksu7mKvPIoz8ujYJXkkQHgH8qDQzwOluC90XRC1fPzVY0D+37Yvl2eqh++RKXTATUjiH5xLRdcxttR59SP5KvL8rb4vHphHpbue89RP6rZ5DFjCfGx+iWLmdqJD4LRZzz2ovUG9YAnjhHlFqd25GkIafXnCbiGfCj/Bafa8zWmXkJMf8f2abhjzTn36zPzIOPHvMtT/+DJLHXZsmsmmJXwsaj+REsNG+RouM0mfKj2xf5scoYIxqA5bnbW8F+RY8ys6D/VSQW3hHM1H9bpLbd6wFd/p8WUCLX3++pjmWIJKMa86+cb1laHg2HW7c8YWMde1wvo6eqVCCLe6A/anVqHOkTxei86fB38I35sb2zc05oNNANZvzD3UmfBZa32P40bgLPGpi3anAV/R/bIZ8llbcXTaZlG9pfTgq38zhj7RARhRVIL+i5inekLoKNpwVY+cwB7GET0ZKyW9bFc0SKU9nD74e0ySS2oItlq3LRxUequmANYpDWBGTP6dk/9bs5faNqxMKwrLwLapuvYHM55aaDqqnzZomzExptxj2+W1Q35skVpWJAxg+ph6qZc0SLcZSGsIvUIdXNasJVtWza/zn2UemhWstXhDi5O5vk8Jiva+nttAwsSjMfmARbnuyPjY8Xq01p/q8vbml4mmLKLzN52CGQRd6Tf9WiyF8m14De0vj0PsDhnbM8JULDumAdZvF15ucA6Ry0n+7VoB7OaSR0Rv0znEdoi6EMYL88wViez2WTvElR+8jDOpQj9VIaU1QxlS91H2VnK6NxPH8bpTPAlqM1QXmFiGjjdrN6YTYJRI36z0n5Gjg6lrUPx+ed5WxPxahjfhvFQgP2Cg1luU/BrHViGmAJ/0QHNmFLo6xyUyeW8gKLLknmDA9KVVVqG/csOZrtKwW90YOkqBf6KA5quUuibHDQ082vB2N+8UH7V22WLsy5EKpOZulndeCm4VY1WLL/uFCOjVhV7gCvYymebsoyLHQIezubLFmVkQK3+QPYaUPbyZYtCh4DKzASmxyxStabOG+DJA/tr2Q11wZRtbYXLblPcSNl2BOngz20Vxtx4P1nFR20FkRX8wZPqL2zRujCUP2bLLbZD/IRw+BxpdVL94xzY9F8lFhTD0udtVZ5xW1VR/9FV7Q5HA9d0fTqRX3N9wdY4tswUAv1Pc1CrBIC/aMGGjKEfRqMdhPMlC082fJqomvpxDmsA27iz0zi6V6b+PJP+ExZsfr7bUH9gS45nN1P09D5vbzhm0JF6d0H9oWzySeH9cy0MF+gIR5uZaqm/4p49HKPb6/091lJ/KgvsEx4K5G6F5bhtvPwfkwVpL2hDuapIK16cVazSz5nMzmH6flxnpIwv8RmtfjYH69CK2+ZX5UCV7OL55zTBR8ZnsO7Gs8ywWngL0fRcFJpbGaXVb3IKIcJofBeD3yaakoHkV8gr6rcyXonxyS3z57V6p2axJJe0HapUR/1OrisJQU0OZJbfnces9ynwn7FJv6spJDW5EbxHgkRc65gyuyxTO+rL1eN7cx2E5gFuiJLNSubRrhiZP8tYrWakY/U2X382qzJTgYRMoFG921f/S9ubGuOKv8jTH3JliWTiDdnrnBd7+m8S2UhwARrq5R6Xmiks4MAP5L9nkBojNXEB9SpP/XMGN63ZetmH/0cGpb2FfTWDldE6Jsuwyr7q6f+T1YlLlt53vNJT/zdXxTDVqz31P7x+GpSOMcz6v3l7qAduoziIMVZZP9cnFnDoY01H1X/TBtpFX5yxWFb/k3kxx5ZLvER7uybs9aDVmyxOOFAv8dRHvTGL4ND7uLdp9RWYH0Tcfm6frbHJHeBfqlf56oe8ET4tintuGN1vcD/kc6NjmHOuKh6wRr7OBS8jMBlauhv9HLfFg2jSQoW2WGpEx9SbZXXv7RtyH/TVf0ja0k1MTFGW3BcL6p+8+008Wp7ncehHiJH6gKdelgOX7bc/Fpl2C6xYCYQHW7NplHwa5P2e+klXX+5vc2oqQTBmltRbPKbU1lTH+wez9KL0Jb76eVch2zzXgizE1zjIxuQcVsyo1fs89e+xRqcNPMT2nxW5M+pfQkSyQBCDY4P7e4tmmoPyBUeuHs36AxHFS331AgcLzokMOYnoH3GQFp4Fu8uFejQ+sAb/lb7+UVdpmBftaTCHRoNe4auX+UYJ2pP7E5Mdq096eMcGjLE72BvP1fymraGBVTkcRY+YhAFa9NOyjRnwbxGsdAsceybnDyZ+Z2geNsgs/feL6lssOU5b+5wZE6R/9mKpCfcjjPm0MRFVWlE/7JsHZtjpD2n1vy1KRyCm2Ye1+j85GHEu9lj1AncGivb2CYFJ0NFddfyoPxhK2GOP7hFpdYDx/8/cUsiJrz2ZzCh+0RUTWdDqS9xDm1Y1UyNvBIxU/9lTX06qHEGz4X3VU/81gdsmrf5BjJH9mqe+gn60WE2VoawDmfhvWNlwqg/GB3trWAu0Ub3aV//bGmQqZKhJxWt89YNEzNgJUfQjJmNdmGf0zadVxixyqB7PSrZ6VZab3dmCNBx24iKgRS5HJlrMJJrV27RvTS6/GGrRgxgLWsXYTc3rXIzTdfMQi1bbGzKe2pAElOtJXMlW12eobAclOctuAMJD8mWL0txi+c19jOgx6lGHYRb1bpYVGpb3JvEyH30x1KLfQ4xhQOzffL2H/tQT1RMOgSzis6wQQmIbwGL2Ef1t8yCLh94RBDOTEIsb8zT1xHmIRdsaGQWRyHasvqb1t+fKFmPbvrsWHSAIr27JirZ+sIOaofnxWaJMZg6ZqvgioEXGDpq+J2vMgVbsPGnRIpyzY1lF6lYvkvZg3y/RSxbl17V+kUZyRjdFC6h7iY6NG5N99OBe9QtsInI0CvdYWruIhkl9rcMjZhITsNhSb9C2x44IJw431yUDwV9ziEwU87RNTDc0Nv972J62MxjcQ+Q3uM7k4tU4qdNonCyuFTZCSyU15c/31Lt03z1ZeYGn/iDZJm00WMA1MwObbpMsqvfpMW0JyFE06/4rWv2hifWODr3T+4JW708qxFsRa5cgwOUfJXWZdKsiRUYiCF/U6gMXY5Sy13Bf1uqPDQLKYQzafeovjSz6ODZTLphEju7WTA5gpTFOrEyAbMmfsv56GZp0idxkPk6qv80IyBWVUHgQAp/WZ6MLROrOnEGy7/Vxg89NcD8D2Ztau1NCucj7H7RwKrspUZzd1WhnMsVNJRAoA7xP/2d3lVHDi4jVCz39X/SM6ZbAnkhevc5X/5UJgdHdJhcdrFMYxXGZYBeJcpKHkR/GCYln2bnhhQTBtqKBIfABH6+GmOVuPcIAG9BrCuqlHkrBPMssw57TJLacn/biIXsEx7vkwqDVH0cjGe6rvf42IzGBso1OvSbL4z0FfASJ3LWxOOq9BfVrOaSae8nwVu+coAAx3b+1oN6WQspYnYM9Ria+9z73Y+o30jo50q5eCPEAqPmox2VGUiMwKnGcC/qdeSib4ge0+u0U1I6IKKDLRhlfVyDqmdQIK+ZaK1ZvL6jfSeEdZnncwFTA+KdTaLg92QfznQX992w1bMkXUJHz6uOe+rxn3imE5saIRa+ez2W0e9r4Nk/9uL+FjjEtmwklmBwIk//LO1QD+MsFLnq4SGJ9WpsRnGdjGUgtE/CD/hSzkaCfQt1X1PN8scmTnZ2QGTyIRVKfLKj/5MEC7ZKlJuDPeuqPHDjxqAT8BY9p3xuyMwuipaIeKKg/ho/czTTdf9BDg9jQ8T7f6qk/QQ4cB3G7dnAm1AcK6i89q6dok1FpxvOARkTbYoPaNq6dGcMPFXCpphZqnYQV9TfeYLJNiJ1Iep72Bwvqb6HNhRCTkH++EeMp689ab6cE2XPW5+Hezgrnc0Y1S7PZdLhFWClWHyuofzSjMPNphvKpgvov+Nd7uF3p9zZ+AIclAbnvazxXq/+JRNAnLsViemIeFXcO/iDa6R+MZnMVjPw+XORpHsb/zV6o3uPhyLYvWeV5s+GMAa8oljxmOr3a9DYZYXZE8Pw+m+Y+RVjQewyoX5vIR2iUx8nGTJZfF6gIBQJqWd7lKv7XKnVDecWhO811efoh8F4C9Or202J+t+FyBYcmxV4KLZpvX68126ftk5QFU14tlU85wKIBmAd+S7jEOODGp7dHAm+BSSUCNMRhIrCodWwsawbI/5gWH3ItxUZOjKwALMw1sdDiMG7aZra8YPutuK1s7rzjMblYKM7u8h4Dc282ALJe7oWjrI3sdx8f9LSerwyouQCps0bTsveWyfKsuPWV0fgwNA7VBlRBxB9jUuz7B/g5l8MRY5kaIYvxEU/5m3MQ9ch6NZS3PMhbHX5gp+VTw+tt+TR39s7Ny4DVRsW+WPOTp3rJe7mCfe2WtSpagHsdl7ykl69e56D2GdriPDB5grY0D07fqi1vVsPqak2Uyz4DrJQ68pxpJXk3eDR9xXcs/byydGWY6B0e8/F5HNP7RUgnMiTLx6VpXXYR2qXJXb7abFcASIepCK9wQNcyhV/p4KbHFHqVg9oOUvDV5st4jU5PPo8UtDvVQPq7xoqy3OzK89jcLF1br2YPNa+T15hJ4XqpSQV5g1SlpYeY94rps8obTTF5vniTKRk2OtVmQ7q/OXv3+FBT655gPqx2+JHlI+Q9WtbRoxLdlQ083d2zVfKx3CrJowTUs1TSxQCU5cs+mq4XwQZ0n/LK5OwOTcMc7U9Ae64uoEKIsqpnOGZ76l0FoeeWckeoctpnM+Jsn99LM5KfguSD4gUgCfnhAK6yV8gXkRY3DvQc2c9cRNbhBCBkJGOAmEmvZLb1lusANJWR+hykLqoPqMzI7LsK4cyiVmfRnnFhlOfeA6rVmv1svCOW9yGyzr6YdparD6jMOhMgAYSkpwSPfWHcN16XfRf7eTA4MWPDG8yYmVd/RtCWMzS79pc9VThHPMQUvuKp4t5BzF4tpX/y1IIl3UnRPT2TfC0an+GaARtrETYTCh6e+wxflI0gq62nJNkwJngpFWEuhqlZB2r1GFSvkg9qpHEQkZp9LdmxH8DTDi8fFNHJLy7m5O8QLUEXJRFyEFH3mJWPCude5rSjHeUVx8jIbgawj0sCr6yD50z2tobRWt9+KKBhxetv55s30obfQKT55/7F8qXxVCEz1ipvrLX8rKhdrbCf9ELzhwp6sAHz1cZG0K5iXaq1mrUptsKf6yF7YqS8QjIEtxif55tdcNMU2BL9UXSmv33B7e6dKHulUpijWRHhLFshj+3wiS0h6/7I0oLw4deJhX0zR655VdoWZzKpz/fVQl5Ai/tTefnGGcrQigmyqaU8l8tzvFiw50twxuaxXTNYt4VXafsLHFtC2ecad4QB+dGa+YiWETuJTn4yhojZDhrloCe/4wIw37p1iFH0meUqJw9TXNF66A578ntIB32hr71qDjxPBBoz4elFvpJTMHL7JsgdwVSePBhmWRhvQ8EvPqV8zV341dZdC+TojKNhP5PqvreqzO/pSLUMuxdUUCX70wqv1GET3AgqaBUo8vXYsGf/folU49F02SKlp24e7t5xm6BwGgZRvvtyLku22yiXOgFZ+yRaNjAKnm2WGay5H9zY/CaRAdTIgFzsuWH1zj9tSjIdBNzSMLUVzWKpLBsrnagwEN+sY6Y1m98KW78Th2+AvTCo4ZiYWuelkyvCqkjKeb/5zrik5OQ1mUoUAT338LJNBtZnaCSeLVk3RCOZDqopq95y6OFErAfi9jRwE90X01W7Wk7/0oibwnyfMkDW374DOUnk+xuCYTp4OQtxuG34KVjOOAv4uhgbtqNB08CoZQl27CMj1s/iLnoGcAkTx0bJvfRkj+2S6dSy+vAe5u5r1GWde1pBWG5XzTfuVLklE67dp9+8cijm1T9Z2iylOAWJdJAWT4ZmfhaM13yXgBZb93Q2DHBpXczzcmjAR8LTVeMYr5xqylt8ckfb3VAgx1ZL5iOGxzl2ySeVjdxOVOX0QdwwyAW7Mab2kX1SWUHjkkp2MxJjjUtE4+RTzw/6XpeJ3ndA5GTNqax4T6a3RtRICGNwR2TRWqhtHRB8sNdsr8fsDtmr8JZE+smbTPlJRNQ4IMQ0pVRYzRqogvFgrXJ0G1lBp8cMtrJezX5r0Lc8jO1JxzsyImvIvAmjEsthEetbVEcuwQIbssRb0nACZ3QG+GZfLQ/mQW9Br+ZBIlGMzFt9VRhM7h+z2eIQpp0V0cEYWUTj7QsZdEHEg5ins6aN0hbVorzGn8aG/+ZOjXp0bqmS7UhSYQem5xkQnrTUmrGqolEGxKGcuBLx6FSACcQzPthd3aYxTv5GUKKaXCG8lDRU8r1zVTOfJNRt82VPPIx5NM9WK1uNp5KvdtLCutftZ8pBUcHdaT77hbdgJoFbrziUfVMzWzR+O2pkK2L1Ll/P/6gwZmJxbOUTVXsgOwOKgIsp5cBQ8RaHWQ8dwNzos2+loLmre9Q2rcjd3PtsVZ0sYIsLeVG8tkgcHQ2QBuLl4YTRbmFPoikbXAkAoryY8rbpDh8d46oy1wz8fWzs5cmYMBNE+qOS4UJ23b7LIQSiDg5BPIXsx/glg6K8mzI2xAizNBFnBuuAqjbxkFNIfpTcoLO7G5y7VSHDEe7tgHKjDM097KGHCvKjarmpp96QactPkhOIfXaxJCGd0SXD+ssXXw8cyTrEN+DWnsjX9pQ4J52tWH7XuC2XerWsj7J+pn2L4Fbcljo2MzJOJG5EcnwetinmTb2+oE6YCXPCfMBTl0HOdd+m95mNpyUcc5GHiRx3p6PquBHdz8EL0BXzpNU7fHXlPMisbmbvKtNZeHa435mIiJHv1Slo9UJpz5wrltU1iNDOeUwzfW1azHTknb6+7hCrVgo5Xq8/hFBNVP1clHp9Eq+/YZ7bEExzYH7IPDw9Nt84Dwf/lHHsbkqVMwRDIpUt86KDsJXb0A8FK/cTXvF63GqrROZhjiqeCu5JfsnGBnGqgU+T+RRihvTdq827e7iJ5L1WeAeJz47awdEg/kGpAFeOKkvqbHRB9vlYFTXLw0BdX+/B6mzAtH107HkH5jd85scHDNarIyV4tJaTrvJ/HaXZuqdX6YqNS9xAiyw2SBrrPVuOBl00uTqArpeCVi+kQH+H8PUpI8RCbDt6n89ZNUG1iFVkeUJMjIMmBCx8MWCftVc53jE3hni63TW5NF7sz5LXzbaicL+8REDnirs2pI0Ni4RQB4lQv5jiV+WltHsSvbTDukUr8zDx3s6xWuTu8Ai3vmeGqKvsb5RXEHxu4o+aHjatBTcCOIbGuHcsnn9gRgVUDttoUeiCsALiQAJiNnZAfo15w1akD2u8pQMzNp0MWjybhDXi8HlWCpccX/ES41uYxzzt5HZYQIkUlzZhR+4E8Zm2++Nz/Viu3SL3YpWtZ59r15Fjm0XomXIlkgVrItq20brVwkJd/kIP2+W2jUw/QWlbb4jWJtt9M54t5eXAIZsnq91+Im5wmKKltGFeF7UxrDRf5CzPHcZZIg7gECDYN+sXquEh22LePkHF3RGnptfrMPEsLfzwcywouXcwPxsi5/rVu5MZVxozV/RiDoEun9iAtLGdzeLElhzWNyPAPFsDVE1M3WTs6gqu2SqGf58z7aw6kJ8VFdM+w8yilUxD27v53S8O9RrOJbrYmezvTXDxtrklEI2EH2xdzhoCQ+HmYYYSqjd1l4wJXCwqPjbnskswIZV5Rmzs/1/PCKSsRTnEjNAFH3Y2WRKTUNyqMneDZyybXtGiNywaZIdxC+nTpWhpWghFkYH46JGEQWQ/I9ClC33Ds7yYNm5ELOsVXcJLYw9iWgah9Iid3cKPcuxXpB83zURfCSh00q0rdTOxvdlVkmoHBJHMbZRGFMbdF862iF/Z0WCDJ7grprPP4EiPo/vTgneRMlREGXxyidoAQWmG8YbFrI4b0f2HhoD2DFLmPitBnySwMRNByzW+UF2sZuBE1Ig5lpLpRR/uNmEvnKMDd3FCJwcumF87qy+xX4i1LZtljbrE86vf2Qu3GswvZGSKXdmcsMKkBaKLkzytmdcBfug3bS/lMGnTNkPcwrgCFazmtDwZi8+N4lR3XBsUjWGUo9GI2HVVIAsphLO5gSzOz2nLDFX58q14rhjMiVGVuA2xWcIg9XqVawUpePNNWQvmYQ+S2TdUEJi8pD3DnMovF9ghE2XF+IYyOUSk5aef2IDYMJZI3PxIPVE6S119DqW6GBxChlvyL3O2zJMvoPZYzZS+vzWvh8lSqHKelS93erHBT62snwzN/u6b6bq4a+HoEoyGKUeOqGMiVv/EgWuOSWP8iYVnmwt3pwm1NZGlJck6WKBRKq9YfcXXi9QRAbOfiiEEiCJgchA4+x1bWceWvU05V2WBMjnsyNkhGpQJ1KABNNmI8CW3ov6MKWX9BxIJNEE9tcq9VlrSXfwBOhWGvIfH9AzPiHMRzU+IwqnnXFGC2xL9eRZLXLZte1Ipyl5s9uwPs5r34DNSH/FVthjUfXppskVH5xgnxm55EOEnRA1L8wi2APNgttBYfdTXK1bEybbJnZUvH9h1tr5pJzlWH/f1Mbqawu2KOm7mLMHZsIaAlXBiDt66xEZH8/vk/OJQEvIVkSwm9fJ9SpnSxOqffX3Fdm6Wvsq55dzcfHzNV1ex7E9Pib4hu6vl09lrnB5CZhsl0uqanElKTFusPu/ra2dMsDNFX/DVdVIMUyl+0VfXp5NSMltHyETdsDPZPoib4w7Iri2HkN10/r/uc/RIhhdmO1rJUK0Ix5/09U3nhpfY1j7t65u3R0OmBzGtqIearqAiL0LQs/vUwy5FWfbKHPVP+frhqcARgzQORpE45LYrTAVU7UTq/ngyviBK1E1Axmsih73E6nAAiy1zeAAhmkNorr+/e9dBNL2QizbPnTcaHUJAXJdyM27+fp5u1brrJiiEizZHAasSs5OL/9ygV/rk9LWPAcOcbCXUn1tQvtRa7uN04j29NULPTeTQWR3WkZ0TfEVGzywSwjBLx/raMonuDm0JJ8HeR2HKZsDb0Z61/fYqDM3lZADcFP0ZOZHPoirQ0aq4LEW8UblGWySghtq3WVfIexAC7YDNwPb2TePFGFBXvhrJoaSe3cNhqTIWaCAKDhKdSwNyWIBvTpmtP5xN9jlqQCJ1XqaNyR7nGjt+b87KDOOyrARCnNKCQI1rYRmaxx1nVF5MUKdsFHN1OukPtmGKG8457O15ub+AFjN4naoXMn37ST/qJQVsdmIXWnmwvfRULyqohTqEkYXyHilY6I3Od+VhHkzGOJtOK9S7PW3UOil/g3D7UGgLQ5dcBv/iq4cZDVIv1HpBcqv9GFtlt7Ob5f6uP3JWc9G+A1QFtRRLHDXE97Q1y0m5I6w+Qx1JymWcCToz4GeqFfOuDraL6qjJOo0lEGSKa+nZ+rjtuNW/MELUAE7Ec4tGLqafV9CX5QafLonnF9TlO1DatKdWhnGFoV5F0VhlbFcXmgezWEQx3h5h8YlTyR6JLlxpEFuI3Viaq9AUYmvY0xFb66g7Hoi12j6rXl7Q1xhQO8qBrt1K9CJWLy3o66bRtjWdYfR9BxEa5wLsi+p608/qFDXcxT0nirAGw3boN5i6gDASdwMit7d56iH7coC4MN4uMY8YI9BuTL9JwS1rZM5Y8rnpm/BzZxfkMWnVXorWYIkRPHR7NNzfkh+Opca9HZ3h31h9qaAfDndI0lmQ2E7/TxXUI/C/2tE+Jh0hle1cQuyRwSXQ7fnLTcYhe3S4Jr2190TjLCzFzmm0hcXqFQVdkC/OluQJf65rjrdnGDhTlXxuDZKV4c5OefdAIkQrGSkshdbWn1xQ3sB+c69BNYsGH8O4zFWhVLB5p9lFW6oySJYRKsnwF7aFelwyPydGMJ1d9ERAdLG4ReBTFA1JbQxZeNPt3Qt0oZf2L4YtXwp5nQHJTB7ZvzR8RcaXLAxvYcwQkhFC0m4HspgZo5NDrF5Z0L4UV6U/QStsSa5lemjMUyjuXwq60E7eGxudVJ7744eVHonZ4FTyV8R1ilqR5egRRyO/YWMzeppUGjqvLuBZ9u0WLtgGqFZWuRQPSrJZqrVasyRbqg478mcIyXmlWrVkrvXMtSkZ+exkOwjd31sv1s2l70L+wcKifdAkDxUoLck9XfLGYbna2ISiYB1JWGlH9vifsbT0zVlKObF9F/N9L8z1vZjveynpsDS2F3xcmT3IY4IV5e0w5a7EwYe7nH4sFxMF4yBb+LNUMTq/P8VKs7Qt6I3sJXvuCYB6c4GN2D3ltZAHuOLaYWWHYrEt6C0FtSwdy+gt5FVE+4OUbhrVV1fKq7/0mtv9aWxblL+LK3/g1L4xs/eE5uq9ZV6j+ZWq6Au5QnBXt1ST+Sw2mh35G+Pmo4ALXPyHvQ43/BQW00KPe/IEZWm9HaCCbVNBeTlfziMesX8gbsVM0VF6ITlmJ6+6Jtwcp1XD/m3kE/BrPg7YqzWbp8xLhssagfvM7uVVuGh3OxuCeUUmEZQ8SgupeN5QUPK7DwcuTc8cyMZrLgpSpa8nM2Pi3syyvc8FJ1sY4ODCGXis3lTIHtOtJfNGayKJ+MWcdWip+/Ga6IrkUyoym7iahozcp+gBAKPcrwULJuc1/nV4LEnTMDJv82k9FAupx9Y24qHNPbNJ8YXIpvTDDZlmyGa7fkeO8QwhoBYPWD4JJI4BxM/lcOYGYB54K3WN/PXGkIB+IDpj3s2Y6wZ7F01gYf4Rp7xy6GxkjxX9dbNCC0JFXi8JTtF8+dUUKS2EG/IH5V3JrldXWEJpmuZzmss210tswRH70cu0vOLKiWE4mj2udN+3dPbAfuAyfaV5whTdy8vLatX8O8vLL3qIeYU8LDHPF3LAKzNgekV/lSGLahOLYX3KoK8uI3J8iln/fIvrvh15K6n804F891mxYNpN5gOBDpuC7dnXGv3RJnse5xGnj7huWp5TyA9HVD25nC61O9WyGZ0OEQIdkvUapU0Sv+Q+oV3YkD+8Vdy4jX8XNm7n38WNO/h3aUP+2Nbyxp38e2RDogYyXyvpzfjRtSaX5ZI7hvXByoRkjwvOiQ2BXsZWQHL53MX6FeaR1ZVd+feqetDokl5dk78+eE1FYNdWOvx7XUVGfP1adb1raNxArlxquQE8pM6JjvRGTBfJTWLAbw7q/PtQUQYj+4eFdRSLzMOFq0cw40LnkXfxz6Mqa9L60aXVVWHzMe6JymPb0vPj2jKAb3HbwuPlb2CTfmsZO0T6BCaO5NvCkvnDmE88tSp8fjsGl+SW0AjoVhnMbQK4XQZ3h/sji09aNX9j8c7ViszMk8OWsZRPMSw89bRJntaqljt2wN8RNrtt83XJp1frMp7vJI4jI3xGrbQayLi+q9pomb/B/czVbqdj5FKy75bIrQr/7mEDC7STTF6FvJVhIKuphJkmv9bsdiytda4Bsd1mJjfq4Ahb1bVqUKvYL9afrAXr9n3YKdk1ZCg10eW2/ERJPSvRu4a9Y7yj1GqZiz7b582rpQYmgVyZqGOrFjD/8CDCrzjDUW2sCYHAjXbNzfQ6KitfWLd0Noho2Vw1DEpt87dJT+bfdh3L9P6hrPtuvZEq7SOJDRAOcJQeVanKE/Sm4eExley7649NJPYEaWmX87fZmXiik+stkqJWwueteGDCxW1sadLrk1D9/Of8n9xuniZ5CklC+Knkhbbh6mkdeV9H5hkdvJtVo2SldF51eSMon+Lqlrwnn/MuB0a1faySqFYBpruOk2KSz7VZSGBii0W8i6kaLCUTbvtcTjCOhOU2t8YWumI+iyq542Gr2kj5OgHXJJeToM1GK68QtbK9XtlpB4H0Sv4q5nu1aeFXywhIrxH5WdC1wiDpdZLaPq83nCTCuoEuBJ3sQ4Qs6Y2SOlI3idRwaMiulrjqFrxTtabMVq1eat/VNS3q9rEiOfSsbsbTNNiVaskit9LcXVaxLHtH7R05ucvmbNnDMpP0cDclj6iwBB3s0UG9tYGRlR4ftxaYCPu3YMjsCn886yhom78D/K3VRggbttW3J8vudtFns3tQuDNMDNt3YGyYHPuC7umYHK50kuJ30lLE/V0yPtJnJkeCtmgaWty7lUKYFG6j0EkKt1PoJoU7KGwmhSdRMKoqhTsp3C0Fw+M96RZwr2wmduq+O9tqvkfWr1vaFL9XpjHoOVndh0OwbqxKr37oN3KeHsSDsvzO2nw2U8sZyJxNrQcW4auIJ/N+PJl8VQAcHyb90O2OwOUkKnGr+oSD15C41eEYgF8Wt73lfhCnPPcnF1T2Jxco6ArRT/Ea55F97GGpLNbjEn+pgZJXvuQP9AghWgupzK9UOk37uxTK2mQEIjUAvBLmNf2ZXXY8Kc4dT2Lq3Ztj/L9DB5Th2OWLhAsNYmk67TtCK7o414N4e8bvlL/akZ60UD9mn4xO/CqvaqbUtzXJK7rCRbRwKWdC7iM4uudMjx/GlZxDM7+szGb148zqRfUBlUyt10+ADNPR+yj0NvqEhHI/1EzQE03Yzderd3kXt8gx8AkYCAj7GD/XxSKjpEwDuar4DDjxuL8f73LdoD7NQSJIMRwYijsSzrLIWbUQoC426WfzVfRjZPU5ZDXq2x/4ZnQ7UpU/JeNyh7ioQcfYSN3FiJB6aXzbD+8Jrf0tYOI7vVJLPJBis2FeCTFrlBZkyw5LmwH5xZLUL4VWSVucRCJONX1kLbMNdaIMICjpyDwVN0UdzH0UkLll0w+owAsw3oCeI2jlWSBeNpIfAJxQeuY+nGFKXHvZUgPJMXyJyMPA5wnUlh8kcAY1GymRiR5jDiQ447HEcyHFpg1KbSnfBPWqEnGRoNyDRyALyWmnOmhyprd5uSCSn8PDavZrKQoc/lFGW8zhvF8jOInJyflwU+qF65L82QNdnOGpo8Nj6Y5pJrota3Wvf56kMIjML183jYIvq+Klqdhq7TlS50yRe9kU251J01//7BO95IJtuG9uEu9PHt74Q24XiHYzauxDNNuWVzrFcxd1xY1nQS+k1NfEBJqfnEZJB4xdjthYVW+nvzccyUGaKYQLLs+IHeZoAvlKQRcPYnN6llPNtv0BPmy4PgyFtiWuvcloYCHQlKcJacGON5Re8sgGQLXgJnmLalsaGFFV12LHABtSoE0slbYuVl9neZuGCSDBVl9j+RpU9Y0ExyyHZJNRmqtULpHkXtgEPjMUqHClJR/HNPLSMUMXFK49bNtYPbeofRGOaYSax9u7XAttpjJmg2ME6qt0PXWc/QvRgsiSfx7m/v8DJ4wAAO39C5yXU/v/DZ8z1bTfSGpsypQQagqhK21GKqGLQcgm2ptIpSbiIlNN01czFFLJbkwblTASMm2MFKFSSRIyUpkSQgjheX+O73nO8fV7rv9z/Z77/v9f9/363/f1+p2/c816n+tYxzqOY611nOucSVJSclApqDVr2luv1q2dFwQZk4OcrnXOOX1kjysHnXVG9q2XXn3ehW2uvOyy8y4flBkcGTRYnJR8VHBs0DhompR0uMpTdZL5/4V1KkUtKwdB5cpJQZAcVE6q0nX4gNG3DhqWHaQkVbs3CILqQS3d+J/d6gUrkoMgKTANgqZB5eQqmf1uGpR2+v+v549UsW7SHWqYbA2bqeGFw7IHjRzWb2japcOG3pl2fr9ht/cbFaQE/1nMA0kooCFIVhJK1K7SK2tQ2iWDsrMGjRw6fOTAk0elnZ/Vb3j2kAFpV4/sl501KnvQoIFpQ0al9RuWNmgEtYOH3jlk2E1ptw4fPSw7bciw7JHDB44eoEeGpSEjreegm4YM59ExI/oNG0UpPe1CHqN52h396GDALWkDhvYbNSps32/YwLQBSO4/KG3kkIEDBw1LG64B9b/TZN066Nb+g0aOShs+mB+RcfXwkUMH6qer+40cMLLf4Oy4rPS0Xig/KK0flzU//Yw4iHcySqpdPfxqbgOGjh4o5U3a8GGD0tO6jLbRZNPbf7LBgH4jR96ZdseQoUPThg3Ppjk99Rs6dPgdaXcOH52WPTztpkHZJmj4yCE3DZFz7vg3I+4/mlEPHTU8rd+A20YPQeMz0wYMp9O0bGzJULoMHz4qO61br/Pap41t2y4tayR1V8fljEKFYbLTIOvmP+kbV3AwgWKPDxh+64ihg7JxiSx4vqnUA/3NB11GDr8F41+RNRyNbh2U3a9VvwFZQwbdPkjxjAa9sgbdab2Pytb4cdfg0UMHU6QfrNul+3kmZlRWv4HD7xhKcZRHQLz5vzVGgkllPOzYnh76jcS6cvmgtP5mjTuG4LBhaWe2aXVWm7RbhwwbnT1o1LnGw0Ghxajs4SPvHDpkGHXqoFWWhnbb6EE0xzUjBw0YNOT2/5bdzk3r13/I0CHZhKA7qd/AgUNkOpya4K20wSoh0roMxzR6BBYO9aKFRjJy0NB+0jFz+B0447xRAwYNG8iPCSY+Ny1ryE1ZreJyrsq8JG3UoAGjR6JE3Hbx+rj8+JjMuf0H0c8g5tbt/YYM7dd/KHr+D9ytmnBm3trvZrRO6HtU2qjRA7LS+iEn7QLGNmT4aOzS79YR/YbcNMzc2mXkID0fzpNew2/tH1crwSr4bMjgfgOyW0VjVYOwg7RW/3Xk5vHRwywesv8uKG7eUQOyaBoZmMna745Boxjr31afuBL/Nq5MSNxH8Vkfd/3g4ZqvEnB7v5FD+qnLUe1NCsOOz9n/EB2IS7tp5CDmSrwPVBveP7sfcTcwbfDI4bdiw7gicTdVRGV62uWDBrYePrLfMFb8wUP7MRRi0kS0SusxaOjQ/kP73SXFLh80ZBgy4y7rMnLIrYggqBM00DRkAo4YPXJAVr9RVFi/5/cbeudAHIct4vYn7pFwXuiXtO7DR6pn+htzeps2bdIuHTkQj1yOVZGDpeORE0UNivSidUKvaNR7+Mjh2QQKEfF3f6ande038hZpROO04SNkV4Z1ha0Gd9JJwpDOG0BgS+sE2RVGtBi24fQcPnKg7HLyJaP1HPGOMRLWKC0J2JqhnJg2cOTwEWk8hZHZa2Qemx1WPWSwVpW0rH5M/n5DieOBrGPxQdKxFIq7Kx43cadh1iHsW7269e6Vdv55meedf2Gva9KuzEzrdWnaeZmZl1/a+8J/nterW89rWJAw5BXX/LPLpT2vCI6awBabxr7e4t5Zj14TnHKhtujg8kE3jR7ab2QQnJrUi87+Y3ThCDbP/3efxcEsEf/r9tnaNWrX6GKby9+22to10vi/+P+ujksdhUL/a3dd/S/qNAzv/+lbsMaLhH9rqgSDy7RYuX2FEeit339rO/YWejAcNqqxfMVXwHiX/yf25do1atT4v2Jrrl3jf7Q3R0aNo3gf8aFZFPw/fXuOzPNvY87kxF0VXy/iQfBvd+hIEIOPT/j/ECpI/D+2Sdeu8b/zLl27xv+G2zSrwv+/O3XlWBAUc91SpWlSMKF7o9rJsaDF3EpZqX2yK08Igr5VxwdBWZUgZQTv3Llz8s8Gp86oNCE56JuAR6R8wpu0+B74VS9Uyv07/yQpZX0yD0zc3O3i5EnBwZ2VJgZBtYQH1ienTKkUf2B2MjV/6IFECVMqpTwYPvB7cl7Q7mI9sDThgQcrpczTA3nlRackTwhyuutYIrGLeZVSFoQPXImShxbogbYJDyyolPJk5fgD43hg/M16IFGHJyun/BU+8FxcSR4oSHjgr8op46rEH/iYYe6/Ug8kKjmuSsrzemBS9qZkHni8vx7YlfDA81VSMLY9kIoOW26qNOnvoyirkrIqJf5AOqcW0CYJdFVKypsh7RqniQN8MyVldUivRXjliXrgooQHVqekLKoaf2BE8sSg9AM9kGiBRVVTSsIH8vBC2VQ9cHvCAyVVU7aEDzweNxEPJJpoS9WUreEDi9Gh3QI9UJTwwNaqKW9Wiz+wlgf2z9MDiTZ8s1rKC9XjD+zggcwUPbAh4YEXqqf8GD5wsEKHRCP/WD3lJz0QK8mqgoQGVfXAbwkP/FQ9ZXmN+AP14hKYIIleWF4jZWX4wLFIWJyjB45MeGBljZS5NeMPnMQDzRbrgURPza2ZMq1W/IHTeWBOrh44JeGBabVSDoUPdMAXaeP0QKI3D9VKmVA7/sAFSHi+SA90TnhgQu2Ub8MHLueB+tP0QKK7v62dsq1O/IE+RAv0ygS6rU7KxyHNIla3vaYHEoPh4zopsbpByo46HMbZyiEWsFSMbVPSI0hKwnI5Pbw+KWXsnPx0Dvw0O8/1+uSUsQXppwZJlVS/0esrpdwT8AqRVDk5N8io5fWVU8bekD1OcnKDwqFeXyWUU4X6tFe9PiXlHtYy6UP9V15ftUKfiUHfo72+WignhfrCTl5fPeWe7o3uCZKqUj/iKq+vkXL37Zt2B0nVqC8c5PU1pefpcTkb872+ViinOvVTi7y+dsrY7E0dg6Qa1Ge+6/V1JH9NkFST+pxtXl83Zey+ImKsEvUHfvX6eqHdajFBD1Xx+iNSxoZ2yAsyGnt9/dAOtalv0cbrj5QfkVON+jZdvL5BOK4q1Pe40uuPCu1ch/ryvl7fUPrvDpLqUp+T5fWNNN7G0j8v6HuX16eG+tdT/QSvPzplrMlJoX5+odcfE9pT+k9d5PXHhvpLz5krvf64UE/ZYWaCnRuHdqhJfc5nXt8ktLPktPvW648P5SRTPz/B/mlh/GiBb57i9U3D+urUZ9f1+mayQ0fZYVIw8GivPyG0Qx3qdzX2+uahPWtSX9zU608M9ZScWqd6/UmhnNrUF6R7/cmhfY6gfuo5Xt9Cck6Ly9mf4fWnhHI0rqHdvP7UcFz1qV9+idefljI2CNrF9b+7t9e3DPWvS32P672+lezQON5vu0Fenx72eyT1S4d4feuUe27Ivk3zEfnDvb5NKL8B9T1Gef3pKWO7N0K+9Glzt9efET4vOxy+1+vPDO1wFPW97/P6tuG4pGfqw15/VqhnQ+pnzvD6s9XvCs2jSUHOXK8/J5xHjaiv9YLXt1P9KXF9ei/1+n+E+lShfskbXt8+jEPpk/u2158b6qPxVl7n9R0Sxrvxfa/vmCC/5cde3ymUn0L94R1e3zmcdxrXol1enyH9GZfiPHG+nCf/doyPt8Uhr++i5xlvXfaoksDrz9fzjRVvseCMKl7fNYy36tRvr+713fR8R9khFmyu4/XdK+zAHniE119QYQeSwfpe3yO0g+TMa+T1F4ZylDLsOdrrLwrtk6T647z+4nA9kf6FTb2+Z6i/5Pc4yev/GcpX3hdr4fWXKN6ol5xqrbz+0lDOUdQXn+71mXqe+NR4p57t9ZeF461G/e3tvP5y2R9/yQ4dOnr9FQl22Hee1/cK9ZQ+p3b1+itDfY6mfkkPr79K+04DrQ+xIOWfXn91qKdeOPZc5vW9K9alWJB1lddfE+pTk/qG13n9taqvGR9v1xu9/rqE8Z7az+uvTxjvgUFe30dyTguSjqH+yZu9/oaUewrSj4nbYfNQr78xtIMSwPrDvb5vyj1z8uvE46TNbV7fL4wTyUnN9vr+oRzp3/t2rx8Q6q/xdhrj9QOlZ824nKF3e/2gUI7suWis1w8O7ann0xP205vC54+jfthEr8+SXwrjcr5NyFuGhHJSqB8x1etvDteBqtTfnLAe3hLqL/tnPuL1Q0P7a743nOX1t2r+Ng6SGlP/wJNeP0zzqGFc//Iirx8e6l83We+dZ8crR4RCqpJ8Bk28/rZQmdrU58zw+pHhoGqSfAbXe/2o0MiqL/3C67PD+kokk6Vnev3oUJmGqr/a62+vWPxzg+Btr78jNEIjkrfi6l4/RvUshkdQX5bu9Xeq39MUVCSHvbz+roqgIpm8xev/FepTW/X3eP3d4Xglv/Bpr78nlK+ktF6CnmNlz45x+Ru/9fp7Q/lK6rIS7J+TpAaN1THZYX0H4wBhz3lBZnMH4wHWtfLAauc4mJAU9tFEIMNBLi1MKWVe5Vc4mAiwJUiiYoMd5EWilDvGhjuYBLDgVdI64l8OYklhwFQHVJvg4D76sM4Fyqc7mBwBabV2oYN8gGmlkWetcFAAqBh52kYH96OVqavUO+1jBw/QwsJGotrtdzAFYKKqAg786WBqNA5lQ10rOXiQFpYOKW1oWcvBQ1HnTQCL6jl4mBY2QInqeYyDaYAKUW1PcPBIJEopxZKTHUwHWNgmCbRyMANR4aZJkpAQDDMBZkT1MSYhGB5FlPWhtOtQVwezaGFTT6LKLnfwGMBEqUWbhDn/OMBaaOSpNzt4AmAjl6hq2Q6eBJgo5Ua973HwFFpZXClJ7znBQSEtwgVkUjA/38HTtLBxKJ1qMdVBES3M58p/lzzqYDYtLAGWqDFPOZgDMFEy+6HZDuYCKsx+aIGDefRhZleuOPQlB89E4aNxtHvVwXxaVIxj2usOFtCHdV4P0GC1g4W0MFEaYPZmB88CbIAyYvCpg0WIMiMqwz/4hYPnIq2UYpbudvA8osxR0qr4OwcvIMq0UudtDjoopoV1Lusu/8PBi7QIrRsLSpMcLAaYqHqAoLKDlxBlWmnjbFPTwRKALX3aORfXdfAyomyA2gon13fwCi1sFVWL5EYOXo1aqI/DRztYSgvr40jA2CYOXqOFjUPpSN+mDkoAFgwaYI/mDpYBbIDSKnaSg+X0YVpppw9Oc7Ai8oe02tPSwUpamFbKYbJOd/A6wMJHYPpZDkojoCxs9T8cvIFWFWnYoXMdrAKYugGgXScHbyIqPIiKBdee72A1wKJdGWyDHg7WAMLpHAuW93TwFn2Y2dVi2qUO3o5aSKsOvRyspYVpJZPcfZWDd2hhJlEff17r4F1aVPSxtY+D92hR0cfY/g7W0cL6UIa1cqCD9bSwoFaKmzvEwQZAuE3wTjXMwfuRBxsAUkc42EiLcG2PBQXZDjZFnR8PWHe7g82AfUWfBElpgNy7HHyAqOxNZ8VFXX+vgy20MFEKuMfHOfjQWtC51G2Q52BrpK6s+9skBx/RwqyruLq7wME2gMWVwMKpDj6OgLTaNs3B9kirhpZf7onXfsLjtkdUI5EMVjj4FGA2b0TGmHGHg88MWEpHCpjiYAfAnKEDy7JMB5/Ts83MmoC0sQ7KrEVN6YqoNxx8QQvTtY6AFsQQ7IwMpXyvOMnBlybqNInibPlkB7siUfUENAFDsJsWJsrOOUc62AOwkavF1EccfAWwFuojc7OD8qiPOgK7HOxNVDfnRwf7EGXqKt8cU8vB14AwRPKC3k0c7I9ENQIcONHBN7QwfyiBi7Vz8C3ANg/lglk9HXwXiVLWFfRycIAWptVRgKWDHXwPsHdbZXbtNAdC8EM0cjtMnODgR4D5XKeS7aY4OIgoW6ykVVqRg58irXReuXSBg59pEUYJOW2Jg1/owzpXWjniTQeHaGEe1ABjWx38CrABKqfN2OvgN4CtSccAyn538Dt9hMs0GVGyg8MA67wpYFuKgz8Q1b3RP+WoSUHGEQ7+BJijlG8WHOPgL4CtScpWsk9wkJMcmkRHWxkJQT0uORyHzvIeb+NgPCB01KTg+vYOJiSH6iqH+rSTg1xA6ChAVwcTEWWOUpKYeYmDPIDZSn0UXu1gEqKsj8qAtOsdxGgRfuIgN89ycB/AREmru29zMBlRFVrdfYeDfFpUaHUgx0EBwEQp68qY7OB+RNk+pKyr7VQHD0TWVQ4VTHMwBVEWPhJV8ISDqZEo5WkdZjt4kBY21WoAWj7n4CHrY42CmsPeYgcP0yIMatLK1xxMow8zYi3AtBUOHqFFhUnaveNgOsBMogPxRQnL0gyAbR4aYPEnDmYCbIAye4fdDh6lc+tDkVjrawezbBy7tV4R7d86eAxRtl5pHGt/cfA4omwcypt7HHbwBC1MlBKG26s4eJIWZl1tgiOqOXiKFjYOpXw/1HJQSAtTVxnRD3UdPE0LM4l2x0UNHBQBzOwStT3VwexIlLKVV451MIcWFlcCN6Q5mBsBndumnOhgHsCCQTvwn6c4eIY+zCTKCzq1dDDfWjSOj/yVNg4WAGzkslW7sxwsRJTZSuCMdg6ejYASn0vOdbAIUbbISKtVnR08RwvTSudmyV0cPE8LOzjTQd74Hg5eiIJBaUzWRQ6KE8ElPR28GAF13vYSB4ujzpXZZWc6eInObYVTLtjsSgdLAGHscnx2jYOXEWUeVB8br3fwCsD6kKh6Nzp4NRKlzrcOcLAUYJ1rHLlZDl6LxiHr3nyzgxJaVFh3xzAHy6LO5domCSvcclqYa9VH4WgHK6I+BPLucLAyAhrH0DsdvI4oG4c8WGusg1KAeVBaFeQ6eCPSSuNYl+dgFS1sHOojNd/BmwDroxFgxxQHqw2wq6mP3GkO1kR9yFGrpzt4C2COUh+Fjzp420TRh0QNftLBWlqYKH0amFfo4B1a2HanyZk318G7AJuc6jx9oYP3EGWdq4+GCSv1OoD1USVZv5Nzcbx2PbX2eFLyuCDIcbCBDmyFSSZvzvnWwfsA61mf/zMKHGxElHVQTWCLg020sGGnkOzmnO1gMy1sLisLThvs4IMoEo4C5OQ62IIos4da5Gx28GHUQkl72QEHW2lhoa6D1bLGDj4ChPHJ5/jzHGyLRCkLTrvMwceoawM8TmCAg+2IsjBUH2kzHHwCsD70KwVtljn4FFE2cnUefODgs6hzJe1tdjrYgSgzohLqNpUdfA6wtbUxoF5DB2WA8ByeFPxkB1/QuY1Dosa0cbCTFibKcvMuDr6MtNIh8YELHeyihQ1QOe2h6xzsBtg+JFA81MGeCEirrHscfBVp1VAgz0E5LcI3ODLtIgd7AWYSvTFkvuxgnwGmrNLj8rcdfA2wYFA2X7jdwX46t2kgrTL2OPgGYFrpTDvjOwffIso2QWXBU5McfAewzpV7fFrDwQFEhX2QxtRz8D3A+lB+0/IoBz8gyqyrzK5NEwc/Rv5Q1nW4qYODtDDrKiPqfaqDnwBmK3W+60wHPyd2PrCdg19oYZ0rI8o6z8EhgEVJM0Dvixz8CrDJKZOk9nLwG8BMoqxrYB8Hv0fjUCLapp+Dw2hl8yMZUDbYwR+IClcfWoxw8CctbBwnAIqzHfxFi+xN3eItysY6yKkUttAA+05wMK6SWjSOGzGzwMF4gBlR/vj0EQcTKoXjUIv5jzrIjVpogG1nO5hI5zZAadVigYM8gGml8Jn/nINJAAsfGXHMSw5iUed6ier6qoP76DyMdt5jSh1MjkQpfHq85SDfWtTUW+KkYM4GBwW0sLfEprZ5/B6vfZDH7U3Qzlb+6eAhgA3btoLODh6OgD7TBdscTANYz3a2ku7gEXo2XXWE0lexE4LpADNUc4FxDmYgqiD9jIDzRUStdzATYOeLJ7K2Tq3h4FFAQfq1QdJJgI1nOZhFHzZsbQUjLnDwGMA6P1ngGgePI+qG7MuCpBaAwgkOngBY56cAihc5eBKwr+jceB9pWxw8FfWRJLDHQSEtbGvWx7FDVRw8TQsLKi26ZUc4KKKFWVdv/zObOZhNi3CA+h1Y+3VGEnxqred4rf2OIbm6147j7mChA8IgATz7N1DsYJEDfk5o8dzfQJaD5/8GEkS9EIF6AoccFDNmmxa1CYNguIMXAbawKR1Je9XBYkSZ+aoCSvc4eCmaYdXwxNRkB0sQZeFcF1DawsHLAFtCGgNyejp4BWCbsn45MDNBq1cB5iKFQelUB0vRygZofRQ5eI0W1oeyjpy3HJQAbIA6lJu6z8EygC0I2uWCag6WR30oooIjHKwAmEl0mFV+nIOVkUl0KJfT3MHr9GH7ok6g+rZzUAoIV276uNjBG/RhnWtTDno5WAWwqa8jtqCvgzcRZRNAfZSPdLAaUNFHbKKDNYiyPioLPODgLVqEJzd5QeE8B28DTJS0ynjNwVpEVWiVscbBO7So0KrFNgfvAkyUrLs2wR/vIcqsq3yr+GcH6yLrKuXp8aeD9YiygNN+UpzgwQ2RKJ3c9K3j4H1amD90cpOZ6mCj9bFGkchmdqyDTbQII5FzmATXbqYPM6JObpa2cPABLUKTcCjX1sEWgJlEycXGjg4+BFiIasPc0t3BVoANUHtW30wHH9G59aHtr81VDrbZOHZrfpALXePgY0TZ/NA49vd3sB1RNg6d3Ay9ycEntDBRsm692x18SguzrsZR+W4Hn9HCxiF1q010sIMWpq5MUi3fwee0MJPI7HdPc1AGMLNL1LbHHXwRiVIuNLXIwU5aWFwJlD3r4MsIKBjavOxgF8CCQSZJe93Bbvowk8gfhW862EML84eSi5brHXwFsLVEuVBsq4PyyB86Be613cFeWtirtzrv8KWDfVHnsu7yrxx8TQuzrr71lh5wsJ8W4TfSSUHuzw6+AVTYqsNhB98iykyi86S3kh18Rwtzrd6XS6s4OAAwrfSGnbhYfg+wPnQoF9R08AN9mGv1sl5S18GPAOtcffRv4OAgoqwPHZgVNXTwEy0sdnWEcEzC5PwZYP5oCCg73sEvAHtL0m/tbTnJwSGAZeU6bllymoNfI0dJ3VmtHPxGC1NXI+9yhoPfUddGrgOzU89ycDgSJXXrnePgD0SZunYCda6DPwEWPjJJboaDv+jDTCJRq7s4yKkcitIH88kXOBhXOQwGiRp6kYPxABNVC7AoYROegCgbh0wy9nIHuZXDcegwa2AvBxNpYZGo89Y9vR3kAWzWCjTo42BSBKRVl34OYpFWpwLGD3BwHy1Kyu+Kdz5siIPJAOtc6h641UF+pK7A1uEOCiKgzpff5uD+qHP1cXiUgweiPuSosWMcTAGYo3QK3PIeB1MB4VoSC5qPd/Bg1EdTwMBcBw/Rwl4XNAdn3ufgYVrYHJTPRxQ4mEYL87l+xfDsBx08ArA0SrHb/xEH0wEWuxpHjVkOZgBsHFJ36ZMOZtK5qStwqNDBo4mg3WwHsxLBmLkOHksES59x8LiDgNpx8donvXYcdwdPOSBvTgCFfwPFDp52wM8JLYr+BrIczP4bSBA152/gkIO5ETiN9Dixj3mYdk5+dy2IuUHhbQ6eMcCCWA2QscLBfID5NYUMdWNlBwvowyJBf+Mz9VgHC2lhflV6vDHDwbO0QBstiADN5RAsooUtiBI1YrKD5wAmqgqg+AUHzyPKlgUl1AfecvACLWxytAQEXzsopsXmbh+pBUdTCeN4MWqhI7YMLewhWAywhV3ZY1oLBy8BzFbKtKud62BJNJeVVhZ2cfAyLWwcrQBLtViF4BWAbbRqUT7IwasAa6EjttgYB0sBoa04+Jvm4DWAtdBJ2qF5DkoANp2UHhe/5mAZJjEj6h00WONgubWoGX8HXfqhgxW0CN9B0WqHg5UAc20g8JWD1xFl79IyYj3t8iEoBZgRtf3fXdXBGwAbh5KSWD0HqwBmKyUlI4528GbUudLKA40drKaFeVDZStlJDtYAzOdKlXa1dvAWwGylPjL+4eDtqA/lgqUdHay1FjVl3UnBcd0dvEMLs66y4P0XO3g3ihKlY0svdfBeIsi9wsG6CEirzKsdrKcP00q/VbnxOgcb0MpWfFm3dJCD9wFmXYmqN9zBxkiUEripoxxsAtieraPCXnc62IwoOyqUuoXjHXwQqStRQ/McbIlEySRttHmE4MOohUQdnuJgayJY+7CDjyKgAU6b4WAbWtkAlVDvKnTwMcBMopFvWehgO1rZyKVVrxccfBL1oShJe8nBp4iqiJK7lzv4LBLVFHC41MEOWth+mg4Y+J6DzwGpfVoGHHTR+QcOygB20KU+midMtS+iPhTUc3Y62EmLiqCe/7WDLwGmrkxS+ScHuwAVJjn4p4PdUR9KlUqSHOyhhUV7EqC8ioOvADadla0U1XBQDjCtlJQ0r+tgL8A6VyZxXAMH+wC24+gT4vJUB18D7NuNcqgOSqhDsD9ylDpv1tTBN7SwzpVizDnRwbeA0CSx4PJTHXwHMK008otaOzgAsJErYRhzpoPvI1spv1l6loMfaGGRqD/a6dLewY+Air/amdbJwUGA5f8aR/b5Dn4CVIzj5wsc/AywcUjdOT0d/GKgpoI6FmzOdHAospXMvjRhE/6VFmZ29TH2age/ASr6aHm9g98N1NQ2EQuu7evgMCaxbSJIDqj9OF47rooGYVsBnyl7OBgPsNiJ//WygwkAs6Dym5yNDnKrhDY/TtlKLQcTaWEhopPEjGwHeQCzoE4S+y53MAlRlsboJDHY7yBWpcJQfN6r4uA+RJmhdMrX9zQHkwG23egkMe1SB/kAS4GVER1Q1hWCAjq3cUjUgQkO7qeFiaoKKH7GwQORVkp8yl5xMIUWNkCdVh7Y7mAqwLwk0PewgwcjoM28XOdQIXgo0kq5R3kjBw/TwnIPnXUt1RwIwTSAmUSf9zZ2d/CIAfYIJSVZ1ziYDrCgUlKSNtTBDDq3bVNald7hYCbAtFKeVprj4FFEma1qAwofcjALYCZJAcyf4+AxRJnPBaYWO3g8Ag0AwQoHTyAqzD0Y4AYHT9LCtDpO4CMHT9HCIlFJ4sbvHRRGHtRJYtavDp52MCnICRwURUDLdM/KDmZHnetX79ZVczDHOmch0e5YUN/BXIDNqCoAO0kMwTxEhWbni6eW0BA8A7A+lI61PMnBfESZSXQOtTrdwQJAGAxkK+0cLDRAMLQGPH6eg2fpw9YL3rkmZW9Kjtc+T631HH/ncvCCA16tEkDx30Cxgxcd8HNCi8V/A1kOXvobSBC15G/gkIOXI1BTC0lCH68wbJtn9r2sv4NXaWE212LV90EHS2kRBm5ukPOxg9doYfGp96HSFAclABOlFSZo4mAZAG3kJUAbB8vpw7x0JKDNVQ5W0MKSNInKuNXBSoCJUucZ9zp4HWCd6+tXxgwHpfQRLuwTg3orHLwBsDBUH5k7HaxClPXRROCggzdpYfuylp5qdRysBtg4BNKaOlgTAb3dtGvr4C1A6I+84EBXB2/TuY1Dk3xqpoO1ANNKk3zqNQ7eQVTFJJ86ysG70ZRVHy3+5eA9RFkfeh9qMcnBOkSZrSSq3iwH6yNRWkLnP+1gAy1sCZW6fZc4eJ8+TN0TBBLMvpEW9n29DaB0k4NNgCDICJJOF9jtYDOi7K35DMCYgw4+oMXmbudI1KTgUCUHWwAmSgvJodoOPkSUaaU/DRtT38FWWtiuUgfQN2HifOQjZ+lp7mAbLWzkWmFirRx8DLAVRsvblrMdbKdzM7stiB0cfEILi0S9133azcGnAIuSMwHtLnHwGaLm5DfRAANqU+O1ZdTa6CoWqxB84YA1KQHs/BsodvClA35OaLHrb0CLVQh2/w0kiNrzN6DFKgRfRUBrUmIf5QAzlA6IgkwHe7GHxaf90zCPOdgHMAvqq3/aHgdfIwrZ2rCZ/VUc7KeFbdhakza2cPANwKasDoiCSx18C7AQqQ8ozHPwHcA2OuVJhc85OBDFjpaejcsdfE8LU1erWD0tPSH4AXVt5GpxIMFWP0Yt9P00ta6DgwBbkyoBDjVz8BOibORaeg6d5uBnWlhQaVko7uDgF1pY57aK9XBwiBZmEqUq7a5z8CstbCtQqjL/Jge/0cL2ZeUXY+508HtkElthxjk4HIEjAPNjDv5AlM0znTX1fczBnwAziUYePO/gL7SykStJC151kJMiW4Vala11MC4l7FzZ25iNDsbTwjZBGTFnp4MJADOiQLsfHeRGoCVT9lCSg4kp4SqWBOhV3UEeLSyo9S69VmtSCCYBrHPlYuuOdRCL1BWYebyD+yKgdW/gCQ4m07mZpBlg18kO8unDYler2JzTHRQAbBVLBhxo7+B+gJldi1VGVwcPAGzkWvce7+lgCp1bXEmroZc7mAowrdRi/1UOHgRYC6V1c6538BB9WCRKVJvBDh6mhYnSp9jimx1MA1iIahx9Rzh4BFE2jrqA4oQQnQ6wKFGLwvEOZgCshfaIA/kOZkZmbwVYPsXBo7SwaSBRvWY6mAUwURrHnKcdPIa6Ng6ZpPk8B48DzCQKn+aLHDyBKAsf9THzZQdPAir6KF/p4ClEWR/6s5SsNx0U0iL85YZJQfb7Dp4GmChptXqbgyJEVWi1eoeD2bSo0KpduYM5ABMlR8W+dzAXUeYoBfXdvziYF1lXwdDjdwfPIMqCQd+Hbk52MD8SpYOVLgmL/gJa2GJZA9C+hoOF1scaBTXfaGs5eJYWFtQ6cUmv52ARfZgR9bFwWH0Hz9EiNEksyEh18DzATKKDld+Oc/ACwOa5TkPubuqgGGADtA+rJzl4kc6tDx2snHqKg8U2jt0Kaj6snubgJURZUGscsdYOliDKxqG/dl57uoOXaWGiZN1j/uHgFVqYdTWOBh0cvEoLG4fUnZ7hYCktTF2ZZPr5Dl6jhZlEZs/s4aAEYGaXqLE9HSyLROmg69pLHSynhcWVQHIvBysioGBY2NvBSoAFw5mAoj4OXqcPS65qW3J1bbx2NY/b6JqQKuWkOVgDMDl1yG8yWjt4K3JGVUAw1MHbEVCL0vkO1kagCiBnt4N3UMmG3YD8JkMhEoJ36dxWGCU+OVkO3qOF+VXJVU6Bg3UAE2Uf2UocrEeURZu9D1VysIEWJkrHPZlHOXifFmYSJVd9FSIh2AiwaGsGSJNpQ7AJEG43gFwHmwG23dhfjC5w8EFkEn36y1nqYAtaWRgmAzLed/AhoszhGkfOQQdbaRGOIy/ISBjgR7SwcVQH9EgY4DaAuVagxSkOPo5AHUC1jg62R+pWARR2dfAJnZvZ1SIj08GnUYtqgG1XO/iMPswfRwAO3OxgB8AyIo1j/j0OPgfYOKoCiqc4KIv6qAToMcPBF2hlJqkrUOhgJ6LMg9KqxWIHXwJMK/WRscbBrqgPtdi2zsHuqEUK4MDnDvbQuXlQWm372sFXANNKRtyW4MFyQGjESUGHwMHeqHO9pVWr7GAfnZuttHMNrO3g60iU0phaRzrYby1qSit2x2MdfEML0+pIQPnxDr4F2GGFNqjMEx18h6hw5LzXpTs4QItw5Hwya+vge4D1IXUzE2bUDwBTVxttZmcHP9KHLaHaaFf3cHAQEE6DSUGDyx38hCjrQ4nPNGVdIfiZFuZz7cC5Nzr4JbJubUDmAAeHaGEBJyP2GurgV4AZUaA428FvEZBWtRJi9/dIK72ZF4xzcJgW9tol62YnBPUfALOuUtfgUQd/GmAtUTD0LHLwF6AiGOY/6yCnamhdaTXmRQfjAKaV+jj0soPxVcM+9I8idn3dwQSArXBSt/I7DnIBpq60mrrZwUSAaaXO93/iIC/qXI4aWuZgEi3MUerj+r0OYgDrQ0Ys/8HBfQAzor72ZAUOJgNMXX3O6lHFQX7V0OfaT9OrOiighcWVtuatNR3cj7pmRCUlK+s4eCASpfxmTj0HUxBl6uprz81HOZgKCE0SC1KPcfAgfZhJJKr3cQ4eooWJOhLQpKmDh2lhk1OiguYOpgFMlPKbDCVXIXgEYJNTI089xcF0+rCRy1alrRzMiAaojGheawczaWHzQ7Zq0dbBo/RhtlIflc9xMIsW1oeylUXnOngMYDuOxjEnw8HjiLJxtAXs6uLgCVp0b9Qtbqv9Fzh4EmC20rfNgp4OngLYSaK02nO5g0KAaSVbPXC1g6fp3GwlrWLXOigCmFYnAtZe72C2ibpWK0MsaNPfwRyArQxKXW8Y7GAuwKJdWm1N2AfnAUwrhc/Y4Q6eAVj4yIgtsx3MB5gRJar5nQ4WAEyUWqxLWJYWAqyFBrh6vINnowHGk8QR8dpFPG4Or5scJokheA5gg0gis8s43sHzAFu/lQvmvOLghSio9EEy40cHxbQwXVuRwAVdHLwIsFxQp2OleQ4WA6yF/vG6jE0OXgLYsmA5VIK6SwDWQn8SkNPNwcsAM61OriwpCcEr2MMi+kxAm/EOXgVYNp1khsqL15YgJxw2hkp3sCwa9lGAYL6D5bSwlUoWDEY4WAEwUS0ZXWElByvp2U5c6gJyOjl4nRbmjKqAQIYKQWnUeW1A3zkO3qCF+VXfVXL2O1gFsKjVh83iRg7ejICy0LR/OFiNVhY4Zwlc7GANLWxmtAX0vd3BWwCbyJUBwVMO3gbY+7r6aPO+g7VRH9KqzRcO3qGFaZVMZpWZ5OBdgDlcieCBIx28BzBbNQJsPNHBOoDtgErrsto5WE/ntiYo083s6mBDZF2ldeUJI3+fFhY7DQCxqx1spA+L6GMAGVkONtHCPtYFFlSL47VbeTzh476DjwAWIppLOVpVQ7ANYMPW2XTORgcf04FZULGTUcvBdlqYPRQ7pVc4+CQanWInbaSDT2lRETv2whWCzwDmDIG0PxzsiID8GqQ5+DzSys6mz3BQRgubyDrNLhzi4AuArfV64do4xcFOA7hPMzx42cGXgIoZPmK7g110bl6SVsXfO9gNMK2a4aVtCqoQ7EGUTVnFTu+jHHwFsM6TAQdOdlAOMH/UBExt72AvwEyi2Omh2AnBPjoPtSKornLwNcC00vtI+Y0O9iPKTKL3qmCUg28ANnK92iyd6ODbyLWKz8z7HXxHC4tPdZ72lIMDUedNBOY7+J4Wtp9o5MFyBz8AbOSagIUbHPwIsIDTOHLKHBwE2DgaAmb+6OAngAWDXgmWVHXwM8D6UFZe+QgHvwDMukpB+x7t4FA0DmX+ZY0d/EoLC+pWgGknOfgNYCapDWjX2sHvAGth725aL0JwOLKuXjuqdXDwRwQkaktnB39GovQbh9t6OPgLYNaVqLWXO8ipFoqSSeydJwTjqoUm0ch33ehgfLWEkQ8c6GACLaxzvQZm3eoglxaWaertouUoBxMBFqLqfNcYB3mIss71fthWe2YIJtHCllBp1SLmIAYwrdTH/AIH9wGsD70fzn/IwWT6CJe+ScFxjzvIB1jn6mPoXAcFiLI+9Nqxf4GD+2kRRiKvs4sdPAAIIxGTLHcwBWCRqLekzHcdTAXYyiBH1dvi4MFER336kYOHaGHqauQtv3DwMOrayBVXh/c4mBaJkrpr9zl4BFGmrt7Eeh10MB1gC4BMUvyHgxn0YSZRKp2a5GAmLUyUXjt2VHHwKC0sGJQ3llZzMAtgoqoAgpoOHgPYOHRIGtRx8Dh9hB6MBSX1HTwBMJOoj/6NHDyJKOtD/9J4UcJ0fooWBiSqWRMHhQATpX9Q5N1mDp4GmKP0UrfwZAdFbt1YMPUUB7NpYSZRVn5VuoM5gNC6vPOc6WBupK7+RqnrWQ7m0cLCR+9V7To4eAZgc/BsQEmGg/mJWhV2cbCAFqaV3mAGX+BgIZ2HUy0W9L3IwbMA00qdF/Z0sAhR1rleVJpd5uA5gM0PeXDWlQ6eB5gHZcRe1zp4IVJX/mh/vYNiWpg/WgFK+zp4EWDLq1rUGuRgMcBaNAQsGeLgJYAZUS3mj3CwBGAt5KjM0Q5eBpijFKJ/3ungFUxiIap3t813O3jVWtSMGzEY52ApLcyIapExwcFrUQv98znDJjkoAVhqIOs2KHCwDFBh3YKpDpYDzLrqvPsjDlZEndcG5M1wsJIW5kFpVe1xB68DTCuJOrvQQWmiqNuLHLxBCxOlFofmOVgVtTjHMtS18do3eTy1z91a98hQ73awOooE+6cRfnawhhZh4PKt4GEHb9GBBa5eHIMfHbztonKDskYO1kaiGgEytKWF4B0D2FyJaOHzDt4FhPbgted7B+/RuY2uFrlgaQ0H62hhIWLfCv7hYD3ADKXUtW8fBxsAFp/6tYpA7gvB+wBbeiTKUqUQbASYKH0rqFfmYFM08qMAGd852EwLE6WUL02Lbgg+AFioK4Hb1tjBlmiAOmPfdpKDD2lhnUtUWTsHWwEmSt8KZl7s4COAJSXqY4xSjBBsi/poKpDl4GNa2C/q69Wqxz0OttPCfK7scX7MwSe0sLksdXs85uBTgKmrtDLzOQefAcLplBe0ed3BDoBNJ72+pW528HlkXY28+GMHZbSwkR8FyNrv4AuAmV0jL//LwU7GYSPXZp5d2cGXAAsfpTHZCXG1C1GmlfKC8iMd7AbYyLVnt2vsYA+irI8AsLSpg69oYW+JyguWnuqgHGDzQ2lM17YO9gIsRJVvtuziYB/AXKt//+S4ng6+pnN7P5VWuZkO9gMqtKp8pYNvEGVaaeQ9bnTwLaBi5MuzHHwHqBh5rZEODkR9KHUtuN3B97SwYNDfYEy918EPABuHQM59Dn6MgJKrEQ87OBgFgzzYYYaDn+jcPKgWtZ5w8HPUQmbfVujgF/owsysdG7jQwSGAxZXGUfqSg18BNg5lj6sTVobfoj5kkqmlDn5HqwqT1Fvj4HAkSil4gw0O/qCFTTUNcNoWB38CKgY4cLuDv6LO9WLQZoeDnOphLqjOl3zpYFz1sHNl2kv3OxgPsMmpzuf/5GACoqxz/XZRi98d5ALsrEv5TZckBxMBNg5t/8ckTLU8+rDw0Wn2qmoOJlUPx6G9bn4NBzFamLrKC06t6+A++jCt1EdKfQeTaWF96Fj1+YYO8gEWV9o25x3roABRoaNiwZ7GDu6nhXWuvCCrmYMHAGYr5QVlCSv1FIBNHGVds05zMDUaoNTNaeXgQVqYuq0AKWc4eAhQkXVdfraDhwHWQlnXb+0dTAPYkqEW357n4BGAtVDWNb27g+kAi3ZZt+vFDmZgErOubNXyEgczAWar0wFDExaZRwEWDGpxTC8HswDWQt8Krr3KwWN0bkeMypv7X+fgcYBNTn0rSO7r4AlAxbeC6wc7eBJgA1QkVr7FwVN0bpEorf681UEhwLQ6EdBphIOnTdS1ykuIktEOigCWlygYttzpYDbAgkFa9RzrYA7AtDoCcHC8g7kAM7tCtEiJaAjmASxEJWpWgYNnACZKLbo86GA+wFpogO2nO1gQDVBGvGumg4W0MCMqRH970sGzUYhqcpYVOliUCN4qcvBcBNT5ojkOno86b2SJ6I547Qv0bCnfEeSbOac4KAaYPfRLKzmnOngx6sD+ja6bHCymhYWIjkqDhD5eApgzGgNyLnCwBBD+KRIHn/c7eDnSVb+0kvaig1cANgf0G8FpXzh41UQxyfUFo29DB0sB5iWdVhae6+A1RFkfSisL/+mghBa2wlQHFN/mYBnA/Cow4lEHyyOgRLTNGw5WRLbSGWrfjQ5W0rmNQy0Kv3LwetRCB7gbf3ZQSh9mXWVdOXUcvAEwRynla9fUwSqAjUPHmBlnOngz6kPp2DYtViFYjVZmEiWJ2853sAZR5kGdPS690sFbANNKfWzMcvB21IdaZI1wsDZqoZw2Z4KDd+g8XBZoMcXBuwDTSmfBWZo1IXgPUeHsJ5tf4GAdwNRVThssc7AeEEYJieh6BxsAFiU6Q42VOXgfEK7fHF0fdrARYC10hnp3VQebAKaVco9tdR1sjsahvKB3AwcfACwvUEZUerSDLYgKbTUp6HmCgw9pEdpqUpBxioOtAOtDCUNpKwcfASzglFaWJgTDNvowkyiNadvRwceRBzXA4DwH22lRMcDrL3TwCX1Y58pvPv2ng09pYZF4HKDsKgefAWzdU047bYCDHYAK6+4a6uBzgHUuW2WMdlAGMFspaV831sEXgNCDZF0FDnYCrA+No/J0B19G45Cjcmc52AUwRynftN+SCsHuyFb6u7QGWnRDsIc+LGGQdQ8vcvBV1ELJ7tpiB+W0sOmsP6NrXuJgLyB8icIkbzrYh1amrkY+cK2Dr2lhI5etem51sB9gttJvs2z73ME3Bmw3oPO9Dr4FmFaKq5wfHHxH5xZXevPJPOTgAMDefIJk/YeFq8Rrf0JO+HbDdtPDwc8AC8P4lzkHvwBCLwE2OjhEBzbs+J/dOviVFhZU+gCXke3gN4CFof6Sre9yB78jyqaTvuUF+x0cjryk1bhNFQd/IMosaL/xeJqDPwG29MT/7NbBX4Bwr+OD+W0OcmqE45CoAxMcjKsRitKfkxQ/42B89B8i1s5V9oqDCbSwAepz74HtDnIBNmsE+h52MDECWnTL6zjIi7TSgljeyMEkWoRBxVZwpoMYwEyij3wbuzu4z4AFFev3NQ4mA8KgYv0e6iCfzi2opFXpHQ4KAKaVVvzSHAf3I8psJa0KH3LwAMC00ga1dK6DKZER1SLzOQdToxbaoLJKHTxI5xYl0ipznYOHAKaVxpH5oYOHATYOHaEcKHMwLepcJomVO3iEzitMkvG7g+mRKC2IPSo5mGEtakqrScGcmg5m0sK00tLTvJ6DR73zSXzidzDLRJ0m67JeNHbwGMCsq3Wvw0kOHo9EaSGpdqqDJ2hhPtdBQq8zHTwJsFRJq3HXjg6eAoTznK2gu4PCaBxaehpc7OBpgJlEW1qDyxwUISpcSyYFsWsdzAZU9LFtgIM5iLI+tOL3znIwF2ArvpbQ0lsdzEOURYlM0jMhRJ+JTCKQ+i8H8yMgUbvGOlgQidLu2DzmYCHAFjLz4CMOno1EmQdnOlhEC/OgNo+eRQ6eA1RsHrUWOXieAdrIWwEKih28QAvbuWoD2rzmoBhgi4ySkrarHLyIKJsfUrfFWgeLI3Ul6uB7Dl6KRMm1h7Y4WIIoc61Erd3u4OVIlIw4bYeDVxBlRpRJ0sodvAowk2ji3P29g6UGagb2B+DbfnXwGp0n7FzHxmtX8vjfd64QvA4Io40N6lwHpYAw2gAbHbxBB2ZzHczbzhWCVbSwQWiDKuzt4E1ahKalRczB6sgeRwEK5zlYgyhzuFoUHnTwVtRCv++RU93B27QwQ2lXOZDuYC3AvKR9KLjCwTuRKG1pbfo7eBd1bYD6RaU22Q7eQ5T9opK9pc1xsA5gttKLUuE7DtYjyiJBf85d+IWDDbQIzc7CXsnB+wATpfW7d0MHGxFlRtRWkNHMwaZoHNoKtp3iYDOiQn+wfndw8EEkSmf8mT0cbKGFLW81AG2ud/Ch9bFGYcjB/AAHW2lhYahdJUiw1Uf0YUasJXCPg220CE2CqGkOPgaYSfQm2EYJQwi2A8yDGmC71xx8ArABaruxLS0En9K59WE710cOPrNx7NYewc71uYMdiLI9QuPI0jwLweeIsnHUE/jNQRktTJQWkm01HXxBC7Ou1ot1RzjYSQsbh9aLjcc4+JIWpq62go1pDnbRwkyi2d9VG1QIdgPM7BJVeIaDPZEobR692zn4ihYWVwLzz3NQHgHtdYcucrAXYMGgRbe8l4N99GEm0fJmGVEIvo6sq1WsbR8H+xFlk1Oipg528E0kSit+vVscfEsLWwBk3Y3ZDr6jhVlX48i5y8EBWtg4BDZOcPB9BKRV2v0OfgBUaHX3dAc/0odpVRdweJaDg7SwKNH6vX+2g58AFonaNsc85+DnyCRq0fVFB79ELWyAJQ4O0bkNUFqtLnXwK8C0ktm7rnHwW9SHoqTeOw5+pw+LEokausnB4UiUtNr/oYM/aGFa6RPRmIT58SfAgkEBl7XXwV+IsoBTtLf7zkFOzTDapW6HQw7G1QzVlT+qHXYwnhbmDx1VLk52MAFgHtRR5bVVHeQCTCudFl5ey8HEmuEA9QstD9VxkAewjEjHutlHOJgEMLPr6LhnAwcx+jCT6Gy8/tEO7gPYq4Q6T0lzMBlR1nltQPdmDvJpYSZRi7UnOSiIWugguNopDu6nhQVcVUBOKwcPREZUH4NbO5hCC+tDh83lZzqYCrBgEGjYzsGDEZBWXTs4eCjSqhkgt5ODh2lhk1O/9TDwfAfTAJY3JwNqJGwsjwDMg+p8cU8H0wHWeRVAWaaDGXRucSWt1l7hYCbAtJKoalc5eDRR1NnXOphFCxMl19ZPWJYeo4W5VsGwrZ+Dx2lhwdAAcHCggydoYWml/JE1xMGTkT90BH5JwkL2VAR0Yt/2VgeFiKqI9p23OXgaYLbSPwU2+XYHRWhlmV07y+xOitfO5fHN3S6QHDK7rg7mAUxOdRK4jHMcPAOwWfMPga0O5tNB90a3ylC5QWmqgwW0CA3FufUgBwutxT0KQ1pMc/AsLSwM7T9M9KmDRQAbtn65oexIB88BLKiUXJW1d/A8wMahPC2tr4MX6Nwi4UiBkQ6KATbJlfK1uc/Bi5EzlCT2nelgMX2Yuvq1jhHLHbwEsEkureoddLAEEGqVF8yv5eBlOjetlHXNP8rBKwCzlVK+ak0dvBqJUlIy/0wHSwE2+5X4xLo5eA1g/lAuaJl2CEqiAapFuwRbLYtaSKvMUQ6WR1ppHO3udbACYOM4XSDmYCUg/CxHcjXdwesAa3GqwFMOSunc/olnjbzwVQdvAGzkGkfGuw5WReMQ2LbJwZsR0G8kj/jYwWpEWVCrReY3DtZELZRWlid48C1amM/bsw+NqeTgbUD3RkdpLpMwJLh2bSRKO9f+ug7eoUUY1BxvHO3gXYAFtXbgaic4eC+yVTtA7GQH62gRTudJwaLTHawHmK2k1eGE+bEhUau1WqZD8D4tTCvlBc17ONhooGZcqxwtuiHYFGmlvCC40sFmWlj46ISh4AYHH9DCpppEZQ50sAVgopQwbMxy8CHAVmNLdoc52Eofluxq5F3HOPgIYCNXH9PGOdiGKOujKaBBnoOPaRH+5hGZ3VQH22lh0S4jjkiI3U8iI+oUusMsB5+aqBWhEec7+AxgRtQAc4od7KAPG6CM2O4VB5/TwowoR61+3UEZwBylkae94+ALQMXIR2x2sJM+bOT1AAe2OviSFjYOjXzabge7aGEjV54W+9rBblrYNNA4ChLmxx5a2DiSBH5z8BUtzFHagYNkB+WA0CSxID3Fwd5IlPa6GtUd7KOFDVBgcW0HX0fAUr76DvYDbJ4rL7i8kYNv6MNMohzqoYQ5+K21aKyR03kTB98BbOTamguaOTgAMH+oj/YJk/P7qI8mgLtOcfADLUwrjWNkuoMfATYOiTrmTAcHI1H1Adee5eAnWtiSoeSqfXsHPwMsuVK2UtbJwS+IMtdq5EvPc3CIFjZy/U5Jm+4OfgWYB2WSfRc5+A1gJpFrh17q4HeAuVYDnHWFg8MAG6Ac1aW3gz8AZhKNvL2yrhD8ibo2cuXmd93o4C+ArSUa4PX9HeTUCgeoBK7tIAfjaskkp2vWxoLfhjgYD7BZq86/HeFgAqKsc/17J+mjHOTSwkJUJgnudDARYCZRyjf+Hgd5tcIlQ0li1r0OJtHCkkSZZMkEBzGAmUSuXRRzcB/AXCuzX36/g8kAM7vGkfOgg/xoHNKq9GEHBZFWstW8RxzcjyizlaJk6CwHDwAsSjTyXU86mAKwkWs6D57tYCqdm60UDF3mOXiQFhXBsG+hg4cANnKNY+cLDh5GlI2jtuW0p8drp/F42DM5bZqDR3jcetY/9Jaz3cF0gMnRPzmScZaDGQBrob+3zHjEwUz6sDmgPzPNaOjgUYANQr/WUdrXwSxEWR8nCuQ6eMxaXKvARdQnDh6nhQWunQtWdfAEwLTSL1CUNXHwZOQ+5bT1tJCE4Cla2ORQ6prW1UEhnZut9AGuTZaDpwHmV3V+IN9BEaKscyXUbeTXEMwG2ADTBV52MAdR9i9r24fEbQ7mAiyo9M+a9P3TwTxE2cj1y7RTazh4hha2vCkXrNfEwXxAaPa8oLiNgwWIMq2OFPiHg4UAM4mS3ZwEkzyLqFCrvGDm1Q4W0cK0Uh85Axw8B7A+jhYY6uB5RNm/L308YK1mfwheoMW+ok+CpDaA+QUOimkRBBkhKHTw4t/AEgeLIyCt5q918BJ9mFbnCmxysIQWt2+aGB9gtX0OXqaFDVAnu1k/OXiFFjYBlWLMqezgVYCZXQnDwdoOlkailHuUH+ngNYBppdQ1K9VBCaIqUteCZg6WAawP5VCfnuZgOcCWN0uV2jpYATAP6svc6o4OVhpgpZS69S5w8Dpambo6syvt6aCUFjYNpFXxlQ7eAFRoFdzoYBXAtNLIr7/JwZv0YSNXDvXpLQ5W08LmoNLjsmwHa2hhIarkas5dDt4C2ByUVtfnOHgbUaaVBrjoPgdraWEDlFaFUxy8AzCtNPK0aQ7eRZSNXNat94SD9wBmXSW7j2v9DsE6gG2b+kO33CUO1gNs1up8s+tKBxui9UrjqLfKwfu0sHFo5H3fc7ARdW3kSsHbJAT1pkiU0uPDWxxsRpSlY3q76r3DwQcA00omSS13sIU+zCT69fSZ+x18SIvwMxge/NnBVkC4G8SCFoGDjwA2Du1cGxMmzraoD/2LY/WqOviYFjYOpTH96zjYTgvzoDba649w8AktLHy00e44ysGntDBbKYHbkTDVPqOFqauEYWZjBzsAFrsS9VZTB59HojTAouYOymhhAxS46BQHX0RAm/kPrRzsBNhaIpPsO8PBl/RhJlHucepZDnbRwgJOKd+BhCV8Ny1sfkjU5g4O9gBMVAdA/c4OvkKUeVB9/Ha+g3KA9SGzl/ZwsBdRZna1mHmxg31RC9nqhkwHX9PCbCWz33CFg/20MLNL3dTeDr6hhakr1/a+1sG3tDDX6h1j+w0OvgNYUMu6sQEODgAqrJuT5eD7qI+2gNKbHfxAi4rfel473MGPABvgcYCsbAcHAfZpXj5fdZeDnwDmcxnx5nsd/EznZkRpNXC8g18AptWJlsB1iNceMjlkRDXJ04JrHfwKsPisSzpWqtgJwW8AW6z0Hbr0DQe/A0wlnSTa7yqF4DAgtCBZ1+0O/gCYBZXZla5x8CfAROk3YNOqOfgLYC2OAZS1dpBTOzxy7WijuyBeO6G2zDdC3mZ0IxzkAszb+iu3jB4OJiLHzNcYkPOMgzxahL9XxeiOdjCJFmbX+gIdHcRoYYue/vytb76D+wDh1siwP3QwGVHWuf40rTjZQT4tTJTOSYs19UNQUDtcinXqWdbOwf20MAsqdUxTOIfgAfowdZUhpiWYZAotLAbVeeZ0B1MB1rnS08wVDh5ElM2+OoCpWxw8FGmlPkq/dPAwoqyPI8h6DlV2MA1gIaLMqriRg0fow9Q9XSDNwXRAxeFmliIhBDMA1uI0gQSTzKSPOfH/DFhesLGng0cNsFjo4HHpjQ5mASxKlKSV3ubgMYCFoRLawokOHgfYAI8DpM108ATAJrL+SYe0xQ6eBNg7qMZx4E0HT0XjaCewzkEhLcLsjfPeLxw8DTCf62P6th8dFEX+OAIw4ncHs2lhZldm1aCqgzkGakorzrPqOpgbaaVUxX6pKwTzaGEjV2Z1d2MHz9Ai3DkmBRknOJgPMFFKPEpPdrAAYHGlvb9U+1kIFtKHOUo5TNtzHDwLsJGrj9wMB4sQZX2cCKjczcFz1uJaLW+Tgi2XOngeYMubwOreDl6IgDLdJf0cFAPC6Ux6eouDF+ncprOsezBhqi2mhVlX48i808FLABuHPvEXjnewBGABpwFOLXDwMn3YAHW+WO9BB6/QwnwurZY85eBVWphWyo3nz3WwlBYW7VUAi5538BotKvyxaImDElqYPzTAtJUOlgFsgBJ191sOlkeiNPK26xysoIWNXCA3YU1cGQGZZMsOB68DKkyyutxBKX2YSZS3dv3GwRvRNJC69b53sApRpq5EDf3VwZuRKEX7/j8crKaFRbvOF5dXcrAGYFopVVlSzcFbiLKRK/F4vKaDt2lhZtcHySb1HKyN1FVGUrm+g3doYbNWohY3dPAuwERJq7bHOngPYFrpEKplmoN1UR/KL+o3c7CeFmZ2pRElJznYwDjMJMoQf2vh4H2AzXNlJPbuGIKNAAs4ZT1L0h1sog8zog4F7zrTwWaAvd2o82HtHXyAKOtc/9DE88pCQ7CFFgbUR/p5Dj4EWB/S6mA3B1sRZVoprVvXw8FHtDBbqfPV/3SwjRbWx6mAypkOPqZF+NWMpPlKB9sBZkSZfea1Dj6JzF4DMPZ6B58aWBMkVQZ0vcHBZ4iy32jTieRFAx3sMGCrD51nOfgcdW2AipJ9tzgoo4VFiUJ06AgHX9DCQlTZ9NBRDnbSwua5THLSGAdf0sJMIrMPvsvBLlqY2RW7Le91sBtgsStR2yc42BOJago4Js/BV7QIPxHxwT7fQTktbIDq/KQHHOylhXWu/yrr/occ7ANYDidHpc5w8DXAHCV1Sx9zsB9Qoe6wQgff0Lmpe5rlm5fHa7/l8TDF4NSzu4PvDGBB/TFbTnsHBwCmqyWiHzj4ng5sdMqN0xo5+IEWpqsS0cJ+Dn6khamkP1SwpCQEB2lhuYf9juY3Dn6yaNutSJgYBCkOfkZUGAmAJg5+QZSNQ2nlxvMdHKKFda5Tz42aAyH4lRYWbWpRdqeD36IWxwvIryH4HRAe2HEWu8DBYUTZ8ZuBTQ7+iEAngV8d/GmgUJ2T8mmlDMFf9GGdK7PbeLyDnDrh7NeBXfGZDsbVCf2hlK9eZwfjaWEerA9ocbmDCQDLm9X5/EEOchFlnauP+cMcTARYH0pEp97lIA9RZkT9/uTMAgeTaGGOUi5YbaaDGC0sSvQv2c1f6OA+WtiLkrQa85KDyQDT6liB5Q7yAXPy68Q7P7DaQQHAOpeoqRsd3A8wUfo9iakfO3gArSyH0gBHfO1gCsAGqAx1jDbaEEwFhBOQk6NqDh6M+tDWPLOWg4doYf7Q6VTzBJ8/DDBROhrLOd7BtDrhNNBfVfU8wcEjtAhzc7KVlg6mR50rKVnSxsEMWoThwzFiewczaWGulbq9Mhw8SgtTVyd5ZRc6mAUIw4dc8AoHjyHKOld+k9bbwePROJSC77/OwRO0sK1ZoooTlownASZKI28z2MFTdG4jl7prE0K0EGDqKgvuNcbB0wbYh9RH4TgHRVEfyh7T8hzMpoWtJUpEp01xMAdgwdAK0GOmg7kA00pJYlmhg3kAi3Z13iYh2p+JOq8NKH7ewXxaWB8KhiWvOlgQGVEezFnmYCGizIPqvM0bDp5FlHWuPnLedbAIYH0oSnI/cPAcwKJEZs/+zMHzABugxnH9Hgcv0LmNQ28ln+5zUEwLm1Fy1LofHbwIMEfp6Lj3Hw4WAyy50vfswioOXgJYwClbyanhYElkEm2bg2s5eJkWNnJlEnWOcPAK6trKoBb7jnTwatRCWddDqQ6WAswk2mgnN3bwGqJs5Orj3YRZWwKwPpIElLqGYBmiLK7Uea7eK0OwHGCdq4+WLR2sQJT1YV9c0x2spIVZVybZdYaD1yOTKLl6t62DUlqYz3Xe2/MfDt4A2DuGwF0dHayKgLSy3/cOwZuRVkqPy893sJoW5kElPp9e5GANwHyuJLHoUgdvGWByKr/p0cvB2wBbE2Xdn3s7WEvnZl1pteM6B+8ATKtmgCY3OHgXURY+6vzP/g7eA1jnyYA5NzlYBzB/yCQ9hzpYDzCTSKu7RjjYQOcVWvUf5eB9gGklDxaNdrARUeZBRckxdznYBLAokQe3jHWwGWAe1PvYVRMcfBD5XEbsMNHBFlqYEfV7oPvuc/AhWoV7bUBtVrz2Y2pN1yB5HHcH25FjJ+bNlT1uc/AJoCD9DJ2xkySq5xB8CrAWAZldaQMHn0VASWLZYAc7os5rCUx28DktzLT6Zh6UOygD2EmJ/pngDE3AEHwBsNPsEwFp5zvYCbAW+se62sivIfgSYH0cCyid5WAXWlmKEQCKn3WwmxY2js6A0i0O9gBS+/TSADmU/MvBV4iyAWaQScyv5qCcFvuK/qVx5AV9E8y+F2DjUBpT3NbBvkhUIKApG4KvaWFanQvIuMzBfoB97pWowiEOvolEnSgw0sG3tDBbSSv7i6sQfAcwrQSmPu7gQAR0LlhW7OB7gJ0LSqveaxz8ADCtOgh85uBHgI3jWEDZ9w4Ooq754zxA798c/ESLzd3eDhgHn5RrOvgZYOPQh7xPGzj4BWB9NAekHe/gEMCCOhVQ3MLBrwCzVWdA89Md/AYIfU5Scq6D31HXWpwA6JHh4DAtwv/246RgzEUO/gDYG4OBXg7+/Bu4wcFfEagkkOUgp27Y+WmAQwnRPq6uVhheBjWOlnc4GA+wcZwH2DjOwQSAWbcpoNZUB7kAewc+F5A9y8FEgLlWRpwzz0EeoEKrOS84mASQVtWTki4clj1oZHD5oJtGD+03MgiS783edFalBlsm7Hz7UKWWg9ttvKDh2N+/LqxUN+XCykGVwpSgVmpSUCNIDqoHVYNqQfD//vDf/qF2Up17k4KgbqxuwMregyOAc7k28jWsFm/kQ3nBf5Xrq4l8WOIFttPEYMRV3AfxJp3Pl5UiVrh3J7IjTAwO/Mp3kyqsFI1512yTF7Tpkhf0uDIvKO+bxydI1rW7uCaw8BWyaCziXXEl17uwz/hU8C31vzKlUoihupOCgUdPCnY1Zu41JdhOnRQUpHO0fA5vDhkcgnabFCy/hLPb3kyo6ycF7QZNCpYO4efh/DyK/PduvvzfS2J5H29lD/MCNoPUdy5yXqBuKRn1G2S8b3Pkvo4If5/w/5jnd3B6vAtZ304KWhziVDGIBWdU4RSoOl+U63D8eEQsOFQ/FsxrFAv2HM11HPlpU/KVk/ju2iIWVGsVC4pPjwVTz44Ft7djC+7Ibnse36+7cqzYIxak/JM2l/H99KpY0PA6js9uhPXjUGxQLHjyZvoYSh/DY0Gb2zj8yebr7+2xoNMYEr67Y8GisRwbTuCIZ2Is+DY/FoyYylfVh2NB5iPImhULHniSFKwI5wVNcOAMZtL1fPz8gk33TK6r2THfZuOqzkFGOs7qhdNu4boHJz49MagH24jxswKcVT8vyGzOu/o5XBk47oq8IDaYazgvxP+iDueVT88L1i7k+RV8KtrI9THO28+795+cZ1fCmLUwZD1eVY/hrfQEjH0yVyuMeg4rE8471HVSUHY5Troe59w8KaiWjVPu4fkJHPjn89xUnn+UZ5/i2dlcC3D4SzjmVd7DXudD0GoCZDPfMj7ls8UXfILZTZB8h7yDBMUfHJAlxYKgMoasyfFzXdJ1nJaM0w7jtLFNYkHfpjitOU7DccFpOKUlTjk9Fkw/iwPVf+Dkc2NBu06x4NrzY0EDHLe8ZyyYdikO7RUL7r6K5PHaWLC1D7L6x4KVA8nhhxAow3DaiFhQkM1p7e3U3RULrr+Xk/RxyMjjJHoSbQtiwcKpsWDbNDlqBanSHTgmhTwnk9k1lvIbXLtxVBIJy8lc/8BBI3HUIzhtM9cuZtmPHEDUYtdrgsFPxDHtcETPvCDoxbdBHNWOGdYOJ7WbgmOKqFuA40q43uTZrczMvXlB2e8YnHV3GzMt4whmFo7KPoEyjnq8DW927dkjO3F15fPPJbwuX83WeD2OzWKG3cZ1B9/Wcnh+Mg6eiiOmIeOJSUGH2TzzHDOxGCe9hrNW4LR3CAacVfwJHEfV+pp+v2V//IWZepiZUoVorhYLfqjFVZdIb8CMS40FrxwbC25IY9aciMFPYSa0pK4NjsFJZ7TjpPXcWLCqM47tEgvG98CBF1HXk88Kl8SC7MxY0OxKZsQ1sWDj9bGg3o04bABOyWLW3Mz7wjBeDW5j9o6OBXl3MMPujAW1xuK8XJyHs1LzeWYKz08jIKbz3KO8Vz7JzC/k+bnMxIXMuueCcUGQw2z7FkcWcG3JDXLOxpGDuedybcaxB5hxjVkWz8OZl3EN4JpB0rmMY8sPuO9kiazMeV1DnHoyVxsc2wXHXsgyeh1J3VCcew9XHg4tYma+zOx7mwxtO47cw0XUT03CUTUwcj2MfxSzoAlLWVMcfCrL55kso+3IhM7j54uYbb34uQ/P9JtE1s19BI7Jpjx2Essyzi5A1iPMwkdx7Gxm4gLKOHTMS8zsVwmEUpz2Fhv2Bhz5AbNvZ0Ak/6H/908s0Jl1ZxujTs8N+vbhGkd5PeFbg/XlLDaNC7iuIaQnEOKLsMQWLkahDaPsCDaCZoz0NEZ6sUybxg7U3QpI11WMdCqDLC6VDzFZhmPvV1nh9tBLMhl4CyZITybKcMpTuYr4+S3YPiZINS56KT+O7aY52xATJ7iYi4kT9KV+JBNkItcD2Hcetn2Naw3b2DZWO9oX/8zq+Cf2qoat6mCrVGx1LAHenIBvwaRpy1bSkW+A3eGZ2PYq/HAN21V/Vq+b+KB3O9vN3ax2E7nymUTTmAiP478i7P8sz7/MJGN1K3wTP66fxGTlAGs7k+ZLVrWvWOUOsGX9zM+HY8FbybGgtAqrVzWummxVdXndbMCbZUNeIo+NBWXH8854EtvOabFgVqtY0OUMtpqzmAjnMBHOJbAzCOwurIwXEPwXMemYOGMvjwUDe7Ea9mbFYnXr0o+JxaQZNoQt6lbaDWclZNIcHsWzYziguCcWNB9PGybNzPuYxAWx4OwH0eORWFBjVixYyoQ5VMiEnR0Lxszl52f4ecF/cmga+cZtuUHGCkKmMo47lnsG1+WEzmTC5gUmEw4NviZMKuOghqxyLdiWzsVpXVjtcGb5IJw4hok0jdDCkcU4MlgD+5D6HVxfMeEO44CqGLnepGDE0axmjXHCSUyY1qxq/8DYHScFx3XHeRfj3Esx/BU4/GocfB1sEM4cjuNG4aA7cdh4HJyHA5k8h6ewsj3MyjcDWYUEw0KeeQHHvkR/y+GlTMD3qPuAPGcHE2knE+xrAuMnJtOfODKJVasKjqyBcevGguMaYPRUth4c2qwpxxMnxoLLT+ULW2uMeiZGPQtHtWd76sSqdz5HJBfwTE9yCVbApTh07NU46nq2sr7kCP1x6M0BhteE/a9ZXkZ2btB3OR7Yz7JUhUzvNCbnpVj7Ni5N2GcmBmWvUN4OO4yV63A1wqpn8oGiOxP3GjzBclV6B1cO3niIbG4OWV4x1l/BMxu4PuL6nmd/JRsL2PArcyZYjb2jfnwqLWpK6J/E1/J0rN2Oveg8LNMdL1z53wibsv4M4EHW3Y+Z9ymESBOuNgzmKo4FbuW6l4u1tx6hlbmT6yBhUwelmxJKbVlzu6JsJhcDmTqKef8vrkmEyiwG8jTrxRIuBlK6iWs3a/VBMpNKXLVZHxlA3zSUb05ItcLtZzOoDgyqG+vDJWQzlzOY/v+NQQSZxP9juSyLKIoXNrKgBXihMI/rOX5eTj3KHziUF6TWJb6bcZ1GjHdgID0YyHUoexPK3Yni4yjHUPoxPPA816t5Qdla2EYWwJ08+yPKJxGL1YnZ+ngCD8w8nvg8gdg9mdg8nXnRnvnQFeV7EuOX44mrqL+eWB/MQngzgx7B/c74HDiQz0I1BXkzeeZp4nse1yJkvjxJ/7ll/ZeV9R9RDlZv49qBYcox1vfMi1/YVH5nZ04mlqvEgvY1WNRqscvWY/GpHwsyiP/fjiN9Iv67sKidegoLGQtbjDmw9nQWvH+wYHUgfcvgYg5k9iDuexLzl5Id9CLl6s186hMLym5kUbyJd0yCH9NntMbsQycEpfOZBLtzg4ymxE4WVwHlEuKjEtdRBPs/mAh9uHL5eQH7yVLi6H3uB1l+KrEnHEWcnEIsdSToiaGMzLxg29XE082Y/x5cM4VnZnAV8txi+Br4Ovjn3L/mIo46BOwJlTF9bfbVIzEVrijHFZknEkPpLDttKf+DqzOm60FyhSum4YrcG6kbgMmH4oZs2t5D3I3DzFMm6b8AGfQsYnl5lvh8EVfjhq6vM6HeYenajCs/waVl7Ft76esHEqiArBjzp1dlra9JZluHpQQX3HwUCdExvI4cR9KEC4LmuAQ3pOKG0lYkRa1jQYu2saDyOewj59Img6PoLnzYvoCECjfsuZyl5+qY/gGqYO31ZOX9SewG08fNuGk4y1M2S92dJF73sCeNj5xzPE55hfuPzIkuuUFpHk7ZhOHTMHw34v9mJvZ4nDJtYlD6gRqlM6nwZDCCCVQJL3aiIY36zqHMklbciIflyYvx6O1MqqcQgBfbfEFWlYQ3jmRpOpGlqR0/48Xyi9korsZbWUyk25g4U+nk3y6cpVcwXUdSLuH+B5JRMTiD6TqE6TqF8stsXdvR4Ht8TU+9iZcDJ7PGtCcm6KX8Kq4bmZ6jWEwn0vv9TOWnuOZTt5yY2sB0LSM7+pF1pCr+O4Jpd/Qk8kpi4CSmUWvipx3x04F1pzM5BfGx9nIY8bHrRmJqIPF0K2vTKH4eQ143nrwuRlwUcD3ENvc4cTCXeFhArC3m2eXE1LtscVv4+SPafcG2tQeZ+4izg8TZH/g+iQSZWCmtRjwQKwGxUlKfvb8RU+1otqomfHVoxtQ7mddh4uSqdOKD7arrWeQDHXiWGCnsQlJ9AW9jF1EmTppdRq5ypf57ICwB1yO7L0n5IHKYIXx2GMG0Hs2LwJ1sbXfT3zhicALLwySmfgFxNjUWdH+E5HwGr+GPk4cU8mJRRL4xTw67G8/9zER/mPD4MTcoa4SzBhImzxMa308MSmswsQmNvn1w1iNcWmPLiLXvcEJNnNaY6yRCgNCYeTHr541cWTjvHiZ4jDvra+ZzJPKvsyZvZsJ/TBjtx6l/MRErc9Vggh2Jo3DY0qZcpzIR22LYLhi/J5M4E6deyRp4I+tnFpN4JJP4dibpveyS95GfPIyDZ1D/BM4txKELyUFeYiHAUVNLcdQaFoQNOHwLbDtrM2vrki/pZz8O/gln/866mcQ6WZk3Jhw2vwZraF3erHDY8ySM845lkjZmAWgWIwfCCafF9C+EBClnkGuczdrbnjOH81hbu+PAi5mwl5A0ZiKvF2vsVTj9OtbZvrzuDsbJt+CkW3lbG4Hc0ay3OKzn2FhwcDyBgbNm4awuD+Lg6Xw4mYnsJ+mzkIS2iMVjjpx1CjPrVCb+TczfAAddwKy6n+tFri9wUkNm1rlc/2RG3cbMepQ5/Ab1G6n7ihn3M7OlDptbU+bumTiOWbbtfGbWlczvLBwzAj6B+xSumTh4AbNsGc5az3xnlvU+zIbELNtWlzemBhiamdbzBDbBUyi34jqTGdSR1fU8Vs4LmSH/ZCZehfEHMLuG8txoNtKxOKAAp07HubNwbCEOmsMsWsQsKmZTLOHZN3HWWmRvpa/PqduLs39g5h3CcYeJ9hSM8W/Xm/8VidrSufEQzirlvo7rQ9aoMixSjhV/ZwSV2NJromU9tvkj0boxIXkSa86prAlnEs4dsUB3Rnkx12Vs69cyqgFYMAuL3crzd/Du+S9GjWWax7geQc5M6osIa6xSUEzYvoZlVxGua0mF32O/2oK1tiN3B+lzOV75Hpm/YuE/mfNVMcy/tU5hb+4x7vO4DrJZVMcSnHkFV2Ct/lzZWGUOsfIO1xeMvBI+b8gomxEnpzDqDoy+B5P5eib2AGIjm4uJ3mMadc8QV6/BsdCBj7DO51iMVT3rNzSrid+PYKc+hisNi2CZwjOwQDsmIbFy6CIWgV6srtcwyj5M3MFM3Ft4Nhu/38V9AqO8n1FOJ05msRrPZtd+DjkvwkqY7KWUmej13mG13gT/EE7cZO1lYfkObxzCG8TN4mQmZVUmbi2+X9fhpeAIJmADDhaPZkKnsUo2Yxc+iVXylPgkH9yaFw5W5obtmNwdeDPsxBvd+bzB9UBWz1hQlsnzV/D8Vayq1yKnD+dX/ZjQA1kwhnDkwoRve2tM/+6M/omZYOUY2uXIMV2ZxOdwbc0NSlOZvIO4T8sNyj4lPI/kak/Y9uUaiVPuwykzmczLWXkPsqrW4jqKlKopd8I21o0w7Y3x+2L8Udzv5YrhhOlcT8FexYHv4sBNnHN9zDPfEPIHMVAljFoLY9UlhI/GQCcQmifznnE6Rm5PeHUiFHvggEwm9JWE4Q1MwIEYPItrGAYfQ/iNI6TzcMxUVmKc02EWbebTphjDv4JjXqePd2CbCemtPL+bPr5GFv0X/MZWlUxKlYJBq2OY2jinPs5phHNwSI0mbF3NWA1PZjU8xf7eX3/ar7/i1x/s62/z9Wf4+ot7/XG9/o5efzKvv47XH8Lrb9715+36S3b90br+Pl1/ih4Ed/Kmdw8OupftcwIra4w+78fhD8bYBVmZH0HWLNK0JwmA2cibh/yFOPEFOS6NazuOO4vrkVxesXFcX65cyp8wa6riPN6t6jGr0rrivCxmWD732Vwvc23DmX+S39Qgc2rCdtiG6x+sumRVM6/mzqzKGZoXrGVWzS/gKuRawrWWCwdW28eM+on1pjLrQG1mzZFEeSrGbMZqexpGb4vROzITLpgUlPYkH7kS593IanwT/JZJQVk2be/i5xwcfR+zcAoOmsbzT/AaM48VeQmOXcnPq8ij3mPd2UQwbGGm7mCNKud1ZT9yfianDTg8rMyrRlW2uDoY+ghynqO4UjnvaMyW1ZQtrTmv4qdwcNkKA57BtnoWZyX/IEdhJtXvjFPOx+A9eP5ict5MrivInXqTS1/LIecNMf25Fu8cPHMzs2w4Dstmi76LnPteZqFy4eBa8pYzuN5g0T8NB9yOI9Zg+Go4oTXL23mUx+nBEXhLa+EzPHg0V0eufB7+kB0hmesUGrTj4Ru4RpDwTOdawQHLlolB6Ze8RFbGS4240rB+a6527BY9WR9vZJe4jSk2kV1jJtdiptybXOuYgl8w5X5kyv3OFKnKFKjLFMBbdzdmlWaqlZ7M1Yr17hysnsF+2I0M9VK815v9sR9euwUPj2DK3YmXxrMmFuCVB2FPsWbOxXvPcy3BeyuR+RZy1iHnQ2TsQAae6voNz3/PevgrU/wPDkoqEe7VOHOvyZtKPZKR+ky5hkyPY0la0vBIMzLPk/BKixiRxLPpTKEzySLbkwjhsfTzWNe68SbSgzeRf9I+E29eifeu5U3letZHPHbRQOqy8PYtTKERXKNi+o1j/XKxfo842D6BKZzHuphP/QO8BT2Ex2fg4cfopxBH5XTHSe1x1gesiWSihf24JnJ9wyaVwtWEJOZ8ritx2J1cTK3CBVybuH7FKQ25jsdRZzK9OvNKeTnTZhDXMKbcXUyxAqYQjpq/kCz1Ja7lOGs1bCPXxzjra+r+INSrEeq1WMsaspYdz1aMw9q2xPhtmD7t2dZxWNmFOOYKHIDD9l/HVMNpbQazbg6Dj4GNg+Wx5k1hfZ3J84XwhTz3PHJeRe4yfn6D+7s47gMy4c+YlnuYXvvYLH9kyuG0wipMgRoYsJb9ipZ+G0u/eKXfsdKvU9lrRO7JGLclxk5nzTqDurZsakyzuzqSzeK08vNx6EVMx0t5he3FKVhvpul1BAEO+7M/r6Q38fxQnsdh/Ufx3GichMO2jOXVZAKnaxPp9z6eLyBIpvF2wUscntqGl/BMaYNcDsu5JpN0lfNecDxT6HwWuqFMnVlMrWe5M40y/8Lq1ThvYQoVt+XqyK50GVNnCNdIyjE88HheUFZMyrGG6zPK33P/jQWuJlZpgDXxRHELvHI6Vj4Xq2awi13E1YvrBq4sUomhvDvcwQ41juRpKladhcfmcb1wJB/Ag/8p/xfcm5STlDQuKRifFExICnKTgolJQV5SMCkpiCUF9yUFc5OC5HeTgveSktcnBRuSghnJSSlJVYNq99K2ur0SFnPdUks/B6RQXQKVJrML1A7qBSuSg2OCxklNguODk5KQJJZ4VdL/q5xUJSk4OTguqJN09Dh+PjY4MWgZpCcHKV2uCJJGb+rWsSD9pM7J8UL7zslBkNo5oQBaVl7SqaKAhICH7/eCoXjzkzoHeclBUmqf5uD5nZLjBZ7r3uiJjtzjBZMuVFHYW/R1p+S9RadZodLmbp0pBJ1n5w+mddXOlbo3mtSpT3btzpKpe6XZ+autEATbO7Uu4Ykbsr/r1L1RcufN3X6nYn+nSnuLKnW+IftD5FTq3Cf7RUmvxONokNrnU6SGhdn5z3eqpMLoTe8j4D3Izk6VgqCkU2qfgzR+zO70l2eFvUW3dLohGxVn519E252dNnc7h4pNktGcJ0q5NOL5nYJ9lWSHxzXG5QjMskKf7FbQ0g6034M9RnTc3O2Zjq1LDnVkAJd17N6oI8Iu69gn+75OVpHaZwk9PAP4UF2qyc/ocBqyKnemy4GhEWbavdLoTc9ZoXujNxlPdT2xjUdTOo/etJduD8uyv0O+5krmKdTm00fn1D6vQKthuymdcHo1nH5XJ3y9E0dVFIrkzF1IK9JYdyHhtU7Lyrcz3nUy9iZ+2MEPpai3V/28wA8HETvT7pVal9xthc3druaJrzpVKkg/A3t/gsAmNH1LFTXw3GIqavDEY52SVSgpHx8ns/O7IyyN+zGqOJv+P+t4Q3YfKos7otB4PYq9Hrc7/T9nBQXs6E2PdKT/tZhmAbbeTJONqvgUZX5hZDvpNrUTAVyFQEmSnZOJvOc77i36CQ37dKS7PRRWdOiT/T7alZxL26UU2i9Xd7oz0+8IkgrST8VyBLQKxJcCrEG8sLfoXB6sr1hv6wWInlmCV8OCNe+TfTrPUNCDs/ObyCcNvBCieF/BJGZb65JCLFazc7IKy8p/0HMBQw8LFUgFPV1OPLWSjIsYVliQbRnoRWaT1iW9kLO5I369kYoXsOsIzFkkq+VQMQNFJ9sdQz9oBYyM0rPkillY/Am6eAKhhR2x61xI+3Mr9cl+mkLJa3uLHsXiWcsI1wcplC8bvWmi3RF2kxVS+3RFRpUOPNEUIaUdSsprcO+r/suxVjEalnNV68S44qMJvkwKkugTii1V0GixZVMbthW6N/qmU/LmbidbATefzZi0yNxAZLKEbO42gV5rMx0etzurztNWKEifj1pUYAqk1e68rHwxwVRb6+FiRv+dwruYR7/DavO5DmgCaLA/0G6m3bFLrhUYOTKYIt0bXUjbL4jos+l/s57QOvgmPzTnqWLNNy0l4XC4B0FrLSnNkUMIqECVUytUIBWC51iD4hqwBo3eNMgKrUtaouOqDsz9cqbQbTSeT7vf4mvQ6E3xNUgeDitepp/5xMBWLRflBNbP6NcSC7AGSahMoV50x6wrraC1wZ64IfsXutOyVQnTIkP+kFDdrRcV1K2eCPX4BR1uo6ftNEVTCY2rHh9LfFSa4ETVy1YIeAsdvWlFR57VlnCIkX2JKVvKrvspXM+1n8b0Fy/Mows9sVKhsB03bGWYa6nc3cmEarVSL7oz7jFWWFZ+efyJ0ZtahU2OAyBDi5SExu/0ooK6jT+BHmoixSTDNJVQqa5edA/2m7um0h537S26zgpsqgTsig5Y5QtC/VauuYz2v2wZJeV0qcKy8ld4fC4by0eq+IJ58AuanoR1cYYUknf6ZD9odwJ3kRVm5y9Hh2ry3zoqKuO/LQj+QzI+Q48fuHYy/H1aKHd7AQ0Vb9ozwgKRGDDLvmLgYWFv0bMdWWR2WsHkdW90P6Pewr2jzLAOeas6jN60DLusOZeRPyu5eDtuiiBpdv50tMPbqX2KrVCQvgpbLlXjLcyi7xjuZ4g/Wb7cQ8+9GfIeKvLjFcvKFzKYz/DDKrl/C0/I46tQ4Kv45JVz1YvuNLndCgXpl3PfI1+mQ7fR7Di6LVVFDdou4AltVvQSL1zH48fR26mdKi0rT+eJn/DH5YBlWinvMNXVi+6azNp4GKGW51SaHuzEOvUgMy0sVCAVgt+IDq1crUu2dUqenf8WxlqvflYxtI/4YRkqlqliCT/sRYv53FmbSsq1nv2EkMl2Z+XpZ4Vl5Z0Y0T5VNKb3Heir+7qoYjlXWypf0hS9mCYL+OEeRjNbG8t8wuRRTZX1PDYV+jmO+JcsoVi5iusHHj02XkE0MqxdVORrEde8CRjeSizRrAPS5/J4++XdG020O0+0tcIN2b8Sv+91oJf7ePwu3Hw1C1IVLeNVeYJcoKS8PoXtkDPR7jlFRC+k59Bdrt3xd5EVgmAJQ17ckYm4BlPtQdAaFGukmbmGMbRFu2U82UODepHC9VTKdIOUPF4H/Ze6q4POedR+iMBZipUH6Ps5BD6Ahu/GK0Zv+oLH3+QJokmD6N6oEjPqVLpjit2QfQ22074y2e6M/yUrbO72Hl0yTbs3+hKBPzOguLuDX/E9i4gml1Lto6yA3key8FZn8axDNndEZ7SrztROpSKZe2NJ1uRvxvTeg7AT1feHaHYyyqyyO109bYW9RRN54nitCL1o0pC1ui0jraI1owEV+9CsAZYu0QRqwPjvo0LRcZkmUC+eqIMcbeTbOprQ1D7TCP5VdrduVZAerUvmK7P4hbYrsJQS0d0dTfWS8hQE16Hr5nLKkVioCxVHMcgsbYctrQA5BXVb0/4EBpYshY5jQAtxeX1seLVcrqx2CUvKL7RnSene6HMG02y5FNKd2fiwFeIL4hFK8urzqNbN91maWkhoNuqORe1sHGvDzsaPP+HD93Fsvc7WpE/2ifR0PbqcrvzgYUbXAV20OnWQcT+3gvTYW9ROtqyGym1pUp8htFTFcdDm2EBjOVo+PQUqG8S9HSytEiQtKx/JJL9Me7gt98tn59eny8/OJdo2oN32DmTM7AGskFC028j2dxnqN1H4qXAJDnoAAw3VOJYwyoko9CPmv1/RfjSjnE5FZ56apRk7GOM8yQ95DPBpbX+FjGMOBlJaP08ueJ1YmI8Ob1OxSFG/gceLuTYwyUq0QG2ALI8Tpj9t1WSPUqMXafcT3T1sd4QNscKy8u5UsiDzbZxHt9PkKCrfVZYXY0Afx3VXYtu90R8MiimwudsJaFYV211C3zXklLvQWZPrIbsTaU9ZoXujFxFYUwG+CoVqUPEBGhLge4u+5Allgt8i+BuZ7Fee+BhL/8oysLRTcrzAdqbBcI8XlPcSleusgNJrkT8Ik67AePUV4i/xbE6H1iVFjKakPeN8EJGXEYRxb/LawPd1LmUxj1qBKObO/NB+LDf2yV6DTapGZjyZQW5A2kWRgQtkvvdQ+z6IJlue/PkamkxgTM9xH6fV+2mE5UCn8+Q9ckE+j99FRS7WG6OKm/gh2yTPzr9ZMlrxaD/6PhYZ/1RM1MAX7XlC+c0xUYUW3tN4koW3dUlP9UL0xQcVvPFvU3JN7ooCJI64c2DCzkcUN5MXV1lBbxIF6SxTKIctTmNa6M5cixfOsSdal5wbbxIEGTxx0O6M6UjkZ+DnExkkT+hdXU3id2TEC6fZE9aLmqhbydA9mMO6q/RMmxE7a38r8PLFCNiV4m/Gd+FyrRt/xSdf65IMeRcwWZGkiiV47hme+FBu/E8v8co9VejeaD3qs120LtmFT5IZ6Y8I/l6+SeKHzxBaiUXkTe1OnyDwTS3EWxnqVjy2hkdJU7s3ehm/JiSym7vdawXtQcrNCNu2VGxn2E14alXcr5u7PYt2NRAapjaz86/iasJ1kmScice/YWC90XCpgnUs7T2RRcMFVuje6FXkzFJsrGZQL2KUDTT9TJPjI7qtTA+f8GQzbeiVWP+bxUcnw87OPwh9WIv5HoTUYG4o4NsqXZBU5YdxxwSPEWg3ZPdDGaKJV/cO1OrlTN6hoGUMATpRmBwvaC0xpMMRK5CcUwCxscQLDJkC6IbsW+OF2flkYfwPXU+IF2RJdkM98328sLnbU3E1In3+O+dhNh30hppQ4DxM25AKWKAD1gsIy4EYK0WxroW5NlEw1+5UrLKCMkGWCwXNfh5NYk07hGL75UVttB8ybKUGnIepgALS9OO4TipgPUXtx0h7n4Za0r6Qx1/lh4NUPmp3dutcK9yQPYQLFftkX0hbvSGcTcUm6dycJ0q5NGLOw/Ryo8EyJVb+D0ZtbxWaGSoQu2eh7Q9o0A2RfyizvQoNKjOm2xkbM0PLmEY9O3+e3VkK37GCpoy97+wt+ovCL2hRlWn/kRSvQ3S9Qvs6hNvkeAWvIfaEvVWpiV6zlpXv4s57l7I6/L+cOWx3hlZghdQ+Y1CO7ELvG+z5HXRIhSzlP2dRuJ8h6kSTtx9ZoaJQYQEVgiRFvU00FSSqT/ZZVJysudmDqfgdYm5hbi6VbpPQfDwL39N2RxW9tungawNNeMvQKwB7KU30BnCqjKY0/Dp+0J1eVNCri94R7F1mWXkZrtvGD5pfe7SKLKcgbyuLw9ubu02ywrLym2n6lSouQNPt/HAWYFVcde1duquX4GempF4UzLcqqFsibFOHikIFUkHLrI52CEMVWI0UwzpsOBU/aac5Q0ujYqQ98duNeydls0ModMHfMbsz/JlWmJ1fhNjzVLEIDTNo8iKm7NwZu89lpGReozc9TU0rnP4440jXSjydtulEw/12x9rDrdC65HoMdIpm2UU4vjmrwUWY72gtHxdhh1Bn7kGwi3HrBUWuxX9l5mNSAvaIf65E4mOsaxetVC6GDVcioITCLysY6yF8Vmkliwh2T1qJNi07zc7/cwXjpIttK9D3MjpfvEILC9G3AhvepsIybFiTthiT/hk1hfgQdnakZmq8wKIbRyjHpkGhe6NHcFfRCoL1ftT9dcXmbuMwxNErCYibO43edNZKvfTtLTp/Jcq15AmNIz6w4BlyUm1YHI+uRLHbrNC9UbdO3RsxytQ+qYyh48p4HJ6wEruVsBLXWKk8ibxuBWrV68QGvgKDHIs3Zq5QusFB3woiqzOF8hUF6Tcw/OSVuPgehB2xUt3pTnevWUEH9pxvyDC7O5GgrtCd+FvOEHfTdkP8zEEFhHzGIzo23MIjzJuC9HWdODbEZ8v1hM7CFjHWmh105qA7UvtYIQha0KRZR8y0u6NeyllsOsoQCNVpSxeU0DHM/fEK9kMEz+UJFhvUo6A3sJOQxXKkNwWtT8ixO5ZdZAVNOVvSlpWvo6IyC/mHCGbRK0jfgZd/kBe5WB+1a1cU0FCJVLW4S1Ug89IKpUIxVgwI5yorkXIALc5YKQPsLbpgJVPpNfTss1JmtbudsWiJonGxFbSnKMHDNlt4pkonnbGQN1kS00n2id8ZuQqyoOysjw/I2ILW8TMW6clAi/H4QSqm250mt1tBZyxqjorpnXh5RM5x9PKGKmpAF3LViPeigqKfdyaebNsJY6XzQzW0vJwnPutI9NxhqqsX3YOnw02HmfHf22qZUGiQhNU0y9hIgyAXdfRuHn+NoNMSK2zutj7+hE4+1KQgfZ/JoJ9vrAD5hUKAc1JwB4+m9jkC3+uIOc3uBNWZVuBFjxhIkvSLELSfIV3EPsV7lAooH6DrWV4QwodnkQFo826Fvhh5dn5zRB/EBUfbnf5qWGFzt2SWxJ2q0Cq+EasdxGIvKyE5SHuk6gMJ93hhc7fX5bK1SPqIH15jFLs1nAXWUNGrO0/kWEF5iWUBhBbO3Inos/BQeKatgNBdqQX9KR2gGzmDezw/0tYsIcT0R/SFZ7o3SsJsYYGnlHR9FG+pAhuz9tItVmDc74IymWtKnV/sgFmfpv/yZX2yx9mdJy6xwuhNyvTv0qb+G7FwLNd7TOKFmt5PsItWRqCC5GJ5UQU0kMoVBeZ4fFRaqLXfa42n8RDMNKOjvqDpTiA+ZQW9MLMkSMVSFNhGxXsoUEdbqIbThqfiQw/OU5q4xGxCT0uYfqSc5Ls8HhZY5Dqy2FfCHhWF8GHugb5BxU9h0FWpLuuQhrE+XsNmEi+k9plDIV8Z7p/IRIKe4R5YK2X1oDrxmtn56SacZ7QeWqv0uF30jArBnCRNstooWrIM2+xC9RIsvQJzXN2Bgc5gO0/mhxnMy2GyzQzWy+cwxQoEfaAFR01+o1IyftOC08IKm7udSw88Ifepie4mQwXehlmQu3H/qAOh2AGFMzjxaUXT9ufSy/EUSpbFhZYs03GrjAiUCWRNRhXZzgoVSAV7qWA7iz/HONGVQUstK4zeNJoVO1n56r/iBS2phrTgWUFncoopTFU/Xmhd0iYe1uz+8ULrkuPiblTazl1O2Mwgt+p8fX28oE0JIifE9QnmoZzex8JIbYwGs9RNerxAegVCut6qrKA3fd6mJCsnXoiaa5TxqYggvW2bEXQAExYgccSddY4ojlfhXR6a3AmFJ1PD203FEKJnLOmXaSkm2FhxX1EI97JzrIAfM0A/2Dyz/W92fn/mdGUWuHGMjR2ye6P43qljJ91ZdN63gs4obZdtXZLMoH8hMGqwSrMPj950BCvmKyxLR3S2pF8FEnV7wpJ+NVHS37pkH4FG0s/ZC3roSPo5u7NgPGSFIBiPHJL+vUUDUHkV75qX06SjZGRQuJ+oPQc9yPVJMLyAAeIW4I4V5SpNJ8aXDutNy/OoOFlr6BXopS8adzAXl+pl+n5GPp6KZ+yOKjrEHI8ttZmT9CtrV7KlX4IgYZYVD0Guo73u9KKCkv69Rd9RSdLfumQPsbWNawvLD9uvdmqt5epFd+x8vxW0Udvuol1WSb/GaUm/VGft5In4WIIrgiS9+WMmba0LeJox63yJe7ygs2iskB0vsBJrzY0XNnc7VrNhjDdXIZhIBOkIAQmaGrNYS8Z3BCt5f0ZavooOK9FQR/gbVfEB3e3ERzq/+14j1etNwPZaxlPVFR5lmE8nxdpHjtEWvwFhTdlLV9DniYqo5yCnsDM/aneeyLWCfo1jb1FzbeQ9aJJGVJ1Nt6lKAk4kCOsh40S6rqLQLmSFq6K2hXhK5+mfsn41U9taqJxORQaPniWFsjFqB0Jzlt3pf5kV9A3OnihI/9aazM4/jIYn6E1Iv6zQiKsKcVs9XrG36A+aabvcp0TmMMPWh5Z93Fd2Qg+94s2jYikq52ol6MFgCE8VpCUFpY0VhdDg3IPgO9wQRS8ODCeyPoirQG9braAI7JN9pgZZGVu0ROMaXE01yHqMuCFuqMfFPFaB1w4er8WTfBDXtxHljKl9lH5tkit/Qi8lIbtRlHMuFXhL0OB+xh4rGY/2wCXakWvRRiFTH+nTNNpUutNBpL6GdItX8DEfQUfQyyptQzXpX6n77wTKJh0rKY8Lgvi5bThM7sxWbQpmmDgr7Ii/9XAh4fsDCu/SjpRMzw2wtU7q6FAFvbjfkP07TpyoRed7mkznKkOLpzSKDYxeb+JKWxYoOWrrBUmP99y6ZKM2g+esQCt9XNhIR5u5b5OZvqRQxrWfmOSDn74cjd70B0/8TCWmViEIjmK4ejHis5AyJ74rMwXkv5M0Jdt6QdJt5daLFCZaSefyAKGiNyoVeLVRpn8/C6ZyMFa/4D99xaXi/6YftLVfVxTC3TLhjQol4hZQQSv3dASP16r7v8+36Am80Csv5E1Xb485VtAixwe3DlTUo31jHt/BNU/57hOM8i8uvdC3l+VOpv/26vtUCg3RLoPrkCbKlSiyGr/eSQVfNgrSH0CJfNyok5/8jsTFMitoOrDdaiPVir0B6V9TUUUz5ycpRFz9hPCL4hWbu42i2dfc75NPv+DRR3liPb0USY8Sxr6Qiifsznqck1jY3AmXCvGSohVEBR1S88KrLfhDCjuR+Dmu+l5eKUes9pByJLLcqsDHApaYMu7HaJXfRqEpT6xFxRO1hr9G+1NYlebaHZ0ftIISsNn59sSNVDRjNbqIAD1WQtsyzAZE6hmMjOjj2BUz8ckKE2GNY1hY/uBOW/26VmqfNsTmlQg7W09MRP8OPDHX7vhsrRW6N/qCO3vI6E2/orv2EP1CJHsIYQLVr3jWYOuxT2d6W/wZHfQyWyar/siw32VgH6HhG3LzR3THZjI7/zekLmWo+vRWqEXoCAoxBqTlFRepwDykS63qJXKzDrDbEoS7GF2+fqlnLV0pzOJxp/eXaMll4oVbjM67EwrhElVRmM1XMPYFHXRXFObFF9CKglZSCtrSKgphF9yDYBzJ9A3Z39sPSp07cNdvtj5CN3RM9MYLLDrxljoz5q63o+cxw3E6xnw2Xojk6PTzWIz2oNLjFCwRFjQFefpY4issCAVv8xKsNxWMq4VlF9NsJenDCqYN38Y1zcgl8MMMFtw0bZUzCIxzMe4K7HmJ1hG9QvXH/LXRtb9iuoUV9AplT+iNSU10NxkqMBD674aFAgV5B5rspKdWVGxUt8fz+Ep0iCsWV5GkPt6fClJAvyfJs3r7/Yv+ZrAn8olCBR4nIFewlh+hgNyF8g0Judoo0FAx3MIKUtGekEZQPHgJwY0MFRSMUjG1z+G4isvKD9JtKyoOqNvjTSGa2T14H0PqFwx0ukn7eSj1EmQjWq5RQP+K2tto35j2ZWrfGR3K+WGg3ekh1wpBMI0x80Sf7NkUNLlf5XpbT6zGkErQtOG9otV1C3ZbzFM6qVustedbK3Cwi3VXqCLA8WsRqo/MO+T3I63AubnWkFKEKaKe19JTnZ3nMdomYZiHtdR9jw0mU6HfYJis/tdZQZJLyh+S9OcZ/2N0OYtxLJLQArpailCNZbnm4p08/gbDHmR3fNHDCjq/VwaNjGYMZhECm1HxiJLDuA31C+psecNwXareGYcRb/31rvsG/TEnyGq9oF85IcrfjRfYMbDJMM3KxuiRpVbhr3LEC6FAFRRa61GaOaXC5m6t1Ww9Gl8WL1gfbChe4Nn4w9yD4PUUpStPaADLMdEIK+hNjO1NG9hhRtOKyFzOtURbzBjODqojTV9vu8mqY3hiNBVFzL0HNIHWolkRilemsliOUGa/giFdwvhYDFVQWop5j6b2XQz4A2H2hZz4EmY6hDf0mxa2fr9Ed0czGb7hieaK/QYIa01UdGewZ2vtvYuutH4/YXcqlN52IBg+ij/RvdH31kTfp0yG1l4J3dxN37boRRXxbv/kCfTQLzRIMWUZ0hQnbTHdIdrIVtCDLMrolCFpuJu7VScyGX/3RnWYqjJIHZTCQqqQyYIghZDFhvqFchn1hmxFJlbWQZ/MrjHoHvcIa70Shlet0Cf7HbRZpLTgExqvx/i7qags835HX/oAdoD7RfEKvSmyAnKfrKBVnjQLvd/mmi2dX4Y+xw9P2B2N8qygvxsInziPH2YhtGVcRkl5QwrZDLNRvBdVqNvZ+acC0GN2fidkrMdNA6hAU70rSXX1ons0qg+k4otW2NztDe6faCnYSOFLOv+YPn9QWO1EvGb/Tiqra4/fyeNHMtm3cydx2NxtE/3o5VMziq09tc9iFDiFCo3qFP1Sl7bVU3DLyPgTm7tdYU3021Emo3uj0ykciXtOj/eiCnU7O79LXI/UPr1Msb1FSprQtE/2fRQ+4PH4WP795qvds6IwWzssqSBSw4KhZeUneYHWal7PC6zBeljNwwJEKN5X8DCZp6LQ8pwbsn8iPo9G3g6GzFuj/jKAs3kiUWlNC1mnwAoaSOsSZoE2N/YzmrTnbr9AdSKF+thP8xVjqJDaRx+71fdvcrE+2nxHD9cAWPT1oU8ZZEF6LpP4Uz0xFX23EcUKtw+1HJai4XvaMN6n5m3afsHFTOre6EeElNBlEhPoeQWhTp1mU1mX+4OKAf32/lie0C/vE3Mq6FV09KZaVJAaBYHe5k8nxL5GB06nlcbytrGc73N2p2K0FbRXcminuZbEo8ewvLzOpFqgtPou9tlkesnCsBnK1Rox3AyF+DF0dRTtzkSpg1r8elKhzGEkIyxShYwao32R3alYbgUFJ59gNF1303YdGn7PnWlCJkrbZsj5A8EXxyu07sZzxlwZZi9kCu1lx+ky3dv88CSVL3HNVgI+kSYsPoqKzd1W4PokzL5FbZ+gK2X/+uWeagponc6nYuEyRofbOVGlbWuc2hOhLI+sQFR0wNLz7M4T71pB71y2gGpLXVbeGktXx/zIaF1yBAIVbfplPPLtKA51VixtpSl2VCFfm9aDrAoVhQr0kh18kZ/FhSidJa6VSd4WL1DN8yB+4HkKvDkTaDs7UjM1Xvj/+j4bDPp3E1IpZEIhTIIrCjYz9xb9nlgIZ11FAXlxgdyDisSTOPy/8dm9qUj8KVR2EQjriLsVDGCrokqp8OdIkmbfxCv0eqIn9Bdh1kQvD5Khu6moglS0J6SRmuhuMlQoSN9FQHYjhlgQpKJ+f0sq6niEXo43hSRU9yCf8xLeLxBMAjJ6061W0JLDW5XMdBCLPMX1KkqdqHFkM//uom029iuJV+icRk/sLaqnkP+JR09ir23LU6dLy2H03YGQL7Q7Sq21gj7O2RPxkzOtwkoikaEzNgnV3XpRQd3qzND0YMphh6ew5Z64pt0bvROqHh9LfFTEvVaFtVZQKqrPXwzzJ6K3P1b5icaIV0HH8PoYuLkbptYfuLAQodEGnkjTcl1C5zpJLbQ7Twy3wuhN5/HEURpEA6QnMe4GVCBUBf26Mcs+YZKp1aEjT9RC8ACe2KzfHY5v0RJq93D+6kTBJqn+MMOmbUKhAm3oFCzFeVrrNWAGMdoK2ibwimZBXVWwEpXRbqH6KyJ6k9DbvpdoJdNnxfZKAE5Fg6pcV0DXy2Z380M+ATjL7khXzpCPj9/EVK/ovfhD7KVfFPgcGQ2Vi+9jnB34YR9P3hKv0KmJEi39XRG9bKHtErRbxROvy+4vYJ53aaZff3lXa74yofew2xCeWKMnuvF4Kc3SeWqploIlhNcKGaEq0llSdGCZUGBJ0TuqFVqXtKMlLy4yvQrMISUUX/HD7dxtyhRQ+BEFn7I7kaWk6EcEfErll3LbL+j0ARX6XfhXpGQN1l9ZXQcRt8YrZEqWHOL3Ey0mit3eGHk7PT2vRH4ltBkbo5oRnUtZvzRb2Zx1bN0D6XdpielCu/msKGdhtU3LUeYUnn9ohQ7N2BBW8EQdlGm8kuW2E0+tpG0MF5y1Ems/xERsspJPDHj8wApcWMySM4e2pXit5gq02thR6xVaAbI7YqedEBSINNEni2OwNwsWH1l5iAUi2EajrbLLizz8eSfdbbFRQauPngiXoz+JF63vx6A0s0ivaSrotc2e0OmemuhuMlTQgjU7/3IGzoI1etOFWP1DoqE9FRs1i5QCr+OpuGLBU1hOQcAmEN8PzPc6IlOBUW+1wuz8HxB0hiaqXjdOZebqxYBDZKUxrUvqcim/+VOLSwPcpt+0qUPlKvVZFX8+gxI/YOQZCoGPoDH0ftbunKQ0SywU65BkoRXww1orKO1XgoVZ9jOU1VwHqcCS3Rv9gYrlWOAPBo4CKvTJVlAdROcjZcn90OOw5Hbu5JNK3RTRpEx2Z+BtvYAl4qbgHmhTv4HTHBnBzMJhY0dmi/4EkAJHJ4gF6VTICjonoln85Ii7MoBNBAkokhNsx+haNYgjNWiOrLCAAVZgsOYMb+kKZTcF6ckrGVESolqsZNkkGDusxMZZvHBdtpIl5FzdCcYgUIGKZboTCjWXq8Bldzq/bDmrVZyowPK1THdMXFKiAqqdqzvSW2hho+1tBO2WFfT/REcyhxW6S0MWgLjycdtQpcB43QrMSQZ5sqw+DCmnERS6sy/FC+fYE+FvYr+OjTM4vtRpWYb8cgTjzCB8TsAAPMFUxJX69W7dkREvnGZPWC9qom4lQ/egoLKysKMI0EC0Pl7Rn5To2wBboXa80ZsaMYeSeYLw1R8Z8uaHljqTJx3UQsyxPY9r4aKH1D7aTk5mf5xI9Byvil4Emj7l6aC2iioaULGPcGyALGJUhfhe1ZYml3Wi2yt5og40j8ptWv+f5vFpmHe13WmyywqtSw6jx7vaELQcJjHaI+j6TAnVp6tBPJUKeERL9vEM7iEdQWxAckWhRNMnHVRReKgTTtanxh601i8HVe6E/GOYITl4pDryLf86wHB0ELva7qzDD1lhWfm10kI61mNYcztqSyNGpJKylf/yxzH6PMHEYhmtLPN+zBOyVSqe5bg5CLpCdX5xL6YhH99b9AQm6WD21p1tbYcVUvscYvq2U5Pq7BRn4q8jMcBpcmJjCifYtbcoVZF1Kg6sjVla8VTC30YF65lp0VRmgi1BTSai5rEKNPTlrXVJuLyl9jmNxjrmaBJf3mbn6w2hAeKT4hXKZ/SE1pGwyfO01/L2lPblrQzxQYLmWbuTgdf0guyEW6QABuN8yQpamvhuFl/e2DuQdpA7r+hazeIvQX9woYAKm7vVQiM90UDhtx9tGqOztsemMul/f3nDOtqYn9EXkeMQARu9SR+PKai9oegZZVSy3bLyLjrsZocLylYwmJIOVthbNCGOomd0nKCdGGH6iKxX0/H6U/AVRMx+5UsrEPtdPBWrKGAkvRr9xODCgi4ePouaZ9X8LMbAET7vF4mFsAvugf3FMy+6hD42VkFRGgT67GJh2wTX6bcza2IjAlvuj0e6fqWC0NeZqwrx74o8wcshXtDnx/+JfxemblWQHvaEFFMTaWoypLqE6q5etLQ1thIrSGNGtQ8BR7G8sQrpb9M11Rg+bVin4r/+frL1pzuR87QV9JUofKIXEaPZ+Z9WMj1hK1m8SR3kTKRrVjIJ1cKlXnTnifhKJj3sibhidXj8KBRDhlSXUN3Vi/4FFAZWhS6ZnOxLnVg25PG58YISQUM6ULYCn5Z5mImkGjrSx5jkeEGtlABTUxQvSDJEx8SfEagUdORgzVUTCqxCDVvzDBYMgireIJolVhCmwVx7Dmd+YgX92wFB0Fru1ie7E/BfE0ZZV8ZtwfgPMuwWAGypAisuxpGXW2nyK1N6Cck6GjxDltpmHUcKaHZqwhLj7LhWoOP3rKBf7edLdUekVGZBakSsKYquUf5cH/n349H6iKVjFYKgHL/V5ElWZf3JkZaO7o2+Rht2QZ00aYHg3NvuDLitF9Rd8DZH69qkmJVaEHYxwc9QfKjmOga5H1/do9XwJ/w6hQr5Y5Y61+fEOXSuOJujJvrLqjl0rCySJ1L7nEE4TGEAZ7ONI0N/YSOhuqsX9jVV1IwTfM8eczZDHCdrnMGQfsGJp+KKZh0YmlIQvbY1tDs2rWGFvUXJuuvMTJP0lw5S2WRoDHGhGktNJhmn/fGOVVAVUlT4gLlfDQWekKtqoexlrAEN7Y7YNCvoXMqeIGGzJvE7RlNBUo1oHumPCPTiiwZp+GIiA9aHsYl6QpvZRNTSv8fCE+pfTXSXDC1vz7J319Y6/CzLUiMtFqppSsP1zEZ7qf6OijOwciqiz1FItkNCB0TqX9hgBdKfzqiwudtj8Sf0J19q0if7JRyMDH3jklDd1QvdqaJ2nOgXC/VpTSe2WOBZhOwi7mYxtO1y/WRiZyNP3WR3htXOCnuLGsWf4NMEFtzF0rKefBYZGoOE6q5eNBnTEEDHKqgKKWlIqcKw2tDfYYnN4JHvuG7i+k7WyrOCPmHYE/oNBzXRXTKIqOk80Uhr8HQscDyh8QAReZIsMAl1WjGsm+zOsM6zAh/a40+ofzXRXTK0J+7EzbZO6C3D1onT4wX9IyaQgD0x/oxO9CreCMiyMQSFIJiPpm9pZi2KF3RobYhUN17Q6bN+F80KCNKR4sNeMBRJDu5nHdMxj34gUzzZC/pNVUaphLY1+jfBKHs0CY6icANbWBUCbX4HPLEXt162XJu07gz7ISvoqMee0D/LoiYcMOJEk7EE57XGSkuo/JcGEy6bWkUqCkw6hXxbnutplwRRMRBtvmMWxpDK9+/WJU9S0F/Rr7A7edWnVtjc7UfuPKEMU000xU2GBiyBuqsXLBW3gP0ab4U2OgWxAgcuuPYP5RS744WC9DOsAQ78pxcwcYCL2nnBgkgnzlao+BDJ5h8vKEkxpJOWigJEMfJfNpUg+P8A(/figma)-->\"></span><span style=\"white-space-collapse: preserve;\">The Netherlord's <font color=\"#000000\" style=\"background-color: rgb(255, 255, 0);\">Chaotic Wrathsteed is an epic flying mount introduced in the Legion expansion. It is a warlock class mount and can be ridden only by the members of this World of Warcraft class. There are only 12 class mounts in WoW including this one. Buying the Netherlord's Chaotic Wrathsteed carry will not only allow you to get the original warlock class mount but also acquire 3 color tints.</font>\r\n<br>\r\n<br>Boost ETA: ~48 hrs.\r\n<br> \r\n<br>       Warlocks can ride the Netherlord's Chaotic Wrathsteed only after the completion of Class Hall and Broken     <br>        Shore meta-achievements. They can still be fulfilled in BFA and shadowlands expansions.\r\n<br>\r\n<br>The warlock class mount carry will get you:\r\n<br>        start of the boost within 30-50 minutes;\r\n<br>        the completed storyline class-hall quest to receive the Netherlord's Chaotic Wrathsteed;\r\n<br><br><br>ability to acquire additional color tints for the class mount upon completion of related Power Ascended achievement;\r\n<br>high-class VPN security.\r\n<br>\r\n<br>The class mount quest only becomes available after the completion of the Legion major achievements such as a Glorious Campaign and Breaching the Tomb. The additional artifact-related achievement - Power Ascended will unlock the additional color schemes for this awesome flying mount.\r\n<br>\r\n<br>The warlock class mount color tints include the following variations:\r\n<br>\r\n<br>The original Netherlord's Chaotic Wrathsteed in green color is obtained from a class quest storyline.\r\n<br>Red/orange flame recolor - Hellblazing Reins of the Brimstone Wrathsteed can be purchased from Calydus located at the Artifact Forge for x1000 Order Resources after completing The Wrathsteed of Xoroth and Power Ascended.\r\n<br>Dark purple option - Shadowy Reins of the Accursed Wrathsteed is obtainable from Lord Hel'Nurath on Broken Shore with a 100% drop rate. It can only drop if you have already completed the class mount quest chain.\r\n<br><br> TEXT CAPACITY UP TO APPROXIMATELY 3000 SYMBOLS</span><br></p>", "order": 1, "product": 6}}, {"model": "products.producttabs", "pk": 2, "fields": {"title": "Title 2", "content": "<p><span style=\"white-space-collapse: preserve;\">The Netherlord's Chaotic Wrathsteed is an epic flying mount introduced in the Legion expansion. It is a warlock class mount and can be ridden only by the members of this World of Warcraft class. There are only 12 class mounts in WoW including this one. Buying the Netherlord's Chaotic Wrathsteed carry will not only allow you to get the original warlock class mount but also acquire 3 color tints.\r\n</span><br style=\"--tw-border-spacing-x: 0; --tw-border-spacing-y: 0; --tw-translate-x: 0; --tw-translate-y: 0; --tw-rotate: 0; --tw-skew-x: 0; --tw-skew-y: 0; --tw-scale-x: 1; --tw-scale-y: 1; --tw-pan-x: ; --tw-pan-y: ; --tw-pinch-zoom: ; --tw-scroll-snap-strictness: proximity; --tw-gradient-from-position: ; --tw-gradient-via-position: ; --tw-gradient-to-position: ; --tw-ordinal: ; --tw-slashed-zero: ; --tw-numeric-figure: ; --tw-numeric-spacing: ; --tw-numeric-fraction: ; --tw-ring-inset: ; --tw-ring-offset-width: 0px; --tw-ring-offset-color: #fff; --tw-ring-color: #3b82f680; --tw-ring-offset-shadow: 0 0 #0000; --tw-ring-shadow: 0 0 #0000; --tw-shadow: 0 0 #0000; --tw-shadow-colored: 0 0 #0000; --tw-blur: ; --tw-brightness: ; --tw-contrast: ; --tw-grayscale: ; --tw-hue-rotate: ; --tw-invert: ; --tw-saturate: ; --tw-sepia: ; --tw-drop-shadow: ; --tw-backdrop-blur: ; --tw-backdrop-brightness: ; --tw-backdrop-contrast: ; --tw-backdrop-grayscale: ; --tw-backdrop-hue-rotate: ; --tw-backdrop-invert: ; --tw-backdrop-opacity: ; --tw-backdrop-saturate: ; --tw-backdrop-sepia: ; white-space-collapse: preserve;\"><span style=\"white-space-collapse: preserve;\">\r\n</span><br style=\"--tw-border-spacing-x: 0; --tw-border-spacing-y: 0; --tw-translate-x: 0; --tw-translate-y: 0; --tw-rotate: 0; --tw-skew-x: 0; --tw-skew-y: 0; --tw-scale-x: 1; --tw-scale-y: 1; --tw-pan-x: ; --tw-pan-y: ; --tw-pinch-zoom: ; --tw-scroll-snap-strictness: proximity; --tw-gradient-from-position: ; --tw-gradient-via-position: ; --tw-gradient-to-position: ; --tw-ordinal: ; --tw-slashed-zero: ; --tw-numeric-figure: ; --tw-numeric-spacing: ; --tw-numeric-fraction: ; --tw-ring-inset: ; --tw-ring-offset-width: 0px; --tw-ring-offset-color: #fff; --tw-ring-color: #3b82f680; --tw-ring-offset-shadow: 0 0 #0000; --tw-ring-shadow: 0 0 #0000; --tw-shadow: 0 0 #0000; --tw-shadow-colored: 0 0 #0000; --tw-blur: ; --tw-brightness: ; --tw-contrast: ; --tw-grayscale: ; --tw-hue-rotate: ; --tw-invert: ; --tw-saturate: ; --tw-sepia: ; --tw-drop-shadow: ; --tw-backdrop-blur: ; --tw-backdrop-brightness: ; --tw-backdrop-contrast: ; --tw-backdrop-grayscale: ; --tw-backdrop-hue-rotate: ; --tw-backdrop-invert: ; --tw-backdrop-opacity: ; --tw-backdrop-saturate: ; --tw-backdrop-sepia: ; white-space-collapse: preserve;\"><span style=\"white-space-collapse: preserve;\">Boost ETA: ~48 hrs.\r\n</span><br style=\"--tw-border-spacing-x: 0; --tw-border-spacing-y: 0; --tw-translate-x: 0; --tw-translate-y: 0; --tw-rotate: 0; --tw-skew-x: 0; --tw-skew-y: 0; --tw-scale-x: 1; --tw-scale-y: 1; --tw-pan-x: ; --tw-pan-y: ; --tw-pinch-zoom: ; --tw-scroll-snap-strictness: proximity; --tw-gradient-from-position: ; --tw-gradient-via-position: ; --tw-gradient-to-position: ; --tw-ordinal: ; --tw-slashed-zero: ; --tw-numeric-figure: ; --tw-numeric-spacing: ; --tw-numeric-fraction: ; --tw-ring-inset: ; --tw-ring-offset-width: 0px; --tw-ring-offset-color: #fff; --tw-ring-color: #3b82f680; --tw-ring-offset-shadow: 0 0 #0000; --tw-ring-shadow: 0 0 #0000; --tw-shadow: 0 0 #0000; --tw-shadow-colored: 0 0 #0000; --tw-blur: ; --tw-brightness: ; --tw-contrast: ; --tw-grayscale: ; --tw-hue-rotate: ; --tw-invert: ; --tw-saturate: ; --tw-sepia: ; --tw-drop-shadow: ; --tw-backdrop-blur: ; --tw-backdrop-brightness: ; --tw-backdrop-contrast: ; --tw-backdrop-grayscale: ; --tw-backdrop-hue-rotate: ; --tw-backdrop-invert: ; --tw-backdrop-opacity: ; --tw-backdrop-saturate: ; --tw-backdrop-sepia: ; white-space-collapse: preserve;\"><span style=\"white-space-collapse: preserve;\"> \r\n</span><br style=\"--tw-border-spacing-x: 0; --tw-border-spacing-y: 0; --tw-translate-x: 0; --tw-translate-y: 0; --tw-rotate: 0; --tw-skew-x: 0; --tw-skew-y: 0; --tw-scale-x: 1; --tw-scale-y: 1; --tw-pan-x: ; --tw-pan-y: ; --tw-pinch-zoom: ; --tw-scroll-snap-strictness: proximity; --tw-gradient-from-position: ; --tw-gradient-via-position: ; --tw-gradient-to-position: ; --tw-ordinal: ; --tw-slashed-zero: ; --tw-numeric-figure: ; --tw-numeric-spacing: ; --tw-numeric-fraction: ; --tw-ring-inset: ; --tw-ring-offset-width: 0px; --tw-ring-offset-color: #fff; --tw-ring-color: #3b82f680; --tw-ring-offset-shadow: 0 0 #0000; --tw-ring-shadow: 0 0 #0000; --tw-shadow: 0 0 #0000; --tw-shadow-colored: 0 0 #0000; --tw-blur: ; --tw-brightness: ; --tw-contrast: ; --tw-grayscale: ; --tw-hue-rotate: ; --tw-invert: ; --tw-saturate: ; --tw-sepia: ; --tw-drop-shadow: ; --tw-backdrop-blur: ; --tw-backdrop-brightness: ; --tw-backdrop-contrast: ; --tw-backdrop-grayscale: ; --tw-backdrop-hue-rotate: ; --tw-backdrop-invert: ; --tw-backdrop-opacity: ; --tw-backdrop-saturate: ; --tw-backdrop-sepia: ; white-space-collapse: preserve;\"><span style=\"white-space-collapse: preserve;\">       Warlocks can ride the Netherlord's Chaotic Wrathsteed only after the completion of Class Hall and Broken     </span><br style=\"--tw-border-spacing-x: 0; --tw-border-spacing-y: 0; --tw-translate-x: 0; --tw-translate-y: 0; --tw-rotate: 0; --tw-skew-x: 0; --tw-skew-y: 0; --tw-scale-x: 1; --tw-scale-y: 1; --tw-pan-x: ; --tw-pan-y: ; --tw-pinch-zoom: ; --tw-scroll-snap-strictness: proximity; --tw-gradient-from-position: ; --tw-gradient-via-position: ; --tw-gradient-to-position: ; --tw-ordinal: ; --tw-slashed-zero: ; --tw-numeric-figure: ; --tw-numeric-spacing: ; --tw-numeric-fraction: ; --tw-ring-inset: ; --tw-ring-offset-width: 0px; --tw-ring-offset-color: #fff; --tw-ring-color: #3b82f680; --tw-ring-offset-shadow: 0 0 #0000; --tw-ring-shadow: 0 0 #0000; --tw-shadow: 0 0 #0000; --tw-shadow-colored: 0 0 #0000; --tw-blur: ; --tw-brightness: ; --tw-contrast: ; --tw-grayscale: ; --tw-hue-rotate: ; --tw-invert: ; --tw-saturate: ; --tw-sepia: ; --tw-drop-shadow: ; --tw-backdrop-blur: ; --tw-backdrop-brightness: ; --tw-backdrop-contrast: ; --tw-backdrop-grayscale: ; --tw-backdrop-hue-rotate: ; --tw-backdrop-invert: ; --tw-backdrop-opacity: ; --tw-backdrop-saturate: ; --tw-backdrop-sepia: ; white-space-collapse: preserve;\"><span style=\"white-space-collapse: preserve;\">        Shore meta-achievements. They can still be fulfilled in BFA and shadowlands expansions.\r\n</span><br style=\"--tw-border-spacing-x: 0; --tw-border-spacing-y: 0; --tw-translate-x: 0; --tw-translate-y: 0; --tw-rotate: 0; --tw-skew-x: 0; --tw-skew-y: 0; --tw-scale-x: 1; --tw-scale-y: 1; --tw-pan-x: ; --tw-pan-y: ; --tw-pinch-zoom: ; --tw-scroll-snap-strictness: proximity; --tw-gradient-from-position: ; --tw-gradient-via-position: ; --tw-gradient-to-position: ; --tw-ordinal: ; --tw-slashed-zero: ; --tw-numeric-figure: ; --tw-numeric-spacing: ; --tw-numeric-fraction: ; --tw-ring-inset: ; --tw-ring-offset-width: 0px; --tw-ring-offset-color: #fff; --tw-ring-color: #3b82f680; --tw-ring-offset-shadow: 0 0 #0000; --tw-ring-shadow: 0 0 #0000; --tw-shadow: 0 0 #0000; --tw-shadow-colored: 0 0 #0000; --tw-blur: ; --tw-brightness: ; --tw-contrast: ; --tw-grayscale: ; --tw-hue-rotate: ; --tw-invert: ; --tw-saturate: ; --tw-sepia: ; --tw-drop-shadow: ; --tw-backdrop-blur: ; --tw-backdrop-brightness: ; --tw-backdrop-contrast: ; --tw-backdrop-grayscale: ; --tw-backdrop-hue-rotate: ; --tw-backdrop-invert: ; --tw-backdrop-opacity: ; --tw-backdrop-saturate: ; --tw-backdrop-sepia: ; white-space-collapse: preserve;\"><span style=\"white-space-collapse: preserve;\">\r\n</span><br style=\"--tw-border-spacing-x: 0; --tw-border-spacing-y: 0; --tw-translate-x: 0; --tw-translate-y: 0; --tw-rotate: 0; --tw-skew-x: 0; --tw-skew-y: 0; --tw-scale-x: 1; --tw-scale-y: 1; --tw-pan-x: ; --tw-pan-y: ; --tw-pinch-zoom: ; --tw-scroll-snap-strictness: proximity; --tw-gradient-from-position: ; --tw-gradient-via-position: ; --tw-gradient-to-position: ; --tw-ordinal: ; --tw-slashed-zero: ; --tw-numeric-figure: ; --tw-numeric-spacing: ; --tw-numeric-fraction: ; --tw-ring-inset: ; --tw-ring-offset-width: 0px; --tw-ring-offset-color: #fff; --tw-ring-color: #3b82f680; --tw-ring-offset-shadow: 0 0 #0000; --tw-ring-shadow: 0 0 #0000; --tw-shadow: 0 0 #0000; --tw-shadow-colored: 0 0 #0000; --tw-blur: ; --tw-brightness: ; --tw-contrast: ; --tw-grayscale: ; --tw-hue-rotate: ; --tw-invert: ; --tw-saturate: ; --tw-sepia: ; --tw-drop-shadow: ; --tw-backdrop-blur: ; --tw-backdrop-brightness: ; --tw-backdrop-contrast: ; --tw-backdrop-grayscale: ; --tw-backdrop-hue-rotate: ; --tw-backdrop-invert: ; --tw-backdrop-opacity: ; --tw-backdrop-saturate: ; --tw-backdrop-sepia: ; white-space-collapse: preserve;\"><span style=\"white-space-collapse: preserve;\">The warlock class mount carry will get you:\r\n</span><br style=\"--tw-border-spacing-x: 0; --tw-border-spacing-y: 0; --tw-translate-x: 0; --tw-translate-y: 0; --tw-rotate: 0; --tw-skew-x: 0; --tw-skew-y: 0; --tw-scale-x: 1; --tw-scale-y: 1; --tw-pan-x: ; --tw-pan-y: ; --tw-pinch-zoom: ; --tw-scroll-snap-strictness: proximity; --tw-gradient-from-position: ; --tw-gradient-via-position: ; --tw-gradient-to-position: ; --tw-ordinal: ; --tw-slashed-zero: ; --tw-numeric-figure: ; --tw-numeric-spacing: ; --tw-numeric-fraction: ; --tw-ring-inset: ; --tw-ring-offset-width: 0px; --tw-ring-offset-color: #fff; --tw-ring-color: #3b82f680; --tw-ring-offset-shadow: 0 0 #0000; --tw-ring-shadow: 0 0 #0000; --tw-shadow: 0 0 #0000; --tw-shadow-colored: 0 0 #0000; --tw-blur: ; --tw-brightness: ; --tw-contrast: ; --tw-grayscale: ; --tw-hue-rotate: ; --tw-invert: ; --tw-saturate: ; --tw-sepia: ; --tw-drop-shadow: ; --tw-backdrop-blur: ; --tw-backdrop-brightness: ; --tw-backdrop-contrast: ; --tw-backdrop-grayscale: ; --tw-backdrop-hue-rotate: ; --tw-backdrop-invert: ; --tw-backdrop-opacity: ; --tw-backdrop-saturate: ; --tw-backdrop-sepia: ; white-space-collapse: preserve;\"><span style=\"white-space-collapse: preserve;\">        start of the boost within 30-50 minutes;\r\n</span><br style=\"--tw-border-spacing-x: 0; --tw-border-spacing-y: 0; --tw-translate-x: 0; --tw-translate-y: 0; --tw-rotate: 0; --tw-skew-x: 0; --tw-skew-y: 0; --tw-scale-x: 1; --tw-scale-y: 1; --tw-pan-x: ; --tw-pan-y: ; --tw-pinch-zoom: ; --tw-scroll-snap-strictness: proximity; --tw-gradient-from-position: ; --tw-gradient-via-position: ; --tw-gradient-to-position: ; --tw-ordinal: ; --tw-slashed-zero: ; --tw-numeric-figure: ; --tw-numeric-spacing: ; --tw-numeric-fraction: ; --tw-ring-inset: ; --tw-ring-offset-width: 0px; --tw-ring-offset-color: #fff; --tw-ring-color: #3b82f680; --tw-ring-offset-shadow: 0 0 #0000; --tw-ring-shadow: 0 0 #0000; --tw-shadow: 0 0 #0000; --tw-shadow-colored: 0 0 #0000; --tw-blur: ; --tw-brightness: ; --tw-contrast: ; --tw-grayscale: ; --tw-hue-rotate: ; --tw-invert: ; --tw-saturate: ; --tw-sepia: ; --tw-drop-shadow: ; --tw-backdrop-blur: ; --tw-backdrop-brightness: ; --tw-backdrop-contrast: ; --tw-backdrop-grayscale: ; --tw-backdrop-hue-rotate: ; --tw-backdrop-invert: ; --tw-backdrop-opacity: ; --tw-backdrop-saturate: ; --tw-backdrop-sepia: ; white-space-collapse: preserve;\"><span style=\"white-space-collapse: preserve;\">        the completed storyline class-hall quest to receive the Netherlord's Chaotic Wrathsteed;\r\n</span><br style=\"--tw-border-spacing-x: 0; --tw-border-spacing-y: 0; --tw-translate-x: 0; --tw-translate-y: 0; --tw-rotate: 0; --tw-skew-x: 0; --tw-skew-y: 0; --tw-scale-x: 1; --tw-scale-y: 1; --tw-pan-x: ; --tw-pan-y: ; --tw-pinch-zoom: ; --tw-scroll-snap-strictness: proximity; --tw-gradient-from-position: ; --tw-gradient-via-position: ; --tw-gradient-to-position: ; --tw-ordinal: ; --tw-slashed-zero: ; --tw-numeric-figure: ; --tw-numeric-spacing: ; --tw-numeric-fraction: ; --tw-ring-inset: ; --tw-ring-offset-width: 0px; --tw-ring-offset-color: #fff; --tw-ring-color: #3b82f680; --tw-ring-offset-shadow: 0 0 #0000; --tw-ring-shadow: 0 0 #0000; --tw-shadow: 0 0 #0000; --tw-shadow-colored: 0 0 #0000; --tw-blur: ; --tw-brightness: ; --tw-contrast: ; --tw-grayscale: ; --tw-hue-rotate: ; --tw-invert: ; --tw-saturate: ; --tw-sepia: ; --tw-drop-shadow: ; --tw-backdrop-blur: ; --tw-backdrop-brightness: ; --tw-backdrop-contrast: ; --tw-backdrop-grayscale: ; --tw-backdrop-hue-rotate: ; --tw-backdrop-invert: ; --tw-backdrop-opacity: ; --tw-backdrop-saturate: ; --tw-backdrop-sepia: ; white-space-collapse: preserve;\"><br style=\"--tw-border-spacing-x: 0; --tw-border-spacing-y: 0; --tw-translate-x: 0; --tw-translate-y: 0; --tw-rotate: 0; --tw-skew-x: 0; --tw-skew-y: 0; --tw-scale-x: 1; --tw-scale-y: 1; --tw-pan-x: ; --tw-pan-y: ; --tw-pinch-zoom: ; --tw-scroll-snap-strictness: proximity; --tw-gradient-from-position: ; --tw-gradient-via-position: ; --tw-gradient-to-position: ; --tw-ordinal: ; --tw-slashed-zero: ; --tw-numeric-figure: ; --tw-numeric-spacing: ; --tw-numeric-fraction: ; --tw-ring-inset: ; --tw-ring-offset-width: 0px; --tw-ring-offset-color: #fff; --tw-ring-color: #3b82f680; --tw-ring-offset-shadow: 0 0 #0000; --tw-ring-shadow: 0 0 #0000; --tw-shadow: 0 0 #0000; --tw-shadow-colored: 0 0 #0000; --tw-blur: ; --tw-brightness: ; --tw-contrast: ; --tw-grayscale: ; --tw-hue-rotate: ; --tw-invert: ; --tw-saturate: ; --tw-sepia: ; --tw-drop-shadow: ; --tw-backdrop-blur: ; --tw-backdrop-brightness: ; --tw-backdrop-contrast: ; --tw-backdrop-grayscale: ; --tw-backdrop-hue-rotate: ; --tw-backdrop-invert: ; --tw-backdrop-opacity: ; --tw-backdrop-saturate: ; --tw-backdrop-sepia: ; white-space-collapse: preserve;\"><br style=\"--tw-border-spacing-x: 0; --tw-border-spacing-y: 0; --tw-translate-x: 0; --tw-translate-y: 0; --tw-rotate: 0; --tw-skew-x: 0; --tw-skew-y: 0; --tw-scale-x: 1; --tw-scale-y: 1; --tw-pan-x: ; --tw-pan-y: ; --tw-pinch-zoom: ; --tw-scroll-snap-strictness: proximity; --tw-gradient-from-position: ; --tw-gradient-via-position: ; --tw-gradient-to-position: ; --tw-ordinal: ; --tw-slashed-zero: ; --tw-numeric-figure: ; --tw-numeric-spacing: ; --tw-numeric-fraction: ; --tw-ring-inset: ; --tw-ring-offset-width: 0px; --tw-ring-offset-color: #fff; --tw-ring-color: #3b82f680; --tw-ring-offset-shadow: 0 0 #0000; --tw-ring-shadow: 0 0 #0000; --tw-shadow: 0 0 #0000; --tw-shadow-colored: 0 0 #0000; --tw-blur: ; --tw-brightness: ; --tw-contrast: ; --tw-grayscale: ; --tw-hue-rotate: ; --tw-invert: ; --tw-saturate: ; --tw-sepia: ; --tw-drop-shadow: ; --tw-backdrop-blur: ; --tw-backdrop-brightness: ; --tw-backdrop-contrast: ; --tw-backdrop-grayscale: ; --tw-backdrop-hue-rotate: ; --tw-backdrop-invert: ; --tw-backdrop-opacity: ; --tw-backdrop-saturate: ; --tw-backdrop-sepia: ; white-space-collapse: preserve;\"><span style=\"white-space-collapse: preserve;\">ability to acquire additional color tints for the class mount upon completion of related Power Ascended achievement;\r\n</span><br style=\"--tw-border-spacing-x: 0; --tw-border-spacing-y: 0; --tw-translate-x: 0; --tw-translate-y: 0; --tw-rotate: 0; --tw-skew-x: 0; --tw-skew-y: 0; --tw-scale-x: 1; --tw-scale-y: 1; --tw-pan-x: ; --tw-pan-y: ; --tw-pinch-zoom: ; --tw-scroll-snap-strictness: proximity; --tw-gradient-from-position: ; --tw-gradient-via-position: ; --tw-gradient-to-position: ; --tw-ordinal: ; --tw-slashed-zero: ; --tw-numeric-figure: ; --tw-numeric-spacing: ; --tw-numeric-fraction: ; --tw-ring-inset: ; --tw-ring-offset-width: 0px; --tw-ring-offset-color: #fff; --tw-ring-color: #3b82f680; --tw-ring-offset-shadow: 0 0 #0000; --tw-ring-shadow: 0 0 #0000; --tw-shadow: 0 0 #0000; --tw-shadow-colored: 0 0 #0000; --tw-blur: ; --tw-brightness: ; --tw-contrast: ; --tw-grayscale: ; --tw-hue-rotate: ; --tw-invert: ; --tw-saturate: ; --tw-sepia: ; --tw-drop-shadow: ; --tw-backdrop-blur: ; --tw-backdrop-brightness: ; --tw-backdrop-contrast: ; --tw-backdrop-grayscale: ; --tw-backdrop-hue-rotate: ; --tw-backdrop-invert: ; --tw-backdrop-opacity: ; --tw-backdrop-saturate: ; --tw-backdrop-sepia: ; white-space-collapse: preserve;\"><span style=\"white-space-collapse: preserve;\">high-class VPN security.\r\n</span><br style=\"--tw-border-spacing-x: 0; --tw-border-spacing-y: 0; --tw-translate-x: 0; --tw-translate-y: 0; --tw-rotate: 0; --tw-skew-x: 0; --tw-skew-y: 0; --tw-scale-x: 1; --tw-scale-y: 1; --tw-pan-x: ; --tw-pan-y: ; --tw-pinch-zoom: ; --tw-scroll-snap-strictness: proximity; --tw-gradient-from-position: ; --tw-gradient-via-position: ; --tw-gradient-to-position: ; --tw-ordinal: ; --tw-slashed-zero: ; --tw-numeric-figure: ; --tw-numeric-spacing: ; --tw-numeric-fraction: ; --tw-ring-inset: ; --tw-ring-offset-width: 0px; --tw-ring-offset-color: #fff; --tw-ring-color: #3b82f680; --tw-ring-offset-shadow: 0 0 #0000; --tw-ring-shadow: 0 0 #0000; --tw-shadow: 0 0 #0000; --tw-shadow-colored: 0 0 #0000; --tw-blur: ; --tw-brightness: ; --tw-contrast: ; --tw-grayscale: ; --tw-hue-rotate: ; --tw-invert: ; --tw-saturate: ; --tw-sepia: ; --tw-drop-shadow: ; --tw-backdrop-blur: ; --tw-backdrop-brightness: ; --tw-backdrop-contrast: ; --tw-backdrop-grayscale: ; --tw-backdrop-hue-rotate: ; --tw-backdrop-invert: ; --tw-backdrop-opacity: ; --tw-backdrop-saturate: ; --tw-backdrop-sepia: ; white-space-collapse: preserve;\"><span style=\"white-space-collapse: preserve;\">\r\n</span><br style=\"--tw-border-spacing-x: 0; --tw-border-spacing-y: 0; --tw-translate-x: 0; --tw-translate-y: 0; --tw-rotate: 0; --tw-skew-x: 0; --tw-skew-y: 0; --tw-scale-x: 1; --tw-scale-y: 1; --tw-pan-x: ; --tw-pan-y: ; --tw-pinch-zoom: ; --tw-scroll-snap-strictness: proximity; --tw-gradient-from-position: ; --tw-gradient-via-position: ; --tw-gradient-to-position: ; --tw-ordinal: ; --tw-slashed-zero: ; --tw-numeric-figure: ; --tw-numeric-spacing: ; --tw-numeric-fraction: ; --tw-ring-inset: ; --tw-ring-offset-width: 0px; --tw-ring-offset-color: #fff; --tw-ring-color: #3b82f680; --tw-ring-offset-shadow: 0 0 #0000; --tw-ring-shadow: 0 0 #0000; --tw-shadow: 0 0 #0000; --tw-shadow-colored: 0 0 #0000; --tw-blur: ; --tw-brightness: ; --tw-contrast: ; --tw-grayscale: ; --tw-hue-rotate: ; --tw-invert: ; --tw-saturate: ; --tw-sepia: ; --tw-drop-shadow: ; --tw-backdrop-blur: ; --tw-backdrop-brightness: ; --tw-backdrop-contrast: ; --tw-backdrop-grayscale: ; --tw-backdrop-hue-rotate: ; --tw-backdrop-invert: ; --tw-backdrop-opacity: ; --tw-backdrop-saturate: ; --tw-backdrop-sepia: ; white-space-collapse: preserve;\"><span style=\"white-space-collapse: preserve;\">The class mount quest only becomes available after the completion of the Legion major achievements such as a Glorious Campaign and Breaching the Tomb. The additional artifact-related achievement - Power Ascended will unlock the additional color schemes for this awesome flying mount.\r\n</span><br style=\"--tw-border-spacing-x: 0; --tw-border-spacing-y: 0; --tw-translate-x: 0; --tw-translate-y: 0; --tw-rotate: 0; --tw-skew-x: 0; --tw-skew-y: 0; --tw-scale-x: 1; --tw-scale-y: 1; --tw-pan-x: ; --tw-pan-y: ; --tw-pinch-zoom: ; --tw-scroll-snap-strictness: proximity; --tw-gradient-from-position: ; --tw-gradient-via-position: ; --tw-gradient-to-position: ; --tw-ordinal: ; --tw-slashed-zero: ; --tw-numeric-figure: ; --tw-numeric-spacing: ; --tw-numeric-fraction: ; --tw-ring-inset: ; --tw-ring-offset-width: 0px; --tw-ring-offset-color: #fff; --tw-ring-color: #3b82f680; --tw-ring-offset-shadow: 0 0 #0000; --tw-ring-shadow: 0 0 #0000; --tw-shadow: 0 0 #0000; --tw-shadow-colored: 0 0 #0000; --tw-blur: ; --tw-brightness: ; --tw-contrast: ; --tw-grayscale: ; --tw-hue-rotate: ; --tw-invert: ; --tw-saturate: ; --tw-sepia: ; --tw-drop-shadow: ; --tw-backdrop-blur: ; --tw-backdrop-brightness: ; --tw-backdrop-contrast: ; --tw-backdrop-grayscale: ; --tw-backdrop-hue-rotate: ; --tw-backdrop-invert: ; --tw-backdrop-opacity: ; --tw-backdrop-saturate: ; --tw-backdrop-sepia: ; white-space-collapse: preserve;\"><span style=\"white-space-collapse: preserve;\">\r\n</span><br style=\"--tw-border-spacing-x: 0; --tw-border-spacing-y: 0; --tw-translate-x: 0; --tw-translate-y: 0; --tw-rotate: 0; --tw-skew-x: 0; --tw-skew-y: 0; --tw-scale-x: 1; --tw-scale-y: 1; --tw-pan-x: ; --tw-pan-y: ; --tw-pinch-zoom: ; --tw-scroll-snap-strictness: proximity; --tw-gradient-from-position: ; --tw-gradient-via-position: ; --tw-gradient-to-position: ; --tw-ordinal: ; --tw-slashed-zero: ; --tw-numeric-figure: ; --tw-numeric-spacing: ; --tw-numeric-fraction: ; --tw-ring-inset: ; --tw-ring-offset-width: 0px; --tw-ring-offset-color: #fff; --tw-ring-color: #3b82f680; --tw-ring-offset-shadow: 0 0 #0000; --tw-ring-shadow: 0 0 #0000; --tw-shadow: 0 0 #0000; --tw-shadow-colored: 0 0 #0000; --tw-blur: ; --tw-brightness: ; --tw-contrast: ; --tw-grayscale: ; --tw-hue-rotate: ; --tw-invert: ; --tw-saturate: ; --tw-sepia: ; --tw-drop-shadow: ; --tw-backdrop-blur: ; --tw-backdrop-brightness: ; --tw-backdrop-contrast: ; --tw-backdrop-grayscale: ; --tw-backdrop-hue-rotate: ; --tw-backdrop-invert: ; --tw-backdrop-opacity: ; --tw-backdrop-saturate: ; --tw-backdrop-sepia: ; white-space-collapse: preserve;\"><span style=\"white-space-collapse: preserve;\">The warlock class mount color tints include the following variations:\r\n</span><br style=\"--tw-border-spacing-x: 0; --tw-border-spacing-y: 0; --tw-translate-x: 0; --tw-translate-y: 0; --tw-rotate: 0; --tw-skew-x: 0; --tw-skew-y: 0; --tw-scale-x: 1; --tw-scale-y: 1; --tw-pan-x: ; --tw-pan-y: ; --tw-pinch-zoom: ; --tw-scroll-snap-strictness: proximity; --tw-gradient-from-position: ; --tw-gradient-via-position: ; --tw-gradient-to-position: ; --tw-ordinal: ; --tw-slashed-zero: ; --tw-numeric-figure: ; --tw-numeric-spacing: ; --tw-numeric-fraction: ; --tw-ring-inset: ; --tw-ring-offset-width: 0px; --tw-ring-offset-color: #fff; --tw-ring-color: #3b82f680; --tw-ring-offset-shadow: 0 0 #0000; --tw-ring-shadow: 0 0 #0000; --tw-shadow: 0 0 #0000; --tw-shadow-colored: 0 0 #0000; --tw-blur: ; --tw-brightness: ; --tw-contrast: ; --tw-grayscale: ; --tw-hue-rotate: ; --tw-invert: ; --tw-saturate: ; --tw-sepia: ; --tw-drop-shadow: ; --tw-backdrop-blur: ; --tw-backdrop-brightness: ; --tw-backdrop-contrast: ; --tw-backdrop-grayscale: ; --tw-backdrop-hue-rotate: ; --tw-backdrop-invert: ; --tw-backdrop-opacity: ; --tw-backdrop-saturate: ; --tw-backdrop-sepia: ; white-space-collapse: preserve;\"><span style=\"white-space-collapse: preserve;\">\r\n</span><br style=\"--tw-border-spacing-x: 0; --tw-border-spacing-y: 0; --tw-translate-x: 0; --tw-translate-y: 0; --tw-rotate: 0; --tw-skew-x: 0; --tw-skew-y: 0; --tw-scale-x: 1; --tw-scale-y: 1; --tw-pan-x: ; --tw-pan-y: ; --tw-pinch-zoom: ; --tw-scroll-snap-strictness: proximity; --tw-gradient-from-position: ; --tw-gradient-via-position: ; --tw-gradient-to-position: ; --tw-ordinal: ; --tw-slashed-zero: ; --tw-numeric-figure: ; --tw-numeric-spacing: ; --tw-numeric-fraction: ; --tw-ring-inset: ; --tw-ring-offset-width: 0px; --tw-ring-offset-color: #fff; --tw-ring-color: #3b82f680; --tw-ring-offset-shadow: 0 0 #0000; --tw-ring-shadow: 0 0 #0000; --tw-shadow: 0 0 #0000; --tw-shadow-colored: 0 0 #0000; --tw-blur: ; --tw-brightness: ; --tw-contrast: ; --tw-grayscale: ; --tw-hue-rotate: ; --tw-invert: ; --tw-saturate: ; --tw-sepia: ; --tw-drop-shadow: ; --tw-backdrop-blur: ; --tw-backdrop-brightness: ; --tw-backdrop-contrast: ; --tw-backdrop-grayscale: ; --tw-backdrop-hue-rotate: ; --tw-backdrop-invert: ; --tw-backdrop-opacity: ; --tw-backdrop-saturate: ; --tw-backdrop-sepia: ; white-space-collapse: preserve;\"><span style=\"white-space-collapse: preserve;\">The original Netherlord's Chaotic Wrathsteed in green color is obtained from a class quest storyline.\r\n</span><br style=\"--tw-border-spacing-x: 0; --tw-border-spacing-y: 0; --tw-translate-x: 0; --tw-translate-y: 0; --tw-rotate: 0; --tw-skew-x: 0; --tw-skew-y: 0; --tw-scale-x: 1; --tw-scale-y: 1; --tw-pan-x: ; --tw-pan-y: ; --tw-pinch-zoom: ; --tw-scroll-snap-strictness: proximity; --tw-gradient-from-position: ; --tw-gradient-via-position: ; --tw-gradient-to-position: ; --tw-ordinal: ; --tw-slashed-zero: ; --tw-numeric-figure: ; --tw-numeric-spacing: ; --tw-numeric-fraction: ; --tw-ring-inset: ; --tw-ring-offset-width: 0px; --tw-ring-offset-color: #fff; --tw-ring-color: #3b82f680; --tw-ring-offset-shadow: 0 0 #0000; --tw-ring-shadow: 0 0 #0000; --tw-shadow: 0 0 #0000; --tw-shadow-colored: 0 0 #0000; --tw-blur: ; --tw-brightness: ; --tw-contrast: ; --tw-grayscale: ; --tw-hue-rotate: ; --tw-invert: ; --tw-saturate: ; --tw-sepia: ; --tw-drop-shadow: ; --tw-backdrop-blur: ; --tw-backdrop-brightness: ; --tw-backdrop-contrast: ; --tw-backdrop-grayscale: ; --tw-backdrop-hue-rotate: ; --tw-backdrop-invert: ; --tw-backdrop-opacity: ; --tw-backdrop-saturate: ; --tw-backdrop-sepia: ; white-space-collapse: preserve;\"><span style=\"white-space-collapse: preserve;\">Red/orange flame recolor - Hellblazing Reins of the Brimstone Wrathsteed can be purchased from Calydus located at the Artifact Forge for x1000 Order Resources after completing The Wrathsteed of Xoroth and Power Ascended.\r\n</span><br style=\"--tw-border-spacing-x: 0; --tw-border-spacing-y: 0; --tw-translate-x: 0; --tw-translate-y: 0; --tw-rotate: 0; --tw-skew-x: 0; --tw-skew-y: 0; --tw-scale-x: 1; --tw-scale-y: 1; --tw-pan-x: ; --tw-pan-y: ; --tw-pinch-zoom: ; --tw-scroll-snap-strictness: proximity; --tw-gradient-from-position: ; --tw-gradient-via-position: ; --tw-gradient-to-position: ; --tw-ordinal: ; --tw-slashed-zero: ; --tw-numeric-figure: ; --tw-numeric-spacing: ; --tw-numeric-fraction: ; --tw-ring-inset: ; --tw-ring-offset-width: 0px; --tw-ring-offset-color: #fff; --tw-ring-color: #3b82f680; --tw-ring-offset-shadow: 0 0 #0000; --tw-ring-shadow: 0 0 #0000; --tw-shadow: 0 0 #0000; --tw-shadow-colored: 0 0 #0000; --tw-blur: ; --tw-brightness: ; --tw-contrast: ; --tw-grayscale: ; --tw-hue-rotate: ; --tw-invert: ; --tw-saturate: ; --tw-sepia: ; --tw-drop-shadow: ; --tw-backdrop-blur: ; --tw-backdrop-brightness: ; --tw-backdrop-contrast: ; --tw-backdrop-grayscale: ; --tw-backdrop-hue-rotate: ; --tw-backdrop-invert: ; --tw-backdrop-opacity: ; --tw-backdrop-saturate: ; --tw-backdrop-sepia: ; white-space-collapse: preserve;\"><span style=\"white-space-collapse: preserve;\">Dark purple option - Shadowy Reins of the Accursed Wrathsteed is obtainable from Lord Hel'Nurath on Broken Shore with a 100% drop rate. It can only drop if you have already completed the class mount quest chain.\r\n</span><br style=\"--tw-border-spacing-x: 0; --tw-border-spacing-y: 0; --tw-translate-x: 0; --tw-translate-y: 0; --tw-rotate: 0; --tw-skew-x: 0; --tw-skew-y: 0; --tw-scale-x: 1; --tw-scale-y: 1; --tw-pan-x: ; --tw-pan-y: ; --tw-pinch-zoom: ; --tw-scroll-snap-strictness: proximity; --tw-gradient-from-position: ; --tw-gradient-via-position: ; --tw-gradient-to-position: ; --tw-ordinal: ; --tw-slashed-zero: ; --tw-numeric-figure: ; --tw-numeric-spacing: ; --tw-numeric-fraction: ; --tw-ring-inset: ; --tw-ring-offset-width: 0px; --tw-ring-offset-color: #fff; --tw-ring-color: #3b82f680; --tw-ring-offset-shadow: 0 0 #0000; --tw-ring-shadow: 0 0 #0000; --tw-shadow: 0 0 #0000; --tw-shadow-colored: 0 0 #0000; --tw-blur: ; --tw-brightness: ; --tw-contrast: ; --tw-grayscale: ; --tw-hue-rotate: ; --tw-invert: ; --tw-saturate: ; --tw-sepia: ; --tw-drop-shadow: ; --tw-backdrop-blur: ; --tw-backdrop-brightness: ; --tw-backdrop-contrast: ; --tw-backdrop-grayscale: ; --tw-backdrop-hue-rotate: ; --tw-backdrop-invert: ; --tw-backdrop-opacity: ; --tw-backdrop-saturate: ; --tw-backdrop-sepia: ; white-space-collapse: preserve;\"><br style=\"--tw-border-spacing-x: 0; --tw-border-spacing-y: 0; --tw-translate-x: 0; --tw-translate-y: 0; --tw-rotate: 0; --tw-skew-x: 0; --tw-skew-y: 0; --tw-scale-x: 1; --tw-scale-y: 1; --tw-pan-x: ; --tw-pan-y: ; --tw-pinch-zoom: ; --tw-scroll-snap-strictness: proximity; --tw-gradient-from-position: ; --tw-gradient-via-position: ; --tw-gradient-to-position: ; --tw-ordinal: ; --tw-slashed-zero: ; --tw-numeric-figure: ; --tw-numeric-spacing: ; --tw-numeric-fraction: ; --tw-ring-inset: ; --tw-ring-offset-width: 0px; --tw-ring-offset-color: #fff; --tw-ring-color: #3b82f680; --tw-ring-offset-shadow: 0 0 #0000; --tw-ring-shadow: 0 0 #0000; --tw-shadow: 0 0 #0000; --tw-shadow-colored: 0 0 #0000; --tw-blur: ; --tw-brightness: ; --tw-contrast: ; --tw-grayscale: ; --tw-hue-rotate: ; --tw-invert: ; --tw-saturate: ; --tw-sepia: ; --tw-drop-shadow: ; --tw-backdrop-blur: ; --tw-backdrop-brightness: ; --tw-backdrop-contrast: ; --tw-backdrop-grayscale: ; --tw-backdrop-hue-rotate: ; --tw-backdrop-invert: ; --tw-backdrop-opacity: ; --tw-backdrop-saturate: ; --tw-backdrop-sepia: ; white-space-collapse: preserve;\"><span style=\"white-space-collapse: preserve;\"> TEXT CAPACITY UP TO APPROXIMATELY 3000 SYMBOLS</span><br></p>", "order": 2, "product": 6}}, {"model": "products.producttabs", "pk": 3, "fields": {"title": "Title 3", "content": "<p><span style=\"white-space-collapse: preserve;\">The Netherlord's Chaotic Wrathsteed is an epic flying mount introduced in the Legion expansion. It is a warlock class mount and can be ridden only by the members of this World of Warcraft class. There are only 12 class mounts in WoW including this one. Buying the Netherlord's Chaotic Wrathsteed carry will not only allow you to get the original warlock class mount but also acquire 3 color tints.\r\n</span><br style=\"--tw-border-spacing-x: 0; --tw-border-spacing-y: 0; --tw-translate-x: 0; --tw-translate-y: 0; --tw-rotate: 0; --tw-skew-x: 0; --tw-skew-y: 0; --tw-scale-x: 1; --tw-scale-y: 1; --tw-pan-x: ; --tw-pan-y: ; --tw-pinch-zoom: ; --tw-scroll-snap-strictness: proximity; --tw-gradient-from-position: ; --tw-gradient-via-position: ; --tw-gradient-to-position: ; --tw-ordinal: ; --tw-slashed-zero: ; --tw-numeric-figure: ; --tw-numeric-spacing: ; --tw-numeric-fraction: ; --tw-ring-inset: ; --tw-ring-offset-width: 0px; --tw-ring-offset-color: #fff; --tw-ring-color: #3b82f680; --tw-ring-offset-shadow: 0 0 #0000; --tw-ring-shadow: 0 0 #0000; --tw-shadow: 0 0 #0000; --tw-shadow-colored: 0 0 #0000; --tw-blur: ; --tw-brightness: ; --tw-contrast: ; --tw-grayscale: ; --tw-hue-rotate: ; --tw-invert: ; --tw-saturate: ; --tw-sepia: ; --tw-drop-shadow: ; --tw-backdrop-blur: ; --tw-backdrop-brightness: ; --tw-backdrop-contrast: ; --tw-backdrop-grayscale: ; --tw-backdrop-hue-rotate: ; --tw-backdrop-invert: ; --tw-backdrop-opacity: ; --tw-backdrop-saturate: ; --tw-backdrop-sepia: ; white-space-collapse: preserve;\"><span style=\"white-space-collapse: preserve;\">\r\n</span><br style=\"--tw-border-spacing-x: 0; --tw-border-spacing-y: 0; --tw-translate-x: 0; --tw-translate-y: 0; --tw-rotate: 0; --tw-skew-x: 0; --tw-skew-y: 0; --tw-scale-x: 1; --tw-scale-y: 1; --tw-pan-x: ; --tw-pan-y: ; --tw-pinch-zoom: ; --tw-scroll-snap-strictness: proximity; --tw-gradient-from-position: ; --tw-gradient-via-position: ; --tw-gradient-to-position: ; --tw-ordinal: ; --tw-slashed-zero: ; --tw-numeric-figure: ; --tw-numeric-spacing: ; --tw-numeric-fraction: ; --tw-ring-inset: ; --tw-ring-offset-width: 0px; --tw-ring-offset-color: #fff; --tw-ring-color: #3b82f680; --tw-ring-offset-shadow: 0 0 #0000; --tw-ring-shadow: 0 0 #0000; --tw-shadow: 0 0 #0000; --tw-shadow-colored: 0 0 #0000; --tw-blur: ; --tw-brightness: ; --tw-contrast: ; --tw-grayscale: ; --tw-hue-rotate: ; --tw-invert: ; --tw-saturate: ; --tw-sepia: ; --tw-drop-shadow: ; --tw-backdrop-blur: ; --tw-backdrop-brightness: ; --tw-backdrop-contrast: ; --tw-backdrop-grayscale: ; --tw-backdrop-hue-rotate: ; --tw-backdrop-invert: ; --tw-backdrop-opacity: ; --tw-backdrop-saturate: ; --tw-backdrop-sepia: ; white-space-collapse: preserve;\"><span style=\"white-space-collapse: preserve;\">Boost ETA: ~48 hrs.\r\n</span><br style=\"--tw-border-spacing-x: 0; --tw-border-spacing-y: 0; --tw-translate-x: 0; --tw-translate-y: 0; --tw-rotate: 0; --tw-skew-x: 0; --tw-skew-y: 0; --tw-scale-x: 1; --tw-scale-y: 1; --tw-pan-x: ; --tw-pan-y: ; --tw-pinch-zoom: ; --tw-scroll-snap-strictness: proximity; --tw-gradient-from-position: ; --tw-gradient-via-position: ; --tw-gradient-to-position: ; --tw-ordinal: ; --tw-slashed-zero: ; --tw-numeric-figure: ; --tw-numeric-spacing: ; --tw-numeric-fraction: ; --tw-ring-inset: ; --tw-ring-offset-width: 0px; --tw-ring-offset-color: #fff; --tw-ring-color: #3b82f680; --tw-ring-offset-shadow: 0 0 #0000; --tw-ring-shadow: 0 0 #0000; --tw-shadow: 0 0 #0000; --tw-shadow-colored: 0 0 #0000; --tw-blur: ; --tw-brightness: ; --tw-contrast: ; --tw-grayscale: ; --tw-hue-rotate: ; --tw-invert: ; --tw-saturate: ; --tw-sepia: ; --tw-drop-shadow: ; --tw-backdrop-blur: ; --tw-backdrop-brightness: ; --tw-backdrop-contrast: ; --tw-backdrop-grayscale: ; --tw-backdrop-hue-rotate: ; --tw-backdrop-invert: ; --tw-backdrop-opacity: ; --tw-backdrop-saturate: ; --tw-backdrop-sepia: ; white-space-collapse: preserve;\"><span style=\"white-space-collapse: preserve;\"> \r\n</span><br style=\"--tw-border-spacing-x: 0; --tw-border-spacing-y: 0; --tw-translate-x: 0; --tw-translate-y: 0; --tw-rotate: 0; --tw-skew-x: 0; --tw-skew-y: 0; --tw-scale-x: 1; --tw-scale-y: 1; --tw-pan-x: ; --tw-pan-y: ; --tw-pinch-zoom: ; --tw-scroll-snap-strictness: proximity; --tw-gradient-from-position: ; --tw-gradient-via-position: ; --tw-gradient-to-position: ; --tw-ordinal: ; --tw-slashed-zero: ; --tw-numeric-figure: ; --tw-numeric-spacing: ; --tw-numeric-fraction: ; --tw-ring-inset: ; --tw-ring-offset-width: 0px; --tw-ring-offset-color: #fff; --tw-ring-color: #3b82f680; --tw-ring-offset-shadow: 0 0 #0000; --tw-ring-shadow: 0 0 #0000; --tw-shadow: 0 0 #0000; --tw-shadow-colored: 0 0 #0000; --tw-blur: ; --tw-brightness: ; --tw-contrast: ; --tw-grayscale: ; --tw-hue-rotate: ; --tw-invert: ; --tw-saturate: ; --tw-sepia: ; --tw-drop-shadow: ; --tw-backdrop-blur: ; --tw-backdrop-brightness: ; --tw-backdrop-contrast: ; --tw-backdrop-grayscale: ; --tw-backdrop-hue-rotate: ; --tw-backdrop-invert: ; --tw-backdrop-opacity: ; --tw-backdrop-saturate: ; --tw-backdrop-sepia: ; white-space-collapse: preserve;\"><span style=\"white-space-collapse: preserve;\">       Warlocks can ride the Netherlord's Chaotic Wrathsteed only after the completion of Class Hall and Broken     </span><br style=\"--tw-border-spacing-x: 0; --tw-border-spacing-y: 0; --tw-translate-x: 0; --tw-translate-y: 0; --tw-rotate: 0; --tw-skew-x: 0; --tw-skew-y: 0; --tw-scale-x: 1; --tw-scale-y: 1; --tw-pan-x: ; --tw-pan-y: ; --tw-pinch-zoom: ; --tw-scroll-snap-strictness: proximity; --tw-gradient-from-position: ; --tw-gradient-via-position: ; --tw-gradient-to-position: ; --tw-ordinal: ; --tw-slashed-zero: ; --tw-numeric-figure: ; --tw-numeric-spacing: ; --tw-numeric-fraction: ; --tw-ring-inset: ; --tw-ring-offset-width: 0px; --tw-ring-offset-color: #fff; --tw-ring-color: #3b82f680; --tw-ring-offset-shadow: 0 0 #0000; --tw-ring-shadow: 0 0 #0000; --tw-shadow: 0 0 #0000; --tw-shadow-colored: 0 0 #0000; --tw-blur: ; --tw-brightness: ; --tw-contrast: ; --tw-grayscale: ; --tw-hue-rotate: ; --tw-invert: ; --tw-saturate: ; --tw-sepia: ; --tw-drop-shadow: ; --tw-backdrop-blur: ; --tw-backdrop-brightness: ; --tw-backdrop-contrast: ; --tw-backdrop-grayscale: ; --tw-backdrop-hue-rotate: ; --tw-backdrop-invert: ; --tw-backdrop-opacity: ; --tw-backdrop-saturate: ; --tw-backdrop-sepia: ; white-space-collapse: preserve;\"><span style=\"white-space-collapse: preserve;\">        Shore meta-achievements. They can still be fulfilled in BFA and shadowlands expansions.\r\n</span><br style=\"--tw-border-spacing-x: 0; --tw-border-spacing-y: 0; --tw-translate-x: 0; --tw-translate-y: 0; --tw-rotate: 0; --tw-skew-x: 0; --tw-skew-y: 0; --tw-scale-x: 1; --tw-scale-y: 1; --tw-pan-x: ; --tw-pan-y: ; --tw-pinch-zoom: ; --tw-scroll-snap-strictness: proximity; --tw-gradient-from-position: ; --tw-gradient-via-position: ; --tw-gradient-to-position: ; --tw-ordinal: ; --tw-slashed-zero: ; --tw-numeric-figure: ; --tw-numeric-spacing: ; --tw-numeric-fraction: ; --tw-ring-inset: ; --tw-ring-offset-width: 0px; --tw-ring-offset-color: #fff; --tw-ring-color: #3b82f680; --tw-ring-offset-shadow: 0 0 #0000; --tw-ring-shadow: 0 0 #0000; --tw-shadow: 0 0 #0000; --tw-shadow-colored: 0 0 #0000; --tw-blur: ; --tw-brightness: ; --tw-contrast: ; --tw-grayscale: ; --tw-hue-rotate: ; --tw-invert: ; --tw-saturate: ; --tw-sepia: ; --tw-drop-shadow: ; --tw-backdrop-blur: ; --tw-backdrop-brightness: ; --tw-backdrop-contrast: ; --tw-backdrop-grayscale: ; --tw-backdrop-hue-rotate: ; --tw-backdrop-invert: ; --tw-backdrop-opacity: ; --tw-backdrop-saturate: ; --tw-backdrop-sepia: ; white-space-collapse: preserve;\"><span style=\"white-space-collapse: preserve;\">\r\n</span><br style=\"--tw-border-spacing-x: 0; --tw-border-spacing-y: 0; --tw-translate-x: 0; --tw-translate-y: 0; --tw-rotate: 0; --tw-skew-x: 0; --tw-skew-y: 0; --tw-scale-x: 1; --tw-scale-y: 1; --tw-pan-x: ; --tw-pan-y: ; --tw-pinch-zoom: ; --tw-scroll-snap-strictness: proximity; --tw-gradient-from-position: ; --tw-gradient-via-position: ; --tw-gradient-to-position: ; --tw-ordinal: ; --tw-slashed-zero: ; --tw-numeric-figure: ; --tw-numeric-spacing: ; --tw-numeric-fraction: ; --tw-ring-inset: ; --tw-ring-offset-width: 0px; --tw-ring-offset-color: #fff; --tw-ring-color: #3b82f680; --tw-ring-offset-shadow: 0 0 #0000; --tw-ring-shadow: 0 0 #0000; --tw-shadow: 0 0 #0000; --tw-shadow-colored: 0 0 #0000; --tw-blur: ; --tw-brightness: ; --tw-contrast: ; --tw-grayscale: ; --tw-hue-rotate: ; --tw-invert: ; --tw-saturate: ; --tw-sepia: ; --tw-drop-shadow: ; --tw-backdrop-blur: ; --tw-backdrop-brightness: ; --tw-backdrop-contrast: ; --tw-backdrop-grayscale: ; --tw-backdrop-hue-rotate: ; --tw-backdrop-invert: ; --tw-backdrop-opacity: ; --tw-backdrop-saturate: ; --tw-backdrop-sepia: ; white-space-collapse: preserve;\"><span style=\"white-space-collapse: preserve;\">The warlock class mount carry will get you:\r\n</span><br style=\"--tw-border-spacing-x: 0; --tw-border-spacing-y: 0; --tw-translate-x: 0; --tw-translate-y: 0; --tw-rotate: 0; --tw-skew-x: 0; --tw-skew-y: 0; --tw-scale-x: 1; --tw-scale-y: 1; --tw-pan-x: ; --tw-pan-y: ; --tw-pinch-zoom: ; --tw-scroll-snap-strictness: proximity; --tw-gradient-from-position: ; --tw-gradient-via-position: ; --tw-gradient-to-position: ; --tw-ordinal: ; --tw-slashed-zero: ; --tw-numeric-figure: ; --tw-numeric-spacing: ; --tw-numeric-fraction: ; --tw-ring-inset: ; --tw-ring-offset-width: 0px; --tw-ring-offset-color: #fff; --tw-ring-color: #3b82f680; --tw-ring-offset-shadow: 0 0 #0000; --tw-ring-shadow: 0 0 #0000; --tw-shadow: 0 0 #0000; --tw-shadow-colored: 0 0 #0000; --tw-blur: ; --tw-brightness: ; --tw-contrast: ; --tw-grayscale: ; --tw-hue-rotate: ; --tw-invert: ; --tw-saturate: ; --tw-sepia: ; --tw-drop-shadow: ; --tw-backdrop-blur: ; --tw-backdrop-brightness: ; --tw-backdrop-contrast: ; --tw-backdrop-grayscale: ; --tw-backdrop-hue-rotate: ; --tw-backdrop-invert: ; --tw-backdrop-opacity: ; --tw-backdrop-saturate: ; --tw-backdrop-sepia: ; white-space-collapse: preserve;\"><span style=\"white-space-collapse: preserve;\">        start of the boost within 30-50 minutes;\r\n</span><br style=\"--tw-border-spacing-x: 0; --tw-border-spacing-y: 0; --tw-translate-x: 0; --tw-translate-y: 0; --tw-rotate: 0; --tw-skew-x: 0; --tw-skew-y: 0; --tw-scale-x: 1; --tw-scale-y: 1; --tw-pan-x: ; --tw-pan-y: ; --tw-pinch-zoom: ; --tw-scroll-snap-strictness: proximity; --tw-gradient-from-position: ; --tw-gradient-via-position: ; --tw-gradient-to-position: ; --tw-ordinal: ; --tw-slashed-zero: ; --tw-numeric-figure: ; --tw-numeric-spacing: ; --tw-numeric-fraction: ; --tw-ring-inset: ; --tw-ring-offset-width: 0px; --tw-ring-offset-color: #fff; --tw-ring-color: #3b82f680; --tw-ring-offset-shadow: 0 0 #0000; --tw-ring-shadow: 0 0 #0000; --tw-shadow: 0 0 #0000; --tw-shadow-colored: 0 0 #0000; --tw-blur: ; --tw-brightness: ; --tw-contrast: ; --tw-grayscale: ; --tw-hue-rotate: ; --tw-invert: ; --tw-saturate: ; --tw-sepia: ; --tw-drop-shadow: ; --tw-backdrop-blur: ; --tw-backdrop-brightness: ; --tw-backdrop-contrast: ; --tw-backdrop-grayscale: ; --tw-backdrop-hue-rotate: ; --tw-backdrop-invert: ; --tw-backdrop-opacity: ; --tw-backdrop-saturate: ; --tw-backdrop-sepia: ; white-space-collapse: preserve;\"><span style=\"white-space-collapse: preserve;\">        the completed storyline class-hall quest to receive the Netherlord's Chaotic Wrathsteed;\r\n</span><br style=\"--tw-border-spacing-x: 0; --tw-border-spacing-y: 0; --tw-translate-x: 0; --tw-translate-y: 0; --tw-rotate: 0; --tw-skew-x: 0; --tw-skew-y: 0; --tw-scale-x: 1; --tw-scale-y: 1; --tw-pan-x: ; --tw-pan-y: ; --tw-pinch-zoom: ; --tw-scroll-snap-strictness: proximity; --tw-gradient-from-position: ; --tw-gradient-via-position: ; --tw-gradient-to-position: ; --tw-ordinal: ; --tw-slashed-zero: ; --tw-numeric-figure: ; --tw-numeric-spacing: ; --tw-numeric-fraction: ; --tw-ring-inset: ; --tw-ring-offset-width: 0px; --tw-ring-offset-color: #fff; --tw-ring-color: #3b82f680; --tw-ring-offset-shadow: 0 0 #0000; --tw-ring-shadow: 0 0 #0000; --tw-shadow: 0 0 #0000; --tw-shadow-colored: 0 0 #0000; --tw-blur: ; --tw-brightness: ; --tw-contrast: ; --tw-grayscale: ; --tw-hue-rotate: ; --tw-invert: ; --tw-saturate: ; --tw-sepia: ; --tw-drop-shadow: ; --tw-backdrop-blur: ; --tw-backdrop-brightness: ; --tw-backdrop-contrast: ; --tw-backdrop-grayscale: ; --tw-backdrop-hue-rotate: ; --tw-backdrop-invert: ; --tw-backdrop-opacity: ; --tw-backdrop-saturate: ; --tw-backdrop-sepia: ; white-space-collapse: preserve;\"><br style=\"--tw-border-spacing-x: 0; --tw-border-spacing-y: 0; --tw-translate-x: 0; --tw-translate-y: 0; --tw-rotate: 0; --tw-skew-x: 0; --tw-skew-y: 0; --tw-scale-x: 1; --tw-scale-y: 1; --tw-pan-x: ; --tw-pan-y: ; --tw-pinch-zoom: ; --tw-scroll-snap-strictness: proximity; --tw-gradient-from-position: ; --tw-gradient-via-position: ; --tw-gradient-to-position: ; --tw-ordinal: ; --tw-slashed-zero: ; --tw-numeric-figure: ; --tw-numeric-spacing: ; --tw-numeric-fraction: ; --tw-ring-inset: ; --tw-ring-offset-width: 0px; --tw-ring-offset-color: #fff; --tw-ring-color: #3b82f680; --tw-ring-offset-shadow: 0 0 #0000; --tw-ring-shadow: 0 0 #0000; --tw-shadow: 0 0 #0000; --tw-shadow-colored: 0 0 #0000; --tw-blur: ; --tw-brightness: ; --tw-contrast: ; --tw-grayscale: ; --tw-hue-rotate: ; --tw-invert: ; --tw-saturate: ; --tw-sepia: ; --tw-drop-shadow: ; --tw-backdrop-blur: ; --tw-backdrop-brightness: ; --tw-backdrop-contrast: ; --tw-backdrop-grayscale: ; --tw-backdrop-hue-rotate: ; --tw-backdrop-invert: ; --tw-backdrop-opacity: ; --tw-backdrop-saturate: ; --tw-backdrop-sepia: ; white-space-collapse: preserve;\"><br style=\"--tw-border-spacing-x: 0; --tw-border-spacing-y: 0; --tw-translate-x: 0; --tw-translate-y: 0; --tw-rotate: 0; --tw-skew-x: 0; --tw-skew-y: 0; --tw-scale-x: 1; --tw-scale-y: 1; --tw-pan-x: ; --tw-pan-y: ; --tw-pinch-zoom: ; --tw-scroll-snap-strictness: proximity; --tw-gradient-from-position: ; --tw-gradient-via-position: ; --tw-gradient-to-position: ; --tw-ordinal: ; --tw-slashed-zero: ; --tw-numeric-figure: ; --tw-numeric-spacing: ; --tw-numeric-fraction: ; --tw-ring-inset: ; --tw-ring-offset-width: 0px; --tw-ring-offset-color: #fff; --tw-ring-color: #3b82f680; --tw-ring-offset-shadow: 0 0 #0000; --tw-ring-shadow: 0 0 #0000; --tw-shadow: 0 0 #0000; --tw-shadow-colored: 0 0 #0000; --tw-blur: ; --tw-brightness: ; --tw-contrast: ; --tw-grayscale: ; --tw-hue-rotate: ; --tw-invert: ; --tw-saturate: ; --tw-sepia: ; --tw-drop-shadow: ; --tw-backdrop-blur: ; --tw-backdrop-brightness: ; --tw-backdrop-contrast: ; --tw-backdrop-grayscale: ; --tw-backdrop-hue-rotate: ; --tw-backdrop-invert: ; --tw-backdrop-opacity: ; --tw-backdrop-saturate: ; --tw-backdrop-sepia: ; white-space-collapse: preserve;\"><span style=\"white-space-collapse: preserve;\">ability to acquire additional color tints for the class mount upon completion of related Power Ascended achievement;\r\n</span><br style=\"--tw-border-spacing-x: 0; --tw-border-spacing-y: 0; --tw-translate-x: 0; --tw-translate-y: 0; --tw-rotate: 0; --tw-skew-x: 0; --tw-skew-y: 0; --tw-scale-x: 1; --tw-scale-y: 1; --tw-pan-x: ; --tw-pan-y: ; --tw-pinch-zoom: ; --tw-scroll-snap-strictness: proximity; --tw-gradient-from-position: ; --tw-gradient-via-position: ; --tw-gradient-to-position: ; --tw-ordinal: ; --tw-slashed-zero: ; --tw-numeric-figure: ; --tw-numeric-spacing: ; --tw-numeric-fraction: ; --tw-ring-inset: ; --tw-ring-offset-width: 0px; --tw-ring-offset-color: #fff; --tw-ring-color: #3b82f680; --tw-ring-offset-shadow: 0 0 #0000; --tw-ring-shadow: 0 0 #0000; --tw-shadow: 0 0 #0000; --tw-shadow-colored: 0 0 #0000; --tw-blur: ; --tw-brightness: ; --tw-contrast: ; --tw-grayscale: ; --tw-hue-rotate: ; --tw-invert: ; --tw-saturate: ; --tw-sepia: ; --tw-drop-shadow: ; --tw-backdrop-blur: ; --tw-backdrop-brightness: ; --tw-backdrop-contrast: ; --tw-backdrop-grayscale: ; --tw-backdrop-hue-rotate: ; --tw-backdrop-invert: ; --tw-backdrop-opacity: ; --tw-backdrop-saturate: ; --tw-backdrop-sepia: ; white-space-collapse: preserve;\"><span style=\"white-space-collapse: preserve;\">high-class VPN security.\r\n</span><br style=\"--tw-border-spacing-x: 0; --tw-border-spacing-y: 0; --tw-translate-x: 0; --tw-translate-y: 0; --tw-rotate: 0; --tw-skew-x: 0; --tw-skew-y: 0; --tw-scale-x: 1; --tw-scale-y: 1; --tw-pan-x: ; --tw-pan-y: ; --tw-pinch-zoom: ; --tw-scroll-snap-strictness: proximity; --tw-gradient-from-position: ; --tw-gradient-via-position: ; --tw-gradient-to-position: ; --tw-ordinal: ; --tw-slashed-zero: ; --tw-numeric-figure: ; --tw-numeric-spacing: ; --tw-numeric-fraction: ; --tw-ring-inset: ; --tw-ring-offset-width: 0px; --tw-ring-offset-color: #fff; --tw-ring-color: #3b82f680; --tw-ring-offset-shadow: 0 0 #0000; --tw-ring-shadow: 0 0 #0000; --tw-shadow: 0 0 #0000; --tw-shadow-colored: 0 0 #0000; --tw-blur: ; --tw-brightness: ; --tw-contrast: ; --tw-grayscale: ; --tw-hue-rotate: ; --tw-invert: ; --tw-saturate: ; --tw-sepia: ; --tw-drop-shadow: ; --tw-backdrop-blur: ; --tw-backdrop-brightness: ; --tw-backdrop-contrast: ; --tw-backdrop-grayscale: ; --tw-backdrop-hue-rotate: ; --tw-backdrop-invert: ; --tw-backdrop-opacity: ; --tw-backdrop-saturate: ; --tw-backdrop-sepia: ; white-space-collapse: preserve;\"><span style=\"white-space-collapse: preserve;\">\r\n</span><br style=\"--tw-border-spacing-x: 0; --tw-border-spacing-y: 0; --tw-translate-x: 0; --tw-translate-y: 0; --tw-rotate: 0; --tw-skew-x: 0; --tw-skew-y: 0; --tw-scale-x: 1; --tw-scale-y: 1; --tw-pan-x: ; --tw-pan-y: ; --tw-pinch-zoom: ; --tw-scroll-snap-strictness: proximity; --tw-gradient-from-position: ; --tw-gradient-via-position: ; --tw-gradient-to-position: ; --tw-ordinal: ; --tw-slashed-zero: ; --tw-numeric-figure: ; --tw-numeric-spacing: ; --tw-numeric-fraction: ; --tw-ring-inset: ; --tw-ring-offset-width: 0px; --tw-ring-offset-color: #fff; --tw-ring-color: #3b82f680; --tw-ring-offset-shadow: 0 0 #0000; --tw-ring-shadow: 0 0 #0000; --tw-shadow: 0 0 #0000; --tw-shadow-colored: 0 0 #0000; --tw-blur: ; --tw-brightness: ; --tw-contrast: ; --tw-grayscale: ; --tw-hue-rotate: ; --tw-invert: ; --tw-saturate: ; --tw-sepia: ; --tw-drop-shadow: ; --tw-backdrop-blur: ; --tw-backdrop-brightness: ; --tw-backdrop-contrast: ; --tw-backdrop-grayscale: ; --tw-backdrop-hue-rotate: ; --tw-backdrop-invert: ; --tw-backdrop-opacity: ; --tw-backdrop-saturate: ; --tw-backdrop-sepia: ; white-space-collapse: preserve;\"><span style=\"white-space-collapse: preserve;\">The class mount quest only becomes available after the completion of the Legion major achievements such as a Glorious Campaign and Breaching the Tomb. The additional artifact-related achievement - Power Ascended will unlock the additional color schemes for this awesome flying mount.\r\n</span><br style=\"--tw-border-spacing-x: 0; --tw-border-spacing-y: 0; --tw-translate-x: 0; --tw-translate-y: 0; --tw-rotate: 0; --tw-skew-x: 0; --tw-skew-y: 0; --tw-scale-x: 1; --tw-scale-y: 1; --tw-pan-x: ; --tw-pan-y: ; --tw-pinch-zoom: ; --tw-scroll-snap-strictness: proximity; --tw-gradient-from-position: ; --tw-gradient-via-position: ; --tw-gradient-to-position: ; --tw-ordinal: ; --tw-slashed-zero: ; --tw-numeric-figure: ; --tw-numeric-spacing: ; --tw-numeric-fraction: ; --tw-ring-inset: ; --tw-ring-offset-width: 0px; --tw-ring-offset-color: #fff; --tw-ring-color: #3b82f680; --tw-ring-offset-shadow: 0 0 #0000; --tw-ring-shadow: 0 0 #0000; --tw-shadow: 0 0 #0000; --tw-shadow-colored: 0 0 #0000; --tw-blur: ; --tw-brightness: ; --tw-contrast: ; --tw-grayscale: ; --tw-hue-rotate: ; --tw-invert: ; --tw-saturate: ; --tw-sepia: ; --tw-drop-shadow: ; --tw-backdrop-blur: ; --tw-backdrop-brightness: ; --tw-backdrop-contrast: ; --tw-backdrop-grayscale: ; --tw-backdrop-hue-rotate: ; --tw-backdrop-invert: ; --tw-backdrop-opacity: ; --tw-backdrop-saturate: ; --tw-backdrop-sepia: ; white-space-collapse: preserve;\"><span style=\"white-space-collapse: preserve;\">\r\n</span><br style=\"--tw-border-spacing-x: 0; --tw-border-spacing-y: 0; --tw-translate-x: 0; --tw-translate-y: 0; --tw-rotate: 0; --tw-skew-x: 0; --tw-skew-y: 0; --tw-scale-x: 1; --tw-scale-y: 1; --tw-pan-x: ; --tw-pan-y: ; --tw-pinch-zoom: ; --tw-scroll-snap-strictness: proximity; --tw-gradient-from-position: ; --tw-gradient-via-position: ; --tw-gradient-to-position: ; --tw-ordinal: ; --tw-slashed-zero: ; --tw-numeric-figure: ; --tw-numeric-spacing: ; --tw-numeric-fraction: ; --tw-ring-inset: ; --tw-ring-offset-width: 0px; --tw-ring-offset-color: #fff; --tw-ring-color: #3b82f680; --tw-ring-offset-shadow: 0 0 #0000; --tw-ring-shadow: 0 0 #0000; --tw-shadow: 0 0 #0000; --tw-shadow-colored: 0 0 #0000; --tw-blur: ; --tw-brightness: ; --tw-contrast: ; --tw-grayscale: ; --tw-hue-rotate: ; --tw-invert: ; --tw-saturate: ; --tw-sepia: ; --tw-drop-shadow: ; --tw-backdrop-blur: ; --tw-backdrop-brightness: ; --tw-backdrop-contrast: ; --tw-backdrop-grayscale: ; --tw-backdrop-hue-rotate: ; --tw-backdrop-invert: ; --tw-backdrop-opacity: ; --tw-backdrop-saturate: ; --tw-backdrop-sepia: ; white-space-collapse: preserve;\"><span style=\"white-space-collapse: preserve;\">The warlock class mount color tints include the following variations:\r\n</span><br style=\"--tw-border-spacing-x: 0; --tw-border-spacing-y: 0; --tw-translate-x: 0; --tw-translate-y: 0; --tw-rotate: 0; --tw-skew-x: 0; --tw-skew-y: 0; --tw-scale-x: 1; --tw-scale-y: 1; --tw-pan-x: ; --tw-pan-y: ; --tw-pinch-zoom: ; --tw-scroll-snap-strictness: proximity; --tw-gradient-from-position: ; --tw-gradient-via-position: ; --tw-gradient-to-position: ; --tw-ordinal: ; --tw-slashed-zero: ; --tw-numeric-figure: ; --tw-numeric-spacing: ; --tw-numeric-fraction: ; --tw-ring-inset: ; --tw-ring-offset-width: 0px; --tw-ring-offset-color: #fff; --tw-ring-color: #3b82f680; --tw-ring-offset-shadow: 0 0 #0000; --tw-ring-shadow: 0 0 #0000; --tw-shadow: 0 0 #0000; --tw-shadow-colored: 0 0 #0000; --tw-blur: ; --tw-brightness: ; --tw-contrast: ; --tw-grayscale: ; --tw-hue-rotate: ; --tw-invert: ; --tw-saturate: ; --tw-sepia: ; --tw-drop-shadow: ; --tw-backdrop-blur: ; --tw-backdrop-brightness: ; --tw-backdrop-contrast: ; --tw-backdrop-grayscale: ; --tw-backdrop-hue-rotate: ; --tw-backdrop-invert: ; --tw-backdrop-opacity: ; --tw-backdrop-saturate: ; --tw-backdrop-sepia: ; white-space-collapse: preserve;\"><span style=\"white-space-collapse: preserve;\">\r\n</span><br style=\"--tw-border-spacing-x: 0; --tw-border-spacing-y: 0; --tw-translate-x: 0; --tw-translate-y: 0; --tw-rotate: 0; --tw-skew-x: 0; --tw-skew-y: 0; --tw-scale-x: 1; --tw-scale-y: 1; --tw-pan-x: ; --tw-pan-y: ; --tw-pinch-zoom: ; --tw-scroll-snap-strictness: proximity; --tw-gradient-from-position: ; --tw-gradient-via-position: ; --tw-gradient-to-position: ; --tw-ordinal: ; --tw-slashed-zero: ; --tw-numeric-figure: ; --tw-numeric-spacing: ; --tw-numeric-fraction: ; --tw-ring-inset: ; --tw-ring-offset-width: 0px; --tw-ring-offset-color: #fff; --tw-ring-color: #3b82f680; --tw-ring-offset-shadow: 0 0 #0000; --tw-ring-shadow: 0 0 #0000; --tw-shadow: 0 0 #0000; --tw-shadow-colored: 0 0 #0000; --tw-blur: ; --tw-brightness: ; --tw-contrast: ; --tw-grayscale: ; --tw-hue-rotate: ; --tw-invert: ; --tw-saturate: ; --tw-sepia: ; --tw-drop-shadow: ; --tw-backdrop-blur: ; --tw-backdrop-brightness: ; --tw-backdrop-contrast: ; --tw-backdrop-grayscale: ; --tw-backdrop-hue-rotate: ; --tw-backdrop-invert: ; --tw-backdrop-opacity: ; --tw-backdrop-saturate: ; --tw-backdrop-sepia: ; white-space-collapse: preserve;\"><span style=\"white-space-collapse: preserve;\">The original Netherlord's Chaotic Wrathsteed in green color is obtained from a class quest storyline.\r\n</span><br style=\"--tw-border-spacing-x: 0; --tw-border-spacing-y: 0; --tw-translate-x: 0; --tw-translate-y: 0; --tw-rotate: 0; --tw-skew-x: 0; --tw-skew-y: 0; --tw-scale-x: 1; --tw-scale-y: 1; --tw-pan-x: ; --tw-pan-y: ; --tw-pinch-zoom: ; --tw-scroll-snap-strictness: proximity; --tw-gradient-from-position: ; --tw-gradient-via-position: ; --tw-gradient-to-position: ; --tw-ordinal: ; --tw-slashed-zero: ; --tw-numeric-figure: ; --tw-numeric-spacing: ; --tw-numeric-fraction: ; --tw-ring-inset: ; --tw-ring-offset-width: 0px; --tw-ring-offset-color: #fff; --tw-ring-color: #3b82f680; --tw-ring-offset-shadow: 0 0 #0000; --tw-ring-shadow: 0 0 #0000; --tw-shadow: 0 0 #0000; --tw-shadow-colored: 0 0 #0000; --tw-blur: ; --tw-brightness: ; --tw-contrast: ; --tw-grayscale: ; --tw-hue-rotate: ; --tw-invert: ; --tw-saturate: ; --tw-sepia: ; --tw-drop-shadow: ; --tw-backdrop-blur: ; --tw-backdrop-brightness: ; --tw-backdrop-contrast: ; --tw-backdrop-grayscale: ; --tw-backdrop-hue-rotate: ; --tw-backdrop-invert: ; --tw-backdrop-opacity: ; --tw-backdrop-saturate: ; --tw-backdrop-sepia: ; white-space-collapse: preserve;\"><span style=\"white-space-collapse: preserve;\">Red/orange flame recolor - Hellblazing Reins of the Brimstone Wrathsteed can be purchased from Calydus located at the Artifact Forge for x1000 Order Resources after completing The Wrathsteed of Xoroth and Power Ascended.\r\n</span><br style=\"--tw-border-spacing-x: 0; --tw-border-spacing-y: 0; --tw-translate-x: 0; --tw-translate-y: 0; --tw-rotate: 0; --tw-skew-x: 0; --tw-skew-y: 0; --tw-scale-x: 1; --tw-scale-y: 1; --tw-pan-x: ; --tw-pan-y: ; --tw-pinch-zoom: ; --tw-scroll-snap-strictness: proximity; --tw-gradient-from-position: ; --tw-gradient-via-position: ; --tw-gradient-to-position: ; --tw-ordinal: ; --tw-slashed-zero: ; --tw-numeric-figure: ; --tw-numeric-spacing: ; --tw-numeric-fraction: ; --tw-ring-inset: ; --tw-ring-offset-width: 0px; --tw-ring-offset-color: #fff; --tw-ring-color: #3b82f680; --tw-ring-offset-shadow: 0 0 #0000; --tw-ring-shadow: 0 0 #0000; --tw-shadow: 0 0 #0000; --tw-shadow-colored: 0 0 #0000; --tw-blur: ; --tw-brightness: ; --tw-contrast: ; --tw-grayscale: ; --tw-hue-rotate: ; --tw-invert: ; --tw-saturate: ; --tw-sepia: ; --tw-drop-shadow: ; --tw-backdrop-blur: ; --tw-backdrop-brightness: ; --tw-backdrop-contrast: ; --tw-backdrop-grayscale: ; --tw-backdrop-hue-rotate: ; --tw-backdrop-invert: ; --tw-backdrop-opacity: ; --tw-backdrop-saturate: ; --tw-backdrop-sepia: ; white-space-collapse: preserve;\"><span style=\"white-space-collapse: preserve;\">Dark purple option - Shadowy Reins of the Accursed Wrathsteed is obtainable from Lord Hel'Nurath on Broken Shore with a 100% drop rate. It can only drop if you have already completed the class mount quest chain.\r\n</span><br style=\"--tw-border-spacing-x: 0; --tw-border-spacing-y: 0; --tw-translate-x: 0; --tw-translate-y: 0; --tw-rotate: 0; --tw-skew-x: 0; --tw-skew-y: 0; --tw-scale-x: 1; --tw-scale-y: 1; --tw-pan-x: ; --tw-pan-y: ; --tw-pinch-zoom: ; --tw-scroll-snap-strictness: proximity; --tw-gradient-from-position: ; --tw-gradient-via-position: ; --tw-gradient-to-position: ; --tw-ordinal: ; --tw-slashed-zero: ; --tw-numeric-figure: ; --tw-numeric-spacing: ; --tw-numeric-fraction: ; --tw-ring-inset: ; --tw-ring-offset-width: 0px; --tw-ring-offset-color: #fff; --tw-ring-color: #3b82f680; --tw-ring-offset-shadow: 0 0 #0000; --tw-ring-shadow: 0 0 #0000; --tw-shadow: 0 0 #0000; --tw-shadow-colored: 0 0 #0000; --tw-blur: ; --tw-brightness: ; --tw-contrast: ; --tw-grayscale: ; --tw-hue-rotate: ; --tw-invert: ; --tw-saturate: ; --tw-sepia: ; --tw-drop-shadow: ; --tw-backdrop-blur: ; --tw-backdrop-brightness: ; --tw-backdrop-contrast: ; --tw-backdrop-grayscale: ; --tw-backdrop-hue-rotate: ; --tw-backdrop-invert: ; --tw-backdrop-opacity: ; --tw-backdrop-saturate: ; --tw-backdrop-sepia: ; white-space-collapse: preserve;\"><br style=\"--tw-border-spacing-x: 0; --tw-border-spacing-y: 0; --tw-translate-x: 0; --tw-translate-y: 0; --tw-rotate: 0; --tw-skew-x: 0; --tw-skew-y: 0; --tw-scale-x: 1; --tw-scale-y: 1; --tw-pan-x: ; --tw-pan-y: ; --tw-pinch-zoom: ; --tw-scroll-snap-strictness: proximity; --tw-gradient-from-position: ; --tw-gradient-via-position: ; --tw-gradient-to-position: ; --tw-ordinal: ; --tw-slashed-zero: ; --tw-numeric-figure: ; --tw-numeric-spacing: ; --tw-numeric-fraction: ; --tw-ring-inset: ; --tw-ring-offset-width: 0px; --tw-ring-offset-color: #fff; --tw-ring-color: #3b82f680; --tw-ring-offset-shadow: 0 0 #0000; --tw-ring-shadow: 0 0 #0000; --tw-shadow: 0 0 #0000; --tw-shadow-colored: 0 0 #0000; --tw-blur: ; --tw-brightness: ; --tw-contrast: ; --tw-grayscale: ; --tw-hue-rotate: ; --tw-invert: ; --tw-saturate: ; --tw-sepia: ; --tw-drop-shadow: ; --tw-backdrop-blur: ; --tw-backdrop-brightness: ; --tw-backdrop-contrast: ; --tw-backdrop-grayscale: ; --tw-backdrop-hue-rotate: ; --tw-backdrop-invert: ; --tw-backdrop-opacity: ; --tw-backdrop-saturate: ; --tw-backdrop-sepia: ; white-space-collapse: preserve;\"><span style=\"white-space-collapse: preserve;\"> TEXT CAPACITY UP TO APPROXIMATELY 3000 SYMBOLS</span><br></p>", "order": 3, "product": 6}}, {"model": "products.producttabs", "pk": 4, "fields": {"title": "Title 4", "content": "<p><span style=\"white-space-collapse: preserve;\">The Netherlord's Chaotic Wrathsteed is an epic flying mount introduced in the Legion expansion. It is a warlock class mount and can be ridden only by the members of this World of Warcraft class. There are only 12 class mounts in WoW including this one. Buying the Netherlord's Chaotic Wrathsteed carry will not only allow you to get the original warlock class mount but also acquire 3 color tints.\r\n</span><br style=\"--tw-border-spacing-x: 0; --tw-border-spacing-y: 0; --tw-translate-x: 0; --tw-translate-y: 0; --tw-rotate: 0; --tw-skew-x: 0; --tw-skew-y: 0; --tw-scale-x: 1; --tw-scale-y: 1; --tw-pan-x: ; --tw-pan-y: ; --tw-pinch-zoom: ; --tw-scroll-snap-strictness: proximity; --tw-gradient-from-position: ; --tw-gradient-via-position: ; --tw-gradient-to-position: ; --tw-ordinal: ; --tw-slashed-zero: ; --tw-numeric-figure: ; --tw-numeric-spacing: ; --tw-numeric-fraction: ; --tw-ring-inset: ; --tw-ring-offset-width: 0px; --tw-ring-offset-color: #fff; --tw-ring-color: #3b82f680; --tw-ring-offset-shadow: 0 0 #0000; --tw-ring-shadow: 0 0 #0000; --tw-shadow: 0 0 #0000; --tw-shadow-colored: 0 0 #0000; --tw-blur: ; --tw-brightness: ; --tw-contrast: ; --tw-grayscale: ; --tw-hue-rotate: ; --tw-invert: ; --tw-saturate: ; --tw-sepia: ; --tw-drop-shadow: ; --tw-backdrop-blur: ; --tw-backdrop-brightness: ; --tw-backdrop-contrast: ; --tw-backdrop-grayscale: ; --tw-backdrop-hue-rotate: ; --tw-backdrop-invert: ; --tw-backdrop-opacity: ; --tw-backdrop-saturate: ; --tw-backdrop-sepia: ; white-space-collapse: preserve;\"><span style=\"white-space-collapse: preserve;\">\r\n</span><br style=\"--tw-border-spacing-x: 0; --tw-border-spacing-y: 0; --tw-translate-x: 0; --tw-translate-y: 0; --tw-rotate: 0; --tw-skew-x: 0; --tw-skew-y: 0; --tw-scale-x: 1; --tw-scale-y: 1; --tw-pan-x: ; --tw-pan-y: ; --tw-pinch-zoom: ; --tw-scroll-snap-strictness: proximity; --tw-gradient-from-position: ; --tw-gradient-via-position: ; --tw-gradient-to-position: ; --tw-ordinal: ; --tw-slashed-zero: ; --tw-numeric-figure: ; --tw-numeric-spacing: ; --tw-numeric-fraction: ; --tw-ring-inset: ; --tw-ring-offset-width: 0px; --tw-ring-offset-color: #fff; --tw-ring-color: #3b82f680; --tw-ring-offset-shadow: 0 0 #0000; --tw-ring-shadow: 0 0 #0000; --tw-shadow: 0 0 #0000; --tw-shadow-colored: 0 0 #0000; --tw-blur: ; --tw-brightness: ; --tw-contrast: ; --tw-grayscale: ; --tw-hue-rotate: ; --tw-invert: ; --tw-saturate: ; --tw-sepia: ; --tw-drop-shadow: ; --tw-backdrop-blur: ; --tw-backdrop-brightness: ; --tw-backdrop-contrast: ; --tw-backdrop-grayscale: ; --tw-backdrop-hue-rotate: ; --tw-backdrop-invert: ; --tw-backdrop-opacity: ; --tw-backdrop-saturate: ; --tw-backdrop-sepia: ; white-space-collapse: preserve;\"><span style=\"white-space-collapse: preserve;\">Boost ETA: ~48 hrs.\r\n</span><br style=\"--tw-border-spacing-x: 0; --tw-border-spacing-y: 0; --tw-translate-x: 0; --tw-translate-y: 0; --tw-rotate: 0; --tw-skew-x: 0; --tw-skew-y: 0; --tw-scale-x: 1; --tw-scale-y: 1; --tw-pan-x: ; --tw-pan-y: ; --tw-pinch-zoom: ; --tw-scroll-snap-strictness: proximity; --tw-gradient-from-position: ; --tw-gradient-via-position: ; --tw-gradient-to-position: ; --tw-ordinal: ; --tw-slashed-zero: ; --tw-numeric-figure: ; --tw-numeric-spacing: ; --tw-numeric-fraction: ; --tw-ring-inset: ; --tw-ring-offset-width: 0px; --tw-ring-offset-color: #fff; --tw-ring-color: #3b82f680; --tw-ring-offset-shadow: 0 0 #0000; --tw-ring-shadow: 0 0 #0000; --tw-shadow: 0 0 #0000; --tw-shadow-colored: 0 0 #0000; --tw-blur: ; --tw-brightness: ; --tw-contrast: ; --tw-grayscale: ; --tw-hue-rotate: ; --tw-invert: ; --tw-saturate: ; --tw-sepia: ; --tw-drop-shadow: ; --tw-backdrop-blur: ; --tw-backdrop-brightness: ; --tw-backdrop-contrast: ; --tw-backdrop-grayscale: ; --tw-backdrop-hue-rotate: ; --tw-backdrop-invert: ; --tw-backdrop-opacity: ; --tw-backdrop-saturate: ; --tw-backdrop-sepia: ; white-space-collapse: preserve;\"><span style=\"white-space-collapse: preserve;\"> \r\n</span><br style=\"--tw-border-spacing-x: 0; --tw-border-spacing-y: 0; --tw-translate-x: 0; --tw-translate-y: 0; --tw-rotate: 0; --tw-skew-x: 0; --tw-skew-y: 0; --tw-scale-x: 1; --tw-scale-y: 1; --tw-pan-x: ; --tw-pan-y: ; --tw-pinch-zoom: ; --tw-scroll-snap-strictness: proximity; --tw-gradient-from-position: ; --tw-gradient-via-position: ; --tw-gradient-to-position: ; --tw-ordinal: ; --tw-slashed-zero: ; --tw-numeric-figure: ; --tw-numeric-spacing: ; --tw-numeric-fraction: ; --tw-ring-inset: ; --tw-ring-offset-width: 0px; --tw-ring-offset-color: #fff; --tw-ring-color: #3b82f680; --tw-ring-offset-shadow: 0 0 #0000; --tw-ring-shadow: 0 0 #0000; --tw-shadow: 0 0 #0000; --tw-shadow-colored: 0 0 #0000; --tw-blur: ; --tw-brightness: ; --tw-contrast: ; --tw-grayscale: ; --tw-hue-rotate: ; --tw-invert: ; --tw-saturate: ; --tw-sepia: ; --tw-drop-shadow: ; --tw-backdrop-blur: ; --tw-backdrop-brightness: ; --tw-backdrop-contrast: ; --tw-backdrop-grayscale: ; --tw-backdrop-hue-rotate: ; --tw-backdrop-invert: ; --tw-backdrop-opacity: ; --tw-backdrop-saturate: ; --tw-backdrop-sepia: ; white-space-collapse: preserve;\"><span style=\"white-space-collapse: preserve;\">       Warlocks can ride the Netherlord's Chaotic Wrathsteed only after the completion of Class Hall and Broken     </span><br style=\"--tw-border-spacing-x: 0; --tw-border-spacing-y: 0; --tw-translate-x: 0; --tw-translate-y: 0; --tw-rotate: 0; --tw-skew-x: 0; --tw-skew-y: 0; --tw-scale-x: 1; --tw-scale-y: 1; --tw-pan-x: ; --tw-pan-y: ; --tw-pinch-zoom: ; --tw-scroll-snap-strictness: proximity; --tw-gradient-from-position: ; --tw-gradient-via-position: ; --tw-gradient-to-position: ; --tw-ordinal: ; --tw-slashed-zero: ; --tw-numeric-figure: ; --tw-numeric-spacing: ; --tw-numeric-fraction: ; --tw-ring-inset: ; --tw-ring-offset-width: 0px; --tw-ring-offset-color: #fff; --tw-ring-color: #3b82f680; --tw-ring-offset-shadow: 0 0 #0000; --tw-ring-shadow: 0 0 #0000; --tw-shadow: 0 0 #0000; --tw-shadow-colored: 0 0 #0000; --tw-blur: ; --tw-brightness: ; --tw-contrast: ; --tw-grayscale: ; --tw-hue-rotate: ; --tw-invert: ; --tw-saturate: ; --tw-sepia: ; --tw-drop-shadow: ; --tw-backdrop-blur: ; --tw-backdrop-brightness: ; --tw-backdrop-contrast: ; --tw-backdrop-grayscale: ; --tw-backdrop-hue-rotate: ; --tw-backdrop-invert: ; --tw-backdrop-opacity: ; --tw-backdrop-saturate: ; --tw-backdrop-sepia: ; white-space-collapse: preserve;\"><span style=\"white-space-collapse: preserve;\">        Shore meta-achievements. They can still be fulfilled in BFA and shadowlands expansions.\r\n</span><br style=\"--tw-border-spacing-x: 0; --tw-border-spacing-y: 0; --tw-translate-x: 0; --tw-translate-y: 0; --tw-rotate: 0; --tw-skew-x: 0; --tw-skew-y: 0; --tw-scale-x: 1; --tw-scale-y: 1; --tw-pan-x: ; --tw-pan-y: ; --tw-pinch-zoom: ; --tw-scroll-snap-strictness: proximity; --tw-gradient-from-position: ; --tw-gradient-via-position: ; --tw-gradient-to-position: ; --tw-ordinal: ; --tw-slashed-zero: ; --tw-numeric-figure: ; --tw-numeric-spacing: ; --tw-numeric-fraction: ; --tw-ring-inset: ; --tw-ring-offset-width: 0px; --tw-ring-offset-color: #fff; --tw-ring-color: #3b82f680; --tw-ring-offset-shadow: 0 0 #0000; --tw-ring-shadow: 0 0 #0000; --tw-shadow: 0 0 #0000; --tw-shadow-colored: 0 0 #0000; --tw-blur: ; --tw-brightness: ; --tw-contrast: ; --tw-grayscale: ; --tw-hue-rotate: ; --tw-invert: ; --tw-saturate: ; --tw-sepia: ; --tw-drop-shadow: ; --tw-backdrop-blur: ; --tw-backdrop-brightness: ; --tw-backdrop-contrast: ; --tw-backdrop-grayscale: ; --tw-backdrop-hue-rotate: ; --tw-backdrop-invert: ; --tw-backdrop-opacity: ; --tw-backdrop-saturate: ; --tw-backdrop-sepia: ; white-space-collapse: preserve;\"><span style=\"white-space-collapse: preserve;\">\r\n</span><br style=\"--tw-border-spacing-x: 0; --tw-border-spacing-y: 0; --tw-translate-x: 0; --tw-translate-y: 0; --tw-rotate: 0; --tw-skew-x: 0; --tw-skew-y: 0; --tw-scale-x: 1; --tw-scale-y: 1; --tw-pan-x: ; --tw-pan-y: ; --tw-pinch-zoom: ; --tw-scroll-snap-strictness: proximity; --tw-gradient-from-position: ; --tw-gradient-via-position: ; --tw-gradient-to-position: ; --tw-ordinal: ; --tw-slashed-zero: ; --tw-numeric-figure: ; --tw-numeric-spacing: ; --tw-numeric-fraction: ; --tw-ring-inset: ; --tw-ring-offset-width: 0px; --tw-ring-offset-color: #fff; --tw-ring-color: #3b82f680; --tw-ring-offset-shadow: 0 0 #0000; --tw-ring-shadow: 0 0 #0000; --tw-shadow: 0 0 #0000; --tw-shadow-colored: 0 0 #0000; --tw-blur: ; --tw-brightness: ; --tw-contrast: ; --tw-grayscale: ; --tw-hue-rotate: ; --tw-invert: ; --tw-saturate: ; --tw-sepia: ; --tw-drop-shadow: ; --tw-backdrop-blur: ; --tw-backdrop-brightness: ; --tw-backdrop-contrast: ; --tw-backdrop-grayscale: ; --tw-backdrop-hue-rotate: ; --tw-backdrop-invert: ; --tw-backdrop-opacity: ; --tw-backdrop-saturate: ; --tw-backdrop-sepia: ; white-space-collapse: preserve;\"><span style=\"white-space-collapse: preserve;\">The warlock class mount carry will get you:\r\n</span><br style=\"--tw-border-spacing-x: 0; --tw-border-spacing-y: 0; --tw-translate-x: 0; --tw-translate-y: 0; --tw-rotate: 0; --tw-skew-x: 0; --tw-skew-y: 0; --tw-scale-x: 1; --tw-scale-y: 1; --tw-pan-x: ; --tw-pan-y: ; --tw-pinch-zoom: ; --tw-scroll-snap-strictness: proximity; --tw-gradient-from-position: ; --tw-gradient-via-position: ; --tw-gradient-to-position: ; --tw-ordinal: ; --tw-slashed-zero: ; --tw-numeric-figure: ; --tw-numeric-spacing: ; --tw-numeric-fraction: ; --tw-ring-inset: ; --tw-ring-offset-width: 0px; --tw-ring-offset-color: #fff; --tw-ring-color: #3b82f680; --tw-ring-offset-shadow: 0 0 #0000; --tw-ring-shadow: 0 0 #0000; --tw-shadow: 0 0 #0000; --tw-shadow-colored: 0 0 #0000; --tw-blur: ; --tw-brightness: ; --tw-contrast: ; --tw-grayscale: ; --tw-hue-rotate: ; --tw-invert: ; --tw-saturate: ; --tw-sepia: ; --tw-drop-shadow: ; --tw-backdrop-blur: ; --tw-backdrop-brightness: ; --tw-backdrop-contrast: ; --tw-backdrop-grayscale: ; --tw-backdrop-hue-rotate: ; --tw-backdrop-invert: ; --tw-backdrop-opacity: ; --tw-backdrop-saturate: ; --tw-backdrop-sepia: ; white-space-collapse: preserve;\"><span style=\"white-space-collapse: preserve;\">        start of the boost within 30-50 minutes;\r\n</span><br style=\"--tw-border-spacing-x: 0; --tw-border-spacing-y: 0; --tw-translate-x: 0; --tw-translate-y: 0; --tw-rotate: 0; --tw-skew-x: 0; --tw-skew-y: 0; --tw-scale-x: 1; --tw-scale-y: 1; --tw-pan-x: ; --tw-pan-y: ; --tw-pinch-zoom: ; --tw-scroll-snap-strictness: proximity; --tw-gradient-from-position: ; --tw-gradient-via-position: ; --tw-gradient-to-position: ; --tw-ordinal: ; --tw-slashed-zero: ; --tw-numeric-figure: ; --tw-numeric-spacing: ; --tw-numeric-fraction: ; --tw-ring-inset: ; --tw-ring-offset-width: 0px; --tw-ring-offset-color: #fff; --tw-ring-color: #3b82f680; --tw-ring-offset-shadow: 0 0 #0000; --tw-ring-shadow: 0 0 #0000; --tw-shadow: 0 0 #0000; --tw-shadow-colored: 0 0 #0000; --tw-blur: ; --tw-brightness: ; --tw-contrast: ; --tw-grayscale: ; --tw-hue-rotate: ; --tw-invert: ; --tw-saturate: ; --tw-sepia: ; --tw-drop-shadow: ; --tw-backdrop-blur: ; --tw-backdrop-brightness: ; --tw-backdrop-contrast: ; --tw-backdrop-grayscale: ; --tw-backdrop-hue-rotate: ; --tw-backdrop-invert: ; --tw-backdrop-opacity: ; --tw-backdrop-saturate: ; --tw-backdrop-sepia: ; white-space-collapse: preserve;\"><span style=\"white-space-collapse: preserve;\">        the completed storyline class-hall quest to receive the Netherlord's Chaotic Wrathsteed;\r\n</span><br style=\"--tw-border-spacing-x: 0; --tw-border-spacing-y: 0; --tw-translate-x: 0; --tw-translate-y: 0; --tw-rotate: 0; --tw-skew-x: 0; --tw-skew-y: 0; --tw-scale-x: 1; --tw-scale-y: 1; --tw-pan-x: ; --tw-pan-y: ; --tw-pinch-zoom: ; --tw-scroll-snap-strictness: proximity; --tw-gradient-from-position: ; --tw-gradient-via-position: ; --tw-gradient-to-position: ; --tw-ordinal: ; --tw-slashed-zero: ; --tw-numeric-figure: ; --tw-numeric-spacing: ; --tw-numeric-fraction: ; --tw-ring-inset: ; --tw-ring-offset-width: 0px; --tw-ring-offset-color: #fff; --tw-ring-color: #3b82f680; --tw-ring-offset-shadow: 0 0 #0000; --tw-ring-shadow: 0 0 #0000; --tw-shadow: 0 0 #0000; --tw-shadow-colored: 0 0 #0000; --tw-blur: ; --tw-brightness: ; --tw-contrast: ; --tw-grayscale: ; --tw-hue-rotate: ; --tw-invert: ; --tw-saturate: ; --tw-sepia: ; --tw-drop-shadow: ; --tw-backdrop-blur: ; --tw-backdrop-brightness: ; --tw-backdrop-contrast: ; --tw-backdrop-grayscale: ; --tw-backdrop-hue-rotate: ; --tw-backdrop-invert: ; --tw-backdrop-opacity: ; --tw-backdrop-saturate: ; --tw-backdrop-sepia: ; white-space-collapse: preserve;\"><br style=\"--tw-border-spacing-x: 0; --tw-border-spacing-y: 0; --tw-translate-x: 0; --tw-translate-y: 0; --tw-rotate: 0; --tw-skew-x: 0; --tw-skew-y: 0; --tw-scale-x: 1; --tw-scale-y: 1; --tw-pan-x: ; --tw-pan-y: ; --tw-pinch-zoom: ; --tw-scroll-snap-strictness: proximity; --tw-gradient-from-position: ; --tw-gradient-via-position: ; --tw-gradient-to-position: ; --tw-ordinal: ; --tw-slashed-zero: ; --tw-numeric-figure: ; --tw-numeric-spacing: ; --tw-numeric-fraction: ; --tw-ring-inset: ; --tw-ring-offset-width: 0px; --tw-ring-offset-color: #fff; --tw-ring-color: #3b82f680; --tw-ring-offset-shadow: 0 0 #0000; --tw-ring-shadow: 0 0 #0000; --tw-shadow: 0 0 #0000; --tw-shadow-colored: 0 0 #0000; --tw-blur: ; --tw-brightness: ; --tw-contrast: ; --tw-grayscale: ; --tw-hue-rotate: ; --tw-invert: ; --tw-saturate: ; --tw-sepia: ; --tw-drop-shadow: ; --tw-backdrop-blur: ; --tw-backdrop-brightness: ; --tw-backdrop-contrast: ; --tw-backdrop-grayscale: ; --tw-backdrop-hue-rotate: ; --tw-backdrop-invert: ; --tw-backdrop-opacity: ; --tw-backdrop-saturate: ; --tw-backdrop-sepia: ; white-space-collapse: preserve;\"><br style=\"--tw-border-spacing-x: 0; --tw-border-spacing-y: 0; --tw-translate-x: 0; --tw-translate-y: 0; --tw-rotate: 0; --tw-skew-x: 0; --tw-skew-y: 0; --tw-scale-x: 1; --tw-scale-y: 1; --tw-pan-x: ; --tw-pan-y: ; --tw-pinch-zoom: ; --tw-scroll-snap-strictness: proximity; --tw-gradient-from-position: ; --tw-gradient-via-position: ; --tw-gradient-to-position: ; --tw-ordinal: ; --tw-slashed-zero: ; --tw-numeric-figure: ; --tw-numeric-spacing: ; --tw-numeric-fraction: ; --tw-ring-inset: ; --tw-ring-offset-width: 0px; --tw-ring-offset-color: #fff; --tw-ring-color: #3b82f680; --tw-ring-offset-shadow: 0 0 #0000; --tw-ring-shadow: 0 0 #0000; --tw-shadow: 0 0 #0000; --tw-shadow-colored: 0 0 #0000; --tw-blur: ; --tw-brightness: ; --tw-contrast: ; --tw-grayscale: ; --tw-hue-rotate: ; --tw-invert: ; --tw-saturate: ; --tw-sepia: ; --tw-drop-shadow: ; --tw-backdrop-blur: ; --tw-backdrop-brightness: ; --tw-backdrop-contrast: ; --tw-backdrop-grayscale: ; --tw-backdrop-hue-rotate: ; --tw-backdrop-invert: ; --tw-backdrop-opacity: ; --tw-backdrop-saturate: ; --tw-backdrop-sepia: ; white-space-collapse: preserve;\"><span style=\"white-space-collapse: preserve;\">ability to acquire additional color tints for the class mount upon completion of related Power Ascended achievement;\r\n</span><br style=\"--tw-border-spacing-x: 0; --tw-border-spacing-y: 0; --tw-translate-x: 0; --tw-translate-y: 0; --tw-rotate: 0; --tw-skew-x: 0; --tw-skew-y: 0; --tw-scale-x: 1; --tw-scale-y: 1; --tw-pan-x: ; --tw-pan-y: ; --tw-pinch-zoom: ; --tw-scroll-snap-strictness: proximity; --tw-gradient-from-position: ; --tw-gradient-via-position: ; --tw-gradient-to-position: ; --tw-ordinal: ; --tw-slashed-zero: ; --tw-numeric-figure: ; --tw-numeric-spacing: ; --tw-numeric-fraction: ; --tw-ring-inset: ; --tw-ring-offset-width: 0px; --tw-ring-offset-color: #fff; --tw-ring-color: #3b82f680; --tw-ring-offset-shadow: 0 0 #0000; --tw-ring-shadow: 0 0 #0000; --tw-shadow: 0 0 #0000; --tw-shadow-colored: 0 0 #0000; --tw-blur: ; --tw-brightness: ; --tw-contrast: ; --tw-grayscale: ; --tw-hue-rotate: ; --tw-invert: ; --tw-saturate: ; --tw-sepia: ; --tw-drop-shadow: ; --tw-backdrop-blur: ; --tw-backdrop-brightness: ; --tw-backdrop-contrast: ; --tw-backdrop-grayscale: ; --tw-backdrop-hue-rotate: ; --tw-backdrop-invert: ; --tw-backdrop-opacity: ; --tw-backdrop-saturate: ; --tw-backdrop-sepia: ; white-space-collapse: preserve;\"><span style=\"white-space-collapse: preserve;\">high-class VPN security.\r\n</span><br style=\"--tw-border-spacing-x: 0; --tw-border-spacing-y: 0; --tw-translate-x: 0; --tw-translate-y: 0; --tw-rotate: 0; --tw-skew-x: 0; --tw-skew-y: 0; --tw-scale-x: 1; --tw-scale-y: 1; --tw-pan-x: ; --tw-pan-y: ; --tw-pinch-zoom: ; --tw-scroll-snap-strictness: proximity; --tw-gradient-from-position: ; --tw-gradient-via-position: ; --tw-gradient-to-position: ; --tw-ordinal: ; --tw-slashed-zero: ; --tw-numeric-figure: ; --tw-numeric-spacing: ; --tw-numeric-fraction: ; --tw-ring-inset: ; --tw-ring-offset-width: 0px; --tw-ring-offset-color: #fff; --tw-ring-color: #3b82f680; --tw-ring-offset-shadow: 0 0 #0000; --tw-ring-shadow: 0 0 #0000; --tw-shadow: 0 0 #0000; --tw-shadow-colored: 0 0 #0000; --tw-blur: ; --tw-brightness: ; --tw-contrast: ; --tw-grayscale: ; --tw-hue-rotate: ; --tw-invert: ; --tw-saturate: ; --tw-sepia: ; --tw-drop-shadow: ; --tw-backdrop-blur: ; --tw-backdrop-brightness: ; --tw-backdrop-contrast: ; --tw-backdrop-grayscale: ; --tw-backdrop-hue-rotate: ; --tw-backdrop-invert: ; --tw-backdrop-opacity: ; --tw-backdrop-saturate: ; --tw-backdrop-sepia: ; white-space-collapse: preserve;\"><span style=\"white-space-collapse: preserve;\">\r\n</span><br style=\"--tw-border-spacing-x: 0; --tw-border-spacing-y: 0; --tw-translate-x: 0; --tw-translate-y: 0; --tw-rotate: 0; --tw-skew-x: 0; --tw-skew-y: 0; --tw-scale-x: 1; --tw-scale-y: 1; --tw-pan-x: ; --tw-pan-y: ; --tw-pinch-zoom: ; --tw-scroll-snap-strictness: proximity; --tw-gradient-from-position: ; --tw-gradient-via-position: ; --tw-gradient-to-position: ; --tw-ordinal: ; --tw-slashed-zero: ; --tw-numeric-figure: ; --tw-numeric-spacing: ; --tw-numeric-fraction: ; --tw-ring-inset: ; --tw-ring-offset-width: 0px; --tw-ring-offset-color: #fff; --tw-ring-color: #3b82f680; --tw-ring-offset-shadow: 0 0 #0000; --tw-ring-shadow: 0 0 #0000; --tw-shadow: 0 0 #0000; --tw-shadow-colored: 0 0 #0000; --tw-blur: ; --tw-brightness: ; --tw-contrast: ; --tw-grayscale: ; --tw-hue-rotate: ; --tw-invert: ; --tw-saturate: ; --tw-sepia: ; --tw-drop-shadow: ; --tw-backdrop-blur: ; --tw-backdrop-brightness: ; --tw-backdrop-contrast: ; --tw-backdrop-grayscale: ; --tw-backdrop-hue-rotate: ; --tw-backdrop-invert: ; --tw-backdrop-opacity: ; --tw-backdrop-saturate: ; --tw-backdrop-sepia: ; white-space-collapse: preserve;\"><span style=\"white-space-collapse: preserve;\">The class mount quest only becomes available after the completion of the Legion major achievements such as a Glorious Campaign and Breaching the Tomb. The additional artifact-related achievement - Power Ascended will unlock the additional color schemes for this awesome flying mount.\r\n</span><br style=\"--tw-border-spacing-x: 0; --tw-border-spacing-y: 0; --tw-translate-x: 0; --tw-translate-y: 0; --tw-rotate: 0; --tw-skew-x: 0; --tw-skew-y: 0; --tw-scale-x: 1; --tw-scale-y: 1; --tw-pan-x: ; --tw-pan-y: ; --tw-pinch-zoom: ; --tw-scroll-snap-strictness: proximity; --tw-gradient-from-position: ; --tw-gradient-via-position: ; --tw-gradient-to-position: ; --tw-ordinal: ; --tw-slashed-zero: ; --tw-numeric-figure: ; --tw-numeric-spacing: ; --tw-numeric-fraction: ; --tw-ring-inset: ; --tw-ring-offset-width: 0px; --tw-ring-offset-color: #fff; --tw-ring-color: #3b82f680; --tw-ring-offset-shadow: 0 0 #0000; --tw-ring-shadow: 0 0 #0000; --tw-shadow: 0 0 #0000; --tw-shadow-colored: 0 0 #0000; --tw-blur: ; --tw-brightness: ; --tw-contrast: ; --tw-grayscale: ; --tw-hue-rotate: ; --tw-invert: ; --tw-saturate: ; --tw-sepia: ; --tw-drop-shadow: ; --tw-backdrop-blur: ; --tw-backdrop-brightness: ; --tw-backdrop-contrast: ; --tw-backdrop-grayscale: ; --tw-backdrop-hue-rotate: ; --tw-backdrop-invert: ; --tw-backdrop-opacity: ; --tw-backdrop-saturate: ; --tw-backdrop-sepia: ; white-space-collapse: preserve;\"><span style=\"white-space-collapse: preserve;\">\r\n</span><br style=\"--tw-border-spacing-x: 0; --tw-border-spacing-y: 0; --tw-translate-x: 0; --tw-translate-y: 0; --tw-rotate: 0; --tw-skew-x: 0; --tw-skew-y: 0; --tw-scale-x: 1; --tw-scale-y: 1; --tw-pan-x: ; --tw-pan-y: ; --tw-pinch-zoom: ; --tw-scroll-snap-strictness: proximity; --tw-gradient-from-position: ; --tw-gradient-via-position: ; --tw-gradient-to-position: ; --tw-ordinal: ; --tw-slashed-zero: ; --tw-numeric-figure: ; --tw-numeric-spacing: ; --tw-numeric-fraction: ; --tw-ring-inset: ; --tw-ring-offset-width: 0px; --tw-ring-offset-color: #fff; --tw-ring-color: #3b82f680; --tw-ring-offset-shadow: 0 0 #0000; --tw-ring-shadow: 0 0 #0000; --tw-shadow: 0 0 #0000; --tw-shadow-colored: 0 0 #0000; --tw-blur: ; --tw-brightness: ; --tw-contrast: ; --tw-grayscale: ; --tw-hue-rotate: ; --tw-invert: ; --tw-saturate: ; --tw-sepia: ; --tw-drop-shadow: ; --tw-backdrop-blur: ; --tw-backdrop-brightness: ; --tw-backdrop-contrast: ; --tw-backdrop-grayscale: ; --tw-backdrop-hue-rotate: ; --tw-backdrop-invert: ; --tw-backdrop-opacity: ; --tw-backdrop-saturate: ; --tw-backdrop-sepia: ; white-space-collapse: preserve;\"><span style=\"white-space-collapse: preserve;\">The warlock class mount color tints include the following variations:\r\n</span><br style=\"--tw-border-spacing-x: 0; --tw-border-spacing-y: 0; --tw-translate-x: 0; --tw-translate-y: 0; --tw-rotate: 0; --tw-skew-x: 0; --tw-skew-y: 0; --tw-scale-x: 1; --tw-scale-y: 1; --tw-pan-x: ; --tw-pan-y: ; --tw-pinch-zoom: ; --tw-scroll-snap-strictness: proximity; --tw-gradient-from-position: ; --tw-gradient-via-position: ; --tw-gradient-to-position: ; --tw-ordinal: ; --tw-slashed-zero: ; --tw-numeric-figure: ; --tw-numeric-spacing: ; --tw-numeric-fraction: ; --tw-ring-inset: ; --tw-ring-offset-width: 0px; --tw-ring-offset-color: #fff; --tw-ring-color: #3b82f680; --tw-ring-offset-shadow: 0 0 #0000; --tw-ring-shadow: 0 0 #0000; --tw-shadow: 0 0 #0000; --tw-shadow-colored: 0 0 #0000; --tw-blur: ; --tw-brightness: ; --tw-contrast: ; --tw-grayscale: ; --tw-hue-rotate: ; --tw-invert: ; --tw-saturate: ; --tw-sepia: ; --tw-drop-shadow: ; --tw-backdrop-blur: ; --tw-backdrop-brightness: ; --tw-backdrop-contrast: ; --tw-backdrop-grayscale: ; --tw-backdrop-hue-rotate: ; --tw-backdrop-invert: ; --tw-backdrop-opacity: ; --tw-backdrop-saturate: ; --tw-backdrop-sepia: ; white-space-collapse: preserve;\"><span style=\"white-space-collapse: preserve;\">\r\n</span><br style=\"--tw-border-spacing-x: 0; --tw-border-spacing-y: 0; --tw-translate-x: 0; --tw-translate-y: 0; --tw-rotate: 0; --tw-skew-x: 0; --tw-skew-y: 0; --tw-scale-x: 1; --tw-scale-y: 1; --tw-pan-x: ; --tw-pan-y: ; --tw-pinch-zoom: ; --tw-scroll-snap-strictness: proximity; --tw-gradient-from-position: ; --tw-gradient-via-position: ; --tw-gradient-to-position: ; --tw-ordinal: ; --tw-slashed-zero: ; --tw-numeric-figure: ; --tw-numeric-spacing: ; --tw-numeric-fraction: ; --tw-ring-inset: ; --tw-ring-offset-width: 0px; --tw-ring-offset-color: #fff; --tw-ring-color: #3b82f680; --tw-ring-offset-shadow: 0 0 #0000; --tw-ring-shadow: 0 0 #0000; --tw-shadow: 0 0 #0000; --tw-shadow-colored: 0 0 #0000; --tw-blur: ; --tw-brightness: ; --tw-contrast: ; --tw-grayscale: ; --tw-hue-rotate: ; --tw-invert: ; --tw-saturate: ; --tw-sepia: ; --tw-drop-shadow: ; --tw-backdrop-blur: ; --tw-backdrop-brightness: ; --tw-backdrop-contrast: ; --tw-backdrop-grayscale: ; --tw-backdrop-hue-rotate: ; --tw-backdrop-invert: ; --tw-backdrop-opacity: ; --tw-backdrop-saturate: ; --tw-backdrop-sepia: ; white-space-collapse: preserve;\"><span style=\"white-space-collapse: preserve;\">The original Netherlord's Chaotic Wrathsteed in green color is obtained from a class quest storyline.\r\n</span><br style=\"--tw-border-spacing-x: 0; --tw-border-spacing-y: 0; --tw-translate-x: 0; --tw-translate-y: 0; --tw-rotate: 0; --tw-skew-x: 0; --tw-skew-y: 0; --tw-scale-x: 1; --tw-scale-y: 1; --tw-pan-x: ; --tw-pan-y: ; --tw-pinch-zoom: ; --tw-scroll-snap-strictness: proximity; --tw-gradient-from-position: ; --tw-gradient-via-position: ; --tw-gradient-to-position: ; --tw-ordinal: ; --tw-slashed-zero: ; --tw-numeric-figure: ; --tw-numeric-spacing: ; --tw-numeric-fraction: ; --tw-ring-inset: ; --tw-ring-offset-width: 0px; --tw-ring-offset-color: #fff; --tw-ring-color: #3b82f680; --tw-ring-offset-shadow: 0 0 #0000; --tw-ring-shadow: 0 0 #0000; --tw-shadow: 0 0 #0000; --tw-shadow-colored: 0 0 #0000; --tw-blur: ; --tw-brightness: ; --tw-contrast: ; --tw-grayscale: ; --tw-hue-rotate: ; --tw-invert: ; --tw-saturate: ; --tw-sepia: ; --tw-drop-shadow: ; --tw-backdrop-blur: ; --tw-backdrop-brightness: ; --tw-backdrop-contrast: ; --tw-backdrop-grayscale: ; --tw-backdrop-hue-rotate: ; --tw-backdrop-invert: ; --tw-backdrop-opacity: ; --tw-backdrop-saturate: ; --tw-backdrop-sepia: ; white-space-collapse: preserve;\"><span style=\"white-space-collapse: preserve;\">Red/orange flame recolor - Hellblazing Reins of the Brimstone Wrathsteed can be purchased from Calydus located at the Artifact Forge for x1000 Order Resources after completing The Wrathsteed of Xoroth and Power Ascended.\r\n</span><br style=\"--tw-border-spacing-x: 0; --tw-border-spacing-y: 0; --tw-translate-x: 0; --tw-translate-y: 0; --tw-rotate: 0; --tw-skew-x: 0; --tw-skew-y: 0; --tw-scale-x: 1; --tw-scale-y: 1; --tw-pan-x: ; --tw-pan-y: ; --tw-pinch-zoom: ; --tw-scroll-snap-strictness: proximity; --tw-gradient-from-position: ; --tw-gradient-via-position: ; --tw-gradient-to-position: ; --tw-ordinal: ; --tw-slashed-zero: ; --tw-numeric-figure: ; --tw-numeric-spacing: ; --tw-numeric-fraction: ; --tw-ring-inset: ; --tw-ring-offset-width: 0px; --tw-ring-offset-color: #fff; --tw-ring-color: #3b82f680; --tw-ring-offset-shadow: 0 0 #0000; --tw-ring-shadow: 0 0 #0000; --tw-shadow: 0 0 #0000; --tw-shadow-colored: 0 0 #0000; --tw-blur: ; --tw-brightness: ; --tw-contrast: ; --tw-grayscale: ; --tw-hue-rotate: ; --tw-invert: ; --tw-saturate: ; --tw-sepia: ; --tw-drop-shadow: ; --tw-backdrop-blur: ; --tw-backdrop-brightness: ; --tw-backdrop-contrast: ; --tw-backdrop-grayscale: ; --tw-backdrop-hue-rotate: ; --tw-backdrop-invert: ; --tw-backdrop-opacity: ; --tw-backdrop-saturate: ; --tw-backdrop-sepia: ; white-space-collapse: preserve;\"><span style=\"white-space-collapse: preserve;\">Dark purple option - Shadowy Reins of the Accursed Wrathsteed is obtainable from Lord Hel'Nurath on Broken Shore with a 100% drop rate. It can only drop if you have already completed the class mount quest chain.\r\n</span><br style=\"--tw-border-spacing-x: 0; --tw-border-spacing-y: 0; --tw-translate-x: 0; --tw-translate-y: 0; --tw-rotate: 0; --tw-skew-x: 0; --tw-skew-y: 0; --tw-scale-x: 1; --tw-scale-y: 1; --tw-pan-x: ; --tw-pan-y: ; --tw-pinch-zoom: ; --tw-scroll-snap-strictness: proximity; --tw-gradient-from-position: ; --tw-gradient-via-position: ; --tw-gradient-to-position: ; --tw-ordinal: ; --tw-slashed-zero: ; --tw-numeric-figure: ; --tw-numeric-spacing: ; --tw-numeric-fraction: ; --tw-ring-inset: ; --tw-ring-offset-width: 0px; --tw-ring-offset-color: #fff; --tw-ring-color: #3b82f680; --tw-ring-offset-shadow: 0 0 #0000; --tw-ring-shadow: 0 0 #0000; --tw-shadow: 0 0 #0000; --tw-shadow-colored: 0 0 #0000; --tw-blur: ; --tw-brightness: ; --tw-contrast: ; --tw-grayscale: ; --tw-hue-rotate: ; --tw-invert: ; --tw-saturate: ; --tw-sepia: ; --tw-drop-shadow: ; --tw-backdrop-blur: ; --tw-backdrop-brightness: ; --tw-backdrop-contrast: ; --tw-backdrop-grayscale: ; --tw-backdrop-hue-rotate: ; --tw-backdrop-invert: ; --tw-backdrop-opacity: ; --tw-backdrop-saturate: ; --tw-backdrop-sepia: ; white-space-collapse: preserve;\"><br style=\"--tw-border-spacing-x: 0; --tw-border-spacing-y: 0; --tw-translate-x: 0; --tw-translate-y: 0; --tw-rotate: 0; --tw-skew-x: 0; --tw-skew-y: 0; --tw-scale-x: 1; --tw-scale-y: 1; --tw-pan-x: ; --tw-pan-y: ; --tw-pinch-zoom: ; --tw-scroll-snap-strictness: proximity; --tw-gradient-from-position: ; --tw-gradient-via-position: ; --tw-gradient-to-position: ; --tw-ordinal: ; --tw-slashed-zero: ; --tw-numeric-figure: ; --tw-numeric-spacing: ; --tw-numeric-fraction: ; --tw-ring-inset: ; --tw-ring-offset-width: 0px; --tw-ring-offset-color: #fff; --tw-ring-color: #3b82f680; --tw-ring-offset-shadow: 0 0 #0000; --tw-ring-shadow: 0 0 #0000; --tw-shadow: 0 0 #0000; --tw-shadow-colored: 0 0 #0000; --tw-blur: ; --tw-brightness: ; --tw-contrast: ; --tw-grayscale: ; --tw-hue-rotate: ; --tw-invert: ; --tw-saturate: ; --tw-sepia: ; --tw-drop-shadow: ; --tw-backdrop-blur: ; --tw-backdrop-brightness: ; --tw-backdrop-contrast: ; --tw-backdrop-grayscale: ; --tw-backdrop-hue-rotate: ; --tw-backdrop-invert: ; --tw-backdrop-opacity: ; --tw-backdrop-saturate: ; --tw-backdrop-sepia: ; white-space-collapse: preserve;\"><span style=\"white-space-collapse: preserve;\"> TEXT CAPACITY UP TO APPROXIMATELY 3000 SYMBOLS</span><br></p>", "order": 4, "product": 6}}, {"model": "orders.order", "pk": "0117434d-f8a4-4015-b131-b56706ce107f", "fields": {"user": 1, "number": 928751890, "status": "COMPLETED", "date_created": "2024-03-17T18:56:35.072Z", "total_price": 35.0}}, {"model": "orders.order", "pk": "05866083-b365-4aae-b7b8-ee6c93e2f8a4", "fields": {"user": 1, "number": 351093020, "status": "COMPLETED", "date_created": "2024-03-17T18:53:13.083Z", "total_price": 35.0}}, {"model": "orders.order", "pk": "062634f3-d870-4265-91f7-3854280bbb5d", "fields": {"user": 1, "number": 353715085, "status": "COMPLETED", "date_created": "2024-03-17T15:44:56.828Z", "total_price": 2549.0}}, {"model": "orders.order", "pk": "0805f364-1cd9-4310-891d-c50b50afe24b", "fields": {"user": 1, "number": 431485936, "status": "COMPLETED", "date_created": "2024-03-17T18:56:35.491Z", "total_price": 35.0}}, {"model": "orders.order", "pk": "0e543f9e-d3b5-4c61-9725-3751d3ea2960", "fields": {"user": 1, "number": 353715086, "status": "COMPLETED", "date_created": "2024-03-13T00:00:00Z", "total_price": 600.0}}, {"model": "orders.order", "pk": "1f4c27ee-d2a8-40ed-80ec-394e3cfada86", "fields": {"user": 1, "number": 269660325, "status": "COMPLETED", "date_created": "2024-03-17T18:56:34.605Z", "total_price": 35.0}}, {"model": "orders.order", "pk": "1fc744a5-b0cc-41df-844e-3ea4d04989c4", "fields": {"user": 1, "number": 353715087, "status": "COMPLETED", "date_created": "2024-03-13T00:00:00Z", "total_price": 600.0}}, {"model": "orders.order", "pk": "2330eb74-9c8b-4bb3-9fee-6d068671c6ec", "fields": {"user": 1, "number": 353715075, "status": "COMPLETED", "date_created": "2024-03-15T16:13:01.105Z", "total_price": 640.0}}, {"model": "orders.order", "pk": "2e49a620-8d0b-45e4-a902-f3fd6c457e4b", "fields": {"user": 1, "number": 353715076, "status": "COMPLETED", "date_created": "2024-03-13T00:00:00Z", "total_price": 600.0}}, {"model": "orders.order", "pk": "38a20b6e-08b0-4c40-a0b1-76f274406351", "fields": {"user": 1, "number": 895703250, "status": "COMPLETED", "date_created": "2024-03-17T18:56:35.949Z", "total_price": 35.0}}, {"model": "orders.order", "pk": "3f9503db-3dba-4bc1-9fac-d968f2a5b0d2", "fields": {"user": 1, "number": 353715080, "status": "COMPLETED", "date_created": "2024-03-14T12:02:45.460Z", "total_price": 544.0}}, {"model": "orders.order", "pk": "47ae9a95-e0c4-4511-b634-e35905faf091", "fields": {"user": 1, "number": 237819110, "status": "COMPLETED", "date_created": "2024-03-17T18:56:37.135Z", "total_price": 35.0}}, {"model": "orders.order", "pk": "4dc9fc0b-5c7c-416b-bf58-e2ed8cb61490", "fields": {"user": 1, "number": 513195711, "status": "CANCELED", "date_created": "2024-03-17T18:53:14.070Z", "total_price": 35.0}}, {"model": "orders.order", "pk": "4fd70a8a-fd12-4f0b-aa9d-1b7d26475ded", "fields": {"user": 1, "number": 622755290, "status": "COMPLETED", "date_created": "2024-03-17T18:53:13.569Z", "total_price": 35.0}}, {"model": "orders.order", "pk": "51c8b409-65bf-43a2-b885-b5d4c182a322", "fields": {"user": 1, "number": 353715082, "status": "COMPLETED", "date_created": "2024-03-13T00:00:00Z", "total_price": 600.0}}, {"model": "orders.order", "pk": "55d7acf5-ff12-455a-8e1b-ecf81d93743f", "fields": {"user": 1, "number": 353715092, "status": "CANCELED", "date_created": "2024-03-17T18:53:11.336Z", "total_price": 35.0}}, {"model": "orders.order", "pk": "64c15362-a705-4b6c-9281-a9512e2f8aa2", "fields": {"user": 1, "number": 353715079, "status": "COMPLETED", "date_created": "2024-03-14T00:00:00Z", "total_price": 544.0}}, {"model": "orders.order", "pk": "6bfcce27-906e-431e-aa11-e39dc14e0f5e", "fields": {"user": 1, "number": 823755884, "status": "CANCELED", "date_created": "2024-03-17T18:56:39.418Z", "total_price": 35.0}}, {"model": "orders.order", "pk": "6f4cf431-5f08-4996-91fd-c1318d6fb27a", "fields": {"user": 1, "number": 353715089, "status": "CANCELED", "date_created": "2024-03-17T17:10:00.612Z", "total_price": 35.0}}, {"model": "orders.order", "pk": "717b370c-c49d-42bf-bae8-bacc9b6da103", "fields": {"user": 1, "number": 353715088, "status": "COMPLETED", "date_created": "2024-03-13T00:00:00Z", "total_price": 2266.0}}, {"model": "orders.order", "pk": "81b66d0c-9ff3-47bf-8866-704335a318d8", "fields": {"user": 1, "number": 785853508, "status": "COMPLETED", "date_created": "2024-03-17T18:56:37.497Z", "total_price": 35.0}}, {"model": "orders.order", "pk": "845776e9-bd13-490a-8264-cf4de479ed10", "fields": {"user": 1, "number": 353715084, "status": "COMPLETED", "date_created": "2024-03-14T00:00:00Z", "total_price": 640.0}}, {"model": "orders.order", "pk": "9084c9ab-d782-4cd2-a51c-008c00b0567a", "fields": {"user": 1, "number": 824889728, "status": "COMPLETED", "date_created": "2024-03-17T18:56:36.751Z", "total_price": 35.0}}, {"model": "orders.order", "pk": "a2f6ee3f-98ed-42f1-8274-e3408527e35e", "fields": {"user": 1, "number": 470874206, "status": "COMPLETED", "date_created": "2024-03-17T18:53:14.504Z", "total_price": 35.0}}, {"model": "orders.order", "pk": "a6ed6f85-05ad-43ce-a112-e7d6c9c8425c", "fields": {"user": 1, "number": 353715077, "status": "COMPLETED", "date_created": "2024-03-14T12:25:31.101Z", "total_price": 544.0}}, {"model": "orders.order", "pk": "ad23f05b-47ea-4f65-a7e4-157263847d41", "fields": {"user": 1, "number": 493009901, "status": "COMPLETED", "date_created": "2024-03-17T18:56:37.883Z", "total_price": 35.0}}, {"model": "orders.order", "pk": "bc72fca4-d77b-4b5d-ae0a-5eb406a49410", "fields": {"user": 1, "number": 715598124, "status": "COMPLETED", "date_created": "2024-03-17T18:53:12.463Z", "total_price": 35.0}}, {"model": "orders.order", "pk": "bf4a179f-84d1-4f6c-bc5c-5c46abc5df51", "fields": {"user": 1, "number": 353715073, "status": "COMPLETED", "date_created": "2024-03-17T14:27:51.058Z", "total_price": 2549.0}}, {"model": "orders.order", "pk": "deccf6d9-1131-41bc-9230-3bbbdf8841e7", "fields": {"user": 1, "number": 887038747, "status": "COMPLETED", "date_created": "2024-03-17T18:56:38.956Z", "total_price": 35.0}}, {"model": "orders.order", "pk": "dfed6dcd-ddbd-4009-837f-8be7776aeb30", "fields": {"user": 1, "number": 177432832, "status": "COMPLETED", "date_created": "2024-03-17T18:56:36.359Z", "total_price": 35.0}}, {"model": "orders.order", "pk": "e2fa2990-9ea2-430a-a667-ceac7e003cc9", "fields": {"user": 1, "number": 237827622, "status": "COMPLETED", "date_created": "2024-03-17T18:56:34.115Z", "total_price": 35.0}}, {"model": "orders.order", "pk": "e4df9420-8855-4fba-a2a8-b02d9dc3034c", "fields": {"user": 1, "number": 440244703, "status": "COMPLETED", "date_created": "2024-03-17T18:53:14.985Z", "total_price": 35.0}}, {"model": "orders.order", "pk": "e544ad5b-e4d4-401f-b8aa-e08553b544d5", "fields": {"user": 1, "number": 353715078, "status": "COMPLETED", "date_created": "2024-03-14T12:03:56.023Z", "total_price": 544.0}}, {"model": "orders.order", "pk": "e846a1f7-e967-498d-bb1b-96b630b7d8ec", "fields": {"user": 1, "number": 353715081, "status": "COMPLETED", "date_created": "2024-03-13T00:00:00Z", "total_price": 600.0}}, {"model": "orders.order", "pk": "edf23cfe-c839-46d2-99ec-95dc9338cbd4", "fields": {"user": 1, "number": 485266002, "status": "CANCELED", "date_created": "2024-03-17T18:56:38.249Z", "total_price": 35.0}}, {"model": "orders.order", "pk": "f384c103-a465-4abc-a766-f3ca00431b26", "fields": {"user": 1, "number": 854430666, "status": "COMPLETED", "date_created": "2024-03-17T18:56:38.603Z", "total_price": 35.0}}, {"model": "orders.order", "pk": "fa8b4874-8874-465c-9f29-69d5a04362ed", "fields": {"user": 1, "number": 353715074, "status": "COMPLETED", "date_created": "2024-03-17T15:43:03.211Z", "total_price": 2549.0}}, {"model": "orders.cart", "pk": 1, "fields": {"user": 1, "session_key": null}}, {"model": "orders.cart", "pk": 2, "fields": {"user": null, "session_key": "fjarnh50l5cpwad4p3jjpsj9yrfxtpar"}}, {"model": "orders.cart", "pk": 3, "fields": {"user": null, "session_key": "q6vculh39rj4y12dpxveo6sg8dpyw7wg"}}, {"model": "orders.cart", "pk": 4, "fields": {"user": null, "session_key": "zh07mpqa8gtnuvfa28ya0tjg9ugv5a05"}}, {"model": "orders.cart", "pk": 5, "fields": {"user": null, "session_key": "uyememuckevdy8dt28gi05wl08z9dunf"}}, {"model": "orders.cartitem", "pk": 15, "fields": {"product": 4, "quantity": 1, "cart": 4}}, {"model": "orders.cartitem", "pk": 16, "fields": {"product": 4, "quantity": 1, "cart": 5}}, {"model": "orders.cartitem", "pk": 17, "fields": {"product": 4, "quantity": 1, "cart": 5}}, {"model": "orders.cartitem", "pk": 22, "fields": {"product": 4, "quantity": 1, "cart": 1}}, {"model": "games.game", "pk": 1, "fields": {"name": "World of Warcraft", "logo_filter": "1709193237.39465.png", "logo_product": "1709193237.395584.png", "logo_filter_alt": "logo of filter", "logo_product_alt": "logo of product", "order": 2}}, {"model": "games.game", "pk": 2, "fields": {"name": "World of Warcraft Classic", "logo_filter": "1709193267.289755.png", "logo_product": "1709193267.290503.png", "logo_filter_alt": "logo of filter", "logo_product_alt": "logo of product", "order": 1}}, {"model": "games.game", "pk": 3, "fields": {"name": "HearthStone", "logo_filter": "1709577815.920046.png", "logo_product": "1709577815.920591.png", "logo_filter_alt": "logo of filter", "logo_product_alt": "logo of product", "order": 3}}, {"model": "games.catalogpage", "pk": 1, "fields": {"parent": null, "title": "Hot offers", "description": "What is the most iconic Legion class mount in Worlds of warcraft? Of course, it is Highlord's Golden Charger. This unique Paladin class mount was introduced in Legion at the same time with the other 11 class mounts making the total count of 12. It is the original paladin steed that has the golden color scheme and suits perfectly for the most common paladin sets. Buying the Highlord's Charger boost will help you to acquire this epic mount to ride in BFA and Shadowlands.", "game": 1, "calendar": null, "worth_look": 1, "order": 1}}, {"model": "games.catalogpage", "pk": 2, "fields": {"parent": null, "title": "Raids", "description": "What is the most iconic Legion class mount in Worlds of warcraft? Of course, it is Highlord's Golden Charger. This unique Paladin class mount was introduced in Legion at the same time with the other 11 class mounts making the total count of 12. It is the original paladin steed that has the golden color scheme and suits perfectly for the most common paladin sets. Buying the Highlord's Charger boost will help you to acquire this epic mount to ride in BFA and Shadowlands.", "game": 2, "calendar": 1, "worth_look": null, "order": 1}}, {"model": "games.catalogpage", "pk": 3, "fields": {"parent": null, "title": "Powerleveling", "description": "What is the most iconic Legion class mount in Worlds of warcraft? Of course, it is Highlord's Golden Charger. This unique Paladin class mount was introduced in Legion at the same time with the other 11 class mounts making the total count of 12. It is the original paladin steed that has the golden color scheme and suits perfectly for the most common paladin sets. Buying the Highlord's Charger boost will help you to acquire this epic mount to ride in BFA and Shadowlands.", "game": 1, "calendar": null, "worth_look": null, "order": 2}}, {"model": "games.catalogpage", "pk": 4, "fields": {"parent": 2, "title": "1 Drop-down list", "description": "So damn fast and safe is well, the manager is very friendly and patient, the booster team arrives as fast as hell and literally efficiency, worthy!", "game": 2, "calendar": null, "worth_look": null, "order": 1}}, {"model": "games.catalogpage", "pk": 5, "fields": {"parent": 2, "title": "2 Drop-down list", "description": "So damn fast and safe is well, the manager is very friendly and patient, the booster team arrives as fast as hell and literally efficiency, worthy!", "game": 2, "calendar": null, "worth_look": null, "order": 2}}, {"model": "games.catalogpage", "pk": 6, "fields": {"parent": null, "title": "Dungeons", "description": "Dungeons", "game": 3, "calendar": null, "worth_look": null, "order": 1}}, {"model": "games.catalogpage", "pk": 7, "fields": {"parent": 5, "title": "Additional offers", "description": "What is the most iconic Legion class mount in Worlds of warcraft? Of course, it is Highlord's Golden Charger. This unique Paladin class mount was introduced in Legion at the same time with the other 11 class mounts making the total count of 12. It is the original paladin steed that has the golden color scheme and suits perfectly for the most common paladin sets. Buying the Highlord's Charger boost will help you to acquire this epic mount to ride in BFA and Shadowlands.", "game": 2, "calendar": null, "worth_look": null, "order": 1}}, {"model": "games.catalogtabs", "pk": 1, "fields": {"title": "Title 1", "content": "<p><span data-metadata=\"<!--(figmeta)eyJmaWxlS2V5IjoiNzFySFVlNTJ0bU9XQUkwVVFRQVJlUCIsInBhc3RlSUQiOjE0ODY4MDIzODUsImRhdGFUeXBlIjoic2NlbmUifQo=(/figmeta)-->\"></span><span data-buffer=\"<!--(figma)ZmlnLWtpd2kwAAAAr0YAALW9e5xkSVXgH3FvZj26+jHvFzPD+yEizovhISJZmbeqsjtfkzezembUSbIqb3UlnZVZ5s3q6WZdFxERERFQERERWUREFhERERFxRERERERERERElmVZlnVdlmVZ9/c9EXEfWd3D+s+PD9MRceLEiRMnTpw4cSLy1h949SiO+2eizoX9SKlrTjarjV7YKbU7iv81mpWgV94oNdaDkKLuhkE7V/YMdtCokPfD6nqjVCNXCDv31AIyRZPphYHQWjC4hnIvPFVt9dpBrVmSlouNZqe6dk8v3Gh2a5Vet7XeLlWk/ZLL9irNhpSXk3I7WGsH4QagI2E5aAQ9wK2N3l3doH0PwJU8sB20agI8WqmurZEeK9eqQaPTW23Te7kUCm/Hc7ydbHbbjCMQzk6EnXZQqtsaype5sh3x5dVGJ2iXyp3qJoOsVWHMioa6K9pBudloBGUGm2Mm4fDKS1cnvF5l+KGXXrVRbgd1+C3VqHVtwLi6dH4YMwF3k1fSRJe2t5lIQHBY6TUbhpAyhdPtakeY0o3JIGrt9uMINOiWOmaUINWbmyarTw/Hg+H4TPtgJDiNZuPeoN2kQjUrpl4oWE15LJUBIFVplrvCIVldLjU2SyE5b73d7LbI+GvtUl3wCqvNZi0oNXrNFkLrVJsNgMVNhtNsk1sQGZMu1qqG7FJQq1VboWSXGXgHuRqdOtIO1ru1UrvXatbuWTdEVuiqUQkqIqAU72gnuFtYOsbElAVwPLynvtoU/TxRbdBZw0CZ0Wr5lIjq8nCj1Ap6p6udjZ5re4WTt2HwyrKshdVas3yK0lWnq5V1o9dXQ6suI72mHlSqJTLXblTXN2r8J9XXhRCwg73eZXsIu10rSac3nC6FG9Veh54pPWSz1K6WVg3/N3Zc5iaT6ZWRB6WbExS3qh7K8MxaeVgpDKshE9qDcrMrdQ+/WD+DmlEmKh+REhJu2lQCfGS9WemaXh9l8depoPRoW2o3T1N4TLjb349OD2e7nej8zCrDzeFd3VI7oFbBp5s3jTjqTbNUvA6dycywuin6abHSPC2iKVxqCoutUrtUq2EmWB31XttJdGEeXAvWBLoYNNZ7lRLCKpnOl6TMcutKYVkKa1VD9YjJN2uVQGZ1pcPCC+5tmmEebbWDSrCGAlZ6rXazHISiyseYoaAm9ccTVe+FVcfjiRRU79Y61ZYBXlYvNbos2GqjZSbi8o3g7pLV1SvKG8Fm22SvbNHMga9qMmybFX0Szq5p1brS/bWlNnJPhnmdLSWyuD7s1uvw0jvZbTDPhsANRl0fEraCoLzRW+2uMskAbjTagGXDmjXbJWOlblodReNBnTUt7KBBvc4GM7EulhXb364be64rpfapQEh7bpCiur4sVNbhKuaSYqHcrDXTUtGov2mzEGJpTM4sbVpUmiwdyku2SVJcFkVEeckeCZtrnZ6hQWllo9RGrV3J2PGgHdj1eyy4u4yc7MiPb5jZPhGWOt3UxFxmeiFzea2LqJphtSNdXNHqD8dOe5fCJvoNUKFRlSrTQm/CKhCdgiQ18sC2kRUQmiq2CJifwkBySl+o1q2Yi9jXk1UyC5ssIzGni9U9ttxwuz+KrPTZM9tBp2wEv1aVcWr01fTWsXrrBzs70bbjuFDFMLXZMUssICpVpd1sZUW91sRMMpPsIKu1rjDorZbKp+ZBvqzfstkNFppoVBXlAKy6LSw0qa41T5sMLHQsDyEaUeuVSy3RzEJWYkG1y2YHKQrRSrQ9mfZnw8mYNsk+Qc/ML3Ilrxlu9VSQaZtXi/qy8XSmwz1KSRto9zYCN/O6cbC3FU274+Eshm67JENVrerdQS0ko+GavVQwvfJkHM+m2QwvMvPAldSbIel6SbZODz6c2P2wzK5PprAGxUrPtii6gsFeCGfTydmoNBqeGdMgJabYUJhYMhrL67KeRS7399HIZDwM16iGTu2lZxe0yEUG4dticFe3WmN7xtABLDidEhNmHZMi4kP5MKApaCG/6yxm+0rvVspLufJtlJdz5dspH8mV76C8kis/ifLRXPlOysfK1XY53/txO9qTk6FIpo6/0QaqVoPNQEagk4F7q5PJKOqPm/tRoiCFbsOuVMRIM9kkyeuwu4ptNnnvbrOAjb4a4W9MpsPnTMaz/ojmzjLm5hZdNlLwTnbZ3teqhsOs9WY0nQ1ZegJrtqjKNV1tdjrNOjmvPjmIo/LBNJ5MkQ/bQgnbR4Uqt5shK63aJq+DewJZeqgeJQ/vz3TVKjEUbGEZFadcwNKTFEnK1Rq5hbpYVGmyyBTjU5NbSufPFJc3WeyTaX04nQoD6Soys06qTQYLhGVkR+uICnuVfrxr7YlXZhcGpDIF18bm2PVQaDXWAamTrUBSHW5K4rUq4iH7wfn9yXR2eA35eEOYdDY/t1BUAsAXMv3rBJAuWa/WvzA5mK1PhwNLpGCXVU7iGYOeXWV+1qbVn82i6ZgqsKots0Kw0cZWazOfB7NJO4qHz4F0KiLDjpFMyodOc54060wPxttO/bxKNRQ/SGgqXG52UzI6nF0YRWHkxs7UtcOms48djgAkuox2WV3hNIKr0SjLxuJ3gnqLDdb4+YWEDMKcRakkL9pvyOpkt8Bw9LfP2mlMx7SBgb4X6RoONBslbqvJW2yj13R3kXStSL1VlExMDHnfNChPDmBo6totPFg7xO4mxy91O7JzFXKkiobUyYN4Nty5QPFBqbRKZXzPzcAeSnxbXg06p61jgJSgE9pZNAYXIKeSsHpv0Os0sTJGQHMAlI5JrtZbuPeUpAYcK43WJB7K5LKfAHKMq9IqYu/ag5BBOz0V28xewwGp1AKsXGqr8yJy0wd2Qu3wGDQoY5Ys3dpJXk6mDlNg/S45TFPW3baZuFU2ZFK/XGsaj7WAR99LvHLKxW4LfzbomWNFr91tdKrmILXAKqtUxbsxCrCYb9bDgRecpSr8Tvs5di7j3IFNMF2q0hos9YQe+xVlXW9yssdfJe/ZvK3wabUhfhn5gq3AwxC0oi0Zd34BLFxn4y0vumEvVfAxSZepOxXckzQ7QnGzaU9kK+Tt4DbMBB9NyyxDysdsF4k2HbdFzpCb0vpEZ9of23m2I7yBXZizQ6fHtsF+LAICTbG8mXfTRK8RPCD17HFmrd1Mjw9+DpRsH4UczG4UxRwk3SkWWt1ww8IcscUMktBaykCW1HIGSCkdkWO4hTlKKxkkoXQ0A1lKiCkBpJSOW0aZRJASYifmgAm9y+agluTlc7CU6hWmJwd1RK/MwxKaV+WBluTVeVBK8RpsXrWM1pr5uRaHkghMqYEpNOv0Os4OTVzMDHJ90I9Z1nbGjxMkKXdXq2UqlJBOCrrayBc9sVfWTaeFrLu0qiB4c5CibTsHW7CmPi0vhq223SeW1lFP1l0KWHaoKeCIzZkFwkq1q2NlHtg5LTbl6CHgBucmwMfC7elkNKoMp9a8wLRbY99kV0DCxmrbttimmViDaIBlm0XUB3e32CCtoS1DQTwtU9LrXbYm7cUEk+iM/KLSownuksl65ckIf0QXpmpZ6TP8423xj9/nn4J1WWh8npK+wD9eGxDYGeB+/vF3+adgKIWzyT4NtiWvnqX0vjPdINiuBGGzP1Wevy1FwTEZgb21oLxcA7/en02H55Ve2LvlFsp675ZbSby9W24j8fduFWBh71YBFvduFeBCqz/FrlfHg4h23pmD4UDdl+NiRXn20EHluf7oIKKNPjAHkBuVt4ZYG/29SGl/p783HF0AX8ey45MRzmbx9nS4P6PkCy48D/s0OdiLpsPtteGZgylzwR7vDtoKPUUByGjiEyZ4St50M9803O9vswrm2hKwwO0Qq2fKmkiIO5tegsCaaIMMME8By0sIwuTxytB/oxD51uX+foz2Z01YsOaQqkl6ScFrBRwYhXUfQC8tiaNPwFWyRUAMdp3sQo5+K5F7ni0OAvzLeQAfjIzhJzRCZnJSrCqLwKxNHUZ7kBpun46GZ3Znc0jE/2RIKUqVE8Rwew4lo8MRxewsa1F/ZibqH3WL8yhVqnxby6C40XjlVihwX0ZFagZKWnTB0wXCReJYLzbblQbpUmmtLfXLlYaxgkca3boMbQX3XwKIR9moRTTHKjY9LucC0hMcnyW9rFQyR5HLyza9grOYpFeGtnxVe9NEYa4Wi0B6TXjaBMuvLYenJb2OSRb49eWyiVzeEFof7yEbRBBJb3Te1E3NdkP4u1mEQvpQNlaR38MqHXPifvharSTjeER9vS1+xSNDdJb0UZxtpP9Hr+GKkz5mw6aP3bD9Pq5jy99yl00f37Lpt8p5jfQJtbVVKX9bs2XSJ7Y7Jv32lm1/S+tUQ+R0aw27RXobqfB5e7tTk/IdpFJ+Umm1vUl6Z2l1U8pPJhW+n7Jp6Tx1E4ZIn7ZaOy3z8x2kgvd0UsH7ztKpDRnHM8onzTn0u8prZkE9s9wy5VK52xa8VXwMKZexqpJW1iz9gFCi8LNGehvpOuntpBt0K/1VSYX+yQ07HnpbF35qG82Tojf408YxalTxYEibJ1tPfgpp62TrKULnrpOtp95C2j7ZuuUO0rB2si7tOgSpBb/LdirzsileFelpUuHj7vqpusDvadSMP3hvo3uqQ/rd7DzC1/eQhqTfu4nASe9rhR2B90gF/qz2qbaU++3WhqRb7e6qzPt2iDtOOuhYPqJOw5yUdpgmmb8zmwTmSHc3bf1w04772ZunjL6c3Wx32qQj0ttI98IQC67UmFTKE9LbSfdJ7yD9PtInkU5J7ySNSZ9MOiMVOR2QPpX0XBhi+5W6n1TonScVehdIhd5zSIXevyEVet9PKvT+LanQ+wFSoffvSIXec3UY3iYEf1CXNw2Hz5OMkPwhyQjN50tGiP6wZITqCyQjZH9EMkL3hZIRwj8qGaH8IjKG1R+TjFB+sWSE8o9LRii/RDJC+SckI5RfKhmh/DLJCOWXS0Yo/6RkhPJPkTE8/7RkhPIrJCOUf0YyQvmVkhHKPysZofwqyQjln5OMUH61ZITyz0tGKL+GzO1C+RckI5RfKxmh/IuSEcqvk4xQ/veSEcqvl4xQ/iXJCOU3SEYo/7JkhPIbydwhlH9FMkL5TZIRyr8qGaH8ZskI5f8gGaH8FskI5V+TjFB+q2SE8q9LRii/jcyThPJvSEYov10yQvk3JSOU3yEZofxbkhHK75SMUP5tyQjld0lGKP+OZITyu8ncKZR/VzJC+T2SEcq/Jxmh/F7JCOXfl4xQfkAyQvkPJCOU3ycZofyHkhHK7yfzZKH8R5IRyh+QjFD+Y8kI5Q9KRij/iWSE8ockI5T/VDJC+cOSEcp/Jhmh/BEyTxHKfy4ZofxRyQjlv5CMUP6YZITyX0pGKH9cMkL5ryQjlD8hGaH815IRyp8kY0zU30hGKH9KMkL5byUjlD8tGaH8d5IRyp+RjFD+e8kI5c9KRij/g2SE8uf04SgVLtqM7VrdoXTiqnnizNb7+/viLGlvZzrZE/duNuFfb3U02VJab12YRbHytQ2PKc/nfnRXymPx7PDjBv1Z3+AuKn9zOIgmyvMSnPj27nQkSK1+PIvCycF0GxJePMW7w0ERd3C63ZBQDh0C4lBeFu+1NHg2UROll2bCOD5lvNsfTO6PyXq7uC3EHHbxMfFaB9GsPxyRK0SMNxZHBO/1HDGJiNgY+YVZtGeCqbZq8dxwi4MxbCxz6BS52G7dLb/yjvz/2+U23tkUYZBf3poKzTE9UzpimFHetWaSLlPWjVfPUt5EvNmZnA78c8N4uIXgtCqQuKup46oYcwqI1Y5egPY43plM99Sz1eLQzNiLtFoyuc4urvpYWAe03B8D5MRTlSqBXGYhuJd4v0ztorqccv4W5gp1xEJ2JwejQVn4q/fHAODnmumEoxONYXMlliZkju4Y2RpMN6Uv1erYvox0zVRhidXxaG/y7GGZHlqEx5Hxoj5xzijSi7W6glD2meGY45X0fHo4mO3C2ZVz0A3ryS6qq7alJ5xlOfpcbYQihV19rTjFdeatgrIqr3g2uqD2ld4BWhuOEwLMtEAqwzMRnPqcWihZV/r7VUEKzmcucu9BCdpDO2bP758fxp3+GZjQkm2IBNH7ZKWZ6Lrt/Mrt3b4cL6JpDIZOS6ajakWG78WSb56LpgR5o06fuVbv9rQ/MpFfEwjcQgO4mhrBfcz2oYtnRhf2d2P2Db0wSK+XYnYNvbjF+fTs9x1MZCG/UevLLJlNGAAFjpd2GEwqnVdovbzTH422iPGtURGrfX1kF6Wc0tnZ1cl5qLxG6xVK5N7g66OzNFzM8XnqTotFdczBo0Eq3+OjyRm5WjAonUk5GXtzZyeOZlgitaxP7A2TeGLa7vI9StC3vb9W6ysGHNPORYOaYeKNvr6yYgGZnI/aYTpp6TlpeZm0WM5z0mJhzUmruAMveeEsXCyLRTdSaMxJYMnBcxJY/ldI4Mjh0a4M7OBqhn9Ge3Qjx4PyClvEYgexGnD4tvbWndT93QSPA0SREGVKmEWQNYozpglhYFeSvD9kAY0ghcHZs21PsXQWVXHViVN5S9hAeypFyvebBcpCkrp7yPiSSUdfkFIp3oYUpUVM5mQa1XJXm1jIneE0nqVykb5gKF9eWJfJo+Ptyd5enyGs2t0nC0tsKbuCGDRjkAk0WkD/FxPvD84527xwsR1aNCBjZMJopr5QIG6bqgsb2ZTwDRLUSDDpTvZNpz+YhXPuLm0VM4QUDbjenzJtTvZ5Rm18yOiZtJRCI5rdPwHdjRBx7TEfzyFQxT/pOC+2FLKxczuElLSoQqzu0zq8sLc1GTnysSnQL/u9zSdEYiHgEcSRbSSE92gNYbEVMZkJWfTU+Ayeh25AYR8YriaBAqS3Ho1l80NCrq9JnrI+iKM1tGBdnBLGcWFsQjUaR2K4s9Mcjy60Efq5/shg+xWr+dW9vYOZjM7sTZauN0+XgrNnXimOo1l1AJeMH12bDsF5p9baVQSALkCgL0VRaOywyVcHOKiufTvaAeWsrU2Is7RMJYjeokhWRt8XiKC/i7aspRmDmxzsVwf4tso3M0T+vawhK2kKD2g8Btk+GBLF92m1kBRDQ/0DmihqnpSXrOn57kJH/cGqkw4fpH7TdYoi/D8wmohAhF0d/L8wQwZQeTAkHIkDuhs8WH1nN9r7JtyEGCMcGXCcDswkD/6H9NwkZXitKV6A8hZmUthMMfCBM26NuL0ZW4cTZ8xsaYxfB1BZfIp6f3zAnnghjEasy4ilrArDeHUyHTj35hIIxfhgSwKcW+xK0rkbw0LG27yCfgwFnasLqBA1nUkZJmWMJm/H9BF4DjFlsohklqEfEa3FlnnLO7jXp6zqxqYSEeFin7Pj3+jjnhN0FRG3+ulyjjkJsv85h784GuK2Ti/Imu9MQjcW0ATAaV0vYH/3J+No7JbQ4sF4ZyQ30nKxmCe5NIy7SZWRzLJlu5y0r/c5HSSGbzuBWqp6/2BrNIx3ISYdC7udSSfq79Uy9qQT73AnfpWTj5j2RHPDmQw7M0dCqrkT3g+nGBiHLFYM13uOhXlDc2m6m7f9qyizN/RHYW5GkiaWtH3DpLxj5hBwlXCCbplDgPEPsPj+lN3yQE4Mhew0UCRJTwML8f406g/AWIx3J/cja84xqxESHIh5Bn3J0thkU8JRXjaduMIR29iVVs67zNELLnOsIycMs81Wxzty1jOsbio9OLBGn349FHQ2kYpKdG64nTyqSK5lJHxmHn7oMgFNE+L1DIybGgnQU8buS8N2cqhgZ3GNy+XTPXNk1oc6wQ2SAmdhdN7tjowFqVUHTOVwZ8iGj9LTytL8HGu4ifjxE1vOc+gIAbWU3tArLueSmzwt+bTGk1Jyn+dzncQ4EsyCK6bIRQdI8BfsA0hyi46BVZztM1h6cb1YCmy4cEMv6ajlEpzLMXtHLfeE7hmVvoiAHUPaktBotdJLHvldjF5CR3GHREE9bysFGypfQpQZqCxqIrrY6HPYNTI0WKrYKG0SmTeXGIqryrZ9pajD0+Y6wJO0x42JQfDdnaV5JlAIOEFLkALKTKdYLTCSN6MgqLC9bq43CCG3INtr3d7bvAOAZ1uGHLmxDBj4I/HBzg63W1iMofhrhjUW5TZ+/Ux8jRkxR+XH586InTHnM+afYrVi1s1XWUWUmgcz8VHF8FOPiWM68AXFL6G8CMbahCBGaJ5zYbfOxoCX8GlKW/FkdDCLnGeHkdvOj+qftDriWN5cd10qr7rWawSBu2cs1U6X7gnJ6Jo5ucgLn8QU3Mk+yLFSedjwdNX744O9EHvBRMQK797ZCIIRsYWGsgxwbM8cYBWnrrRo+GIel/bFWE7H6ilqOUfJLfQjlporrcS2Vmg40NGMqoMcW2c/QY3MYRhWtSVBn8lm7rewjCDcjy1i2swz+iWFlZtz5PGhZBc2PnEo2Y6IQO7VrErLqzoSLuHazVMC8dyDdD9YW7PP4wpcNTTbkiu691AL2EH2HEMvt1PavqydTxwItz0mm6sgMNOMVTQH7mOBuCYxM5pYD8qeTLatcnfLGF6WCwIHYDRfZpgh3B1Ueqc3Alb0RrVW6TXXeraaW79e8psARshqv8fVSEOvNN1OueDQhhBL4zNIkYAVO0Cu6A3HuOFtY+gp+nbTqXEUpO3BdAiHejCM90f9C2YxrIgDbopG9+G/NTogxuJ62zcFJEkznHOCGjQ4awfaMnXtaNTntLtrGxT2DdA22ItscI0mbqrJ4l5VcJasr1SoH4xmQ+k9mq4No9Fg004FE7TNgkL2KIPOX7p75QkDlINJvS+RN6WWEv1wb5DEYJN4zir71giTKyR2uJha6AVp05t7L7CYdhCMB/tyIkQMkcvKRgobuKf7yeRvcZNuOXmpp/y0MRlsxaglrRhNDt2uaJqBYnFF8iE5qcdVrlYqNfOeC9tpdJkbrwRknwAlr6ps0/rQMkc3MUCh8govvwpTbNQAE4YWI5agtto8bS0QC6rkRMPW3La/ecla2WXopZuXuRFHVcnp0njs9lUsHjGH2QWLfb1brELbLlbNZaZ5fOGljw59bvJ6CbgghbSqWC/dnVaxb96dVS1akmntUpn72KDd4zKt2pXFspyagyNiIBCjfTGwYkrcY6/TUX7Kj66R662V6lXzEO+YKbrL3uOmcDrp/AQLNch4uawWdNCknjx7YwUDuZxJY6fOAFdYQKtUcW8or7QA9yTtKlsyXLnN7+qmNDZXxteUm/UW6m3g1xpWktFcd7HoladnIv3XMPtZLWox6m9FEh/S+xZTjh2v5bSfIdWjvkS0JdgjOh6KQVcFu5JUuoK0W1NespL8S1IgRmPMvpabBSFH3ptNXM5PoKaT13uqMJuE/T1bZDc2BqxplFdsy4w4AEq8wM6YgNeG57EebGmWZmgiBGaLeTObsjsg1CfnIueqTkaDU8ZkEbDAnq+lttrL4W4MCRxPL1QJ4tMkNncWQr1qRmLL5UMHBDzQaCQSNYyaQN1ZbODYNqO/nayrEXXO4kpw7GzXROwKp4eDMxFbCesXY+cR6jFt6TIYDAnOyQAKsyGmdNbf26/Gk6fcydUqpPE9piAKZQYlyNGgJNFwfxtPPikUpCJZwn4lkF8jMm/q9Ea1E6w2S21Z6tq8a5Ol47HhnXXIpVprQ66h5QmZaD05bX4r4n4j5s70DruBlgJUIUqOqUoedZpfxiQlL8SeoCohGsPulDVa7bIXkmpRd5aUNUBz2FYSbNtSUO9Ew2XY3f0BQ+2Oh+c7iYgYtAlHEe0bs/d4LzPHXRGopDZW/6T93X4cqQXlmYwF3rnPtp88ehopP1e0CE+eyVCPoK+kFvSUsZ3RoqQW9NRh3LJHV9FKFPotmmMeZ+h9GQy47/FGmdaZYb3RU8/NA50qqjd5+mfdZvt7xsMoSUxEwhTv0Or/IgssObvRorrVZS0H0TAOJzszt8uGUgUbb9VcT0zGVmKOtV8HtjYcjRKcn6dsXdwE8otAmufsWVVS2W+Suq9ZDjpIQ/2L5g7bFCtzg/29xLki/6samVzCs3qex7rNVWVu2nM97q9F0QlF4uNspqR+wj/kgL3XmzybA2p4wGJEb6aRMWPGpRD6f83OeK4+mYxHQ25+RheSfj+Fu7RLqBGT4qSAPO8jtu/AOWGYitclFakcDPiXE7Bz9dOKN6YV5oSfVfxKUiHefgZ+UwLO8cPBw7JB/W/r2AAHAAWFeJX6kJ0GA7OISc2f5mqEYYF9OAezTAn0z3JQ4UhgH8kdC1t97FOsfkrr39eX5HA1RYXLB1CakIVqg5hKq7+H7aTYslsQgQW8yaYE0mL1Wl9/OdEA469mKvBxrZ4DNQOdX1f/hlzaIB93+v58RaYzP2DBqQ3PaeAntHqlC5jNq+9L9UESXIJ6vpPXc4vIjtB9kOrPJfErxCQG4uNuB6nZVX7KLOof8x2Smfu/kvOQZc1WfwIxlm9jpH+dEItS/3hFfVLby9DyfKNvZFRE0pVoJ1bP9fWL8KdzYOQbq697+sc8N2qRwlu0+r6saG2JzA8bsBOmwCVg9W+5j8K0JCGudhRzGgzGMjHi1b8oiYgRgLENzQB/Yp41jBkXQeIvxOpfPP1iojaEN0vTaPVgyxH69TROFkqwjTHrr+k5EPG3T2n9dWPbEw9gkhTsEPaTBjXZrVVR/b63l+1c7/DoPHdVdHWSt42r7AL9M9P+/q5sBLg2y+qaQyCLeDKFJq9Ql9W1h2EW9dSMtVgaMfjcD7Yepx52CbBt0ElrNlk5cq+kHq8efhHQIncFXmZXU9eoRyR5W7UpxdxF1nXqkfMQi3Ya9yS5uxurx2UlW/09IqEG+x1X6d+S5G3V9xpyoiSv0urxScHW3ec0qeOg6tVa/UcjecIIw/6YaNDe3mRckxATfqSEUv7dXC0O0vnZQZ+zbIbxXFZhilIZsnQjGQcrLI/1g3ksu7mKvPIoz8ujYJXkkQHgH8qDQzwOluC90XRC1fPzVY0D+37Yvl2eqh++RKXTATUjiH5xLRdcxttR59SP5KvL8rb4vHphHpbue89RP6rZ5DFjCfGx+iWLmdqJD4LRZzz2ovUG9YAnjhHlFqd25GkIafXnCbiGfCj/Bafa8zWmXkJMf8f2abhjzTn36zPzIOPHvMtT/+DJLHXZsmsmmJXwsaj+REsNG+RouM0mfKj2xf5scoYIxqA5bnbW8F+RY8ys6D/VSQW3hHM1H9bpLbd6wFd/p8WUCLX3++pjmWIJKMa86+cb1laHg2HW7c8YWMde1wvo6eqVCCLe6A/anVqHOkTxei86fB38I35sb2zc05oNNANZvzD3UmfBZa32P40bgLPGpi3anAV/R/bIZ8llbcXTaZlG9pfTgq38zhj7RARhRVIL+i5inekLoKNpwVY+cwB7GET0ZKyW9bFc0SKU9nD74e0ySS2oItlq3LRxUequmANYpDWBGTP6dk/9bs5faNqxMKwrLwLapuvYHM55aaDqqnzZomzExptxj2+W1Q35skVpWJAxg+ph6qZc0SLcZSGsIvUIdXNasJVtWza/zn2UemhWstXhDi5O5vk8Jiva+nttAwsSjMfmARbnuyPjY8Xq01p/q8vbml4mmLKLzN52CGQRd6Tf9WiyF8m14De0vj0PsDhnbM8JULDumAdZvF15ucA6Ry0n+7VoB7OaSR0Rv0znEdoi6EMYL88wViez2WTvElR+8jDOpQj9VIaU1QxlS91H2VnK6NxPH8bpTPAlqM1QXmFiGjjdrN6YTYJRI36z0n5Gjg6lrUPx+ed5WxPxahjfhvFQgP2Cg1luU/BrHViGmAJ/0QHNmFLo6xyUyeW8gKLLknmDA9KVVVqG/csOZrtKwW90YOkqBf6KA5quUuibHDQ082vB2N+8UH7V22WLsy5EKpOZulndeCm4VY1WLL/uFCOjVhV7gCvYymebsoyLHQIezubLFmVkQK3+QPYaUPbyZYtCh4DKzASmxyxStabOG+DJA/tr2Q11wZRtbYXLblPcSNl2BOngz20Vxtx4P1nFR20FkRX8wZPqL2zRujCUP2bLLbZD/IRw+BxpdVL94xzY9F8lFhTD0udtVZ5xW1VR/9FV7Q5HA9d0fTqRX3N9wdY4tswUAv1Pc1CrBIC/aMGGjKEfRqMdhPMlC082fJqomvpxDmsA27iz0zi6V6b+PJP+ExZsfr7bUH9gS45nN1P09D5vbzhm0JF6d0H9oWzySeH9cy0MF+gIR5uZaqm/4p49HKPb6/091lJ/KgvsEx4K5G6F5bhtvPwfkwVpL2hDuapIK16cVazSz5nMzmH6flxnpIwv8RmtfjYH69CK2+ZX5UCV7OL55zTBR8ZnsO7Gs8ywWngL0fRcFJpbGaXVb3IKIcJofBeD3yaakoHkV8gr6rcyXonxyS3z57V6p2axJJe0HapUR/1OrisJQU0OZJbfnces9ynwn7FJv6spJDW5EbxHgkRc65gyuyxTO+rL1eN7cx2E5gFuiJLNSubRrhiZP8tYrWakY/U2X382qzJTgYRMoFG921f/S9ubGuOKv8jTH3JliWTiDdnrnBd7+m8S2UhwARrq5R6Xmiks4MAP5L9nkBojNXEB9SpP/XMGN63ZetmH/0cGpb2FfTWDldE6Jsuwyr7q6f+T1YlLlt53vNJT/zdXxTDVqz31P7x+GpSOMcz6v3l7qAduoziIMVZZP9cnFnDoY01H1X/TBtpFX5yxWFb/k3kxx5ZLvER7uybs9aDVmyxOOFAv8dRHvTGL4ND7uLdp9RWYH0Tcfm6frbHJHeBfqlf56oe8ET4tintuGN1vcD/kc6NjmHOuKh6wRr7OBS8jMBlauhv9HLfFg2jSQoW2WGpEx9SbZXXv7RtyH/TVf0ja0k1MTFGW3BcL6p+8+008Wp7ncehHiJH6gKdelgOX7bc/Fpl2C6xYCYQHW7NplHwa5P2e+klXX+5vc2oqQTBmltRbPKbU1lTH+wez9KL0Jb76eVch2zzXgizE1zjIxuQcVsyo1fs89e+xRqcNPMT2nxW5M+pfQkSyQBCDY4P7e4tmmoPyBUeuHs36AxHFS331AgcLzokMOYnoH3GQFp4Fu8uFejQ+sAb/lb7+UVdpmBftaTCHRoNe4auX+UYJ2pP7E5Mdq096eMcGjLE72BvP1fymraGBVTkcRY+YhAFa9NOyjRnwbxGsdAsceybnDyZ+Z2geNsgs/feL6lssOU5b+5wZE6R/9mKpCfcjjPm0MRFVWlE/7JsHZtjpD2n1vy1KRyCm2Ye1+j85GHEu9lj1AncGivb2CYFJ0NFddfyoPxhK2GOP7hFpdYDx/8/cUsiJrz2ZzCh+0RUTWdDqS9xDm1Y1UyNvBIxU/9lTX06qHEGz4X3VU/81gdsmrf5BjJH9mqe+gn60WE2VoawDmfhvWNlwqg/GB3trWAu0Ub3aV//bGmQqZKhJxWt89YNEzNgJUfQjJmNdmGf0zadVxixyqB7PSrZ6VZab3dmCNBx24iKgRS5HJlrMJJrV27RvTS6/GGrRgxgLWsXYTc3rXIzTdfMQi1bbGzKe2pAElOtJXMlW12eobAclOctuAMJD8mWL0txi+c19jOgx6lGHYRb1bpYVGpb3JvEyH30x1KLfQ4xhQOzffL2H/tQT1RMOgSzis6wQQmIbwGL2Ef1t8yCLh94RBDOTEIsb8zT1xHmIRdsaGQWRyHasvqb1t+fKFmPbvrsWHSAIr27JirZ+sIOaofnxWaJMZg6ZqvgioEXGDpq+J2vMgVbsPGnRIpyzY1lF6lYvkvZg3y/RSxbl17V+kUZyRjdFC6h7iY6NG5N99OBe9QtsInI0CvdYWruIhkl9rcMjZhITsNhSb9C2x44IJw431yUDwV9ziEwU87RNTDc0Nv972J62MxjcQ+Q3uM7k4tU4qdNonCyuFTZCSyU15c/31Lt03z1ZeYGn/iDZJm00WMA1MwObbpMsqvfpMW0JyFE06/4rWv2hifWODr3T+4JW708qxFsRa5cgwOUfJXWZdKsiRUYiCF/U6gMXY5Sy13Bf1uqPDQLKYQzafeovjSz6ODZTLphEju7WTA5gpTFOrEyAbMmfsv56GZp0idxkPk6qv80IyBWVUHgQAp/WZ6MLROrOnEGy7/Vxg89NcD8D2Ztau1NCucj7H7RwKrspUZzd1WhnMsVNJRAoA7xP/2d3lVHDi4jVCz39X/SM6ZbAnkhevc5X/5UJgdHdJhcdrFMYxXGZYBeJcpKHkR/GCYln2bnhhQTBtqKBIfABH6+GmOVuPcIAG9BrCuqlHkrBPMssw57TJLacn/biIXsEx7vkwqDVH0cjGe6rvf42IzGBso1OvSbL4z0FfASJ3LWxOOq9BfVrOaSae8nwVu+coAAx3b+1oN6WQspYnYM9Ria+9z73Y+o30jo50q5eCPEAqPmox2VGUiMwKnGcC/qdeSib4ge0+u0U1I6IKKDLRhlfVyDqmdQIK+ZaK1ZvL6jfSeEdZnncwFTA+KdTaLg92QfznQX992w1bMkXUJHz6uOe+rxn3imE5saIRa+ez2W0e9r4Nk/9uL+FjjEtmwklmBwIk//LO1QD+MsFLnq4SGJ9WpsRnGdjGUgtE/CD/hSzkaCfQt1X1PN8scmTnZ2QGTyIRVKfLKj/5MEC7ZKlJuDPeuqPHDjxqAT8BY9p3xuyMwuipaIeKKg/ho/czTTdf9BDg9jQ8T7f6qk/QQ4cB3G7dnAm1AcK6i89q6dok1FpxvOARkTbYoPaNq6dGcMPFXCpphZqnYQV9TfeYLJNiJ1Iep72Bwvqb6HNhRCTkH++EeMp689ab6cE2XPW5+Hezgrnc0Y1S7PZdLhFWClWHyuofzSjMPNphvKpgvov+Nd7uF3p9zZ+AIclAbnvazxXq/+JRNAnLsViemIeFXcO/iDa6R+MZnMVjPw+XORpHsb/zV6o3uPhyLYvWeV5s+GMAa8oljxmOr3a9DYZYXZE8Pw+m+Y+RVjQewyoX5vIR2iUx8nGTJZfF6gIBQJqWd7lKv7XKnVDecWhO811efoh8F4C9Or202J+t+FyBYcmxV4KLZpvX68126ftk5QFU14tlU85wKIBmAd+S7jEOODGp7dHAm+BSSUCNMRhIrCodWwsawbI/5gWH3ItxUZOjKwALMw1sdDiMG7aZra8YPutuK1s7rzjMblYKM7u8h4Dc282ALJe7oWjrI3sdx8f9LSerwyouQCps0bTsveWyfKsuPWV0fgwNA7VBlRBxB9jUuz7B/g5l8MRY5kaIYvxEU/5m3MQ9ch6NZS3PMhbHX5gp+VTw+tt+TR39s7Ny4DVRsW+WPOTp3rJe7mCfe2WtSpagHsdl7ykl69e56D2GdriPDB5grY0D07fqi1vVsPqak2Uyz4DrJQ68pxpJXk3eDR9xXcs/byydGWY6B0e8/F5HNP7RUgnMiTLx6VpXXYR2qXJXb7abFcASIepCK9wQNcyhV/p4KbHFHqVg9oOUvDV5st4jU5PPo8UtDvVQPq7xoqy3OzK89jcLF1br2YPNa+T15hJ4XqpSQV5g1SlpYeY94rps8obTTF5vniTKRk2OtVmQ7q/OXv3+FBT655gPqx2+JHlI+Q9WtbRoxLdlQ083d2zVfKx3CrJowTUs1TSxQCU5cs+mq4XwQZ0n/LK5OwOTcMc7U9Ae64uoEKIsqpnOGZ76l0FoeeWckeoctpnM+Jsn99LM5KfguSD4gUgCfnhAK6yV8gXkRY3DvQc2c9cRNbhBCBkJGOAmEmvZLb1lusANJWR+hykLqoPqMzI7LsK4cyiVmfRnnFhlOfeA6rVmv1svCOW9yGyzr6YdparD6jMOhMgAYSkpwSPfWHcN16XfRf7eTA4MWPDG8yYmVd/RtCWMzS79pc9VThHPMQUvuKp4t5BzF4tpX/y1IIl3UnRPT2TfC0an+GaARtrETYTCh6e+wxflI0gq62nJNkwJngpFWEuhqlZB2r1GFSvkg9qpHEQkZp9LdmxH8DTDi8fFNHJLy7m5O8QLUEXJRFyEFH3mJWPCude5rSjHeUVx8jIbgawj0sCr6yD50z2tobRWt9+KKBhxetv55s30obfQKT55/7F8qXxVCEz1ipvrLX8rKhdrbCf9ELzhwp6sAHz1cZG0K5iXaq1mrUptsKf6yF7YqS8QjIEtxif55tdcNMU2BL9UXSmv33B7e6dKHulUpijWRHhLFshj+3wiS0h6/7I0oLw4deJhX0zR655VdoWZzKpz/fVQl5Ai/tTefnGGcrQigmyqaU8l8tzvFiw50twxuaxXTNYt4VXafsLHFtC2ecad4QB+dGa+YiWETuJTn4yhojZDhrloCe/4wIw37p1iFH0meUqJw9TXNF66A578ntIB32hr71qDjxPBBoz4elFvpJTMHL7JsgdwVSePBhmWRhvQ8EvPqV8zV341dZdC+TojKNhP5PqvreqzO/pSLUMuxdUUCX70wqv1GET3AgqaBUo8vXYsGf/folU49F02SKlp24e7t5xm6BwGgZRvvtyLku22yiXOgFZ+yRaNjAKnm2WGay5H9zY/CaRAdTIgFzsuWH1zj9tSjIdBNzSMLUVzWKpLBsrnagwEN+sY6Y1m98KW78Th2+AvTCo4ZiYWuelkyvCqkjKeb/5zrik5OQ1mUoUAT338LJNBtZnaCSeLVk3RCOZDqopq95y6OFErAfi9jRwE90X01W7Wk7/0oibwnyfMkDW374DOUnk+xuCYTp4OQtxuG34KVjOOAv4uhgbtqNB08CoZQl27CMj1s/iLnoGcAkTx0bJvfRkj+2S6dSy+vAe5u5r1GWde1pBWG5XzTfuVLklE67dp9+8cijm1T9Z2iylOAWJdJAWT4ZmfhaM13yXgBZb93Q2DHBpXczzcmjAR8LTVeMYr5xqylt8ckfb3VAgx1ZL5iOGxzl2ySeVjdxOVOX0QdwwyAW7Mab2kX1SWUHjkkp2MxJjjUtE4+RTzw/6XpeJ3ndA5GTNqax4T6a3RtRICGNwR2TRWqhtHRB8sNdsr8fsDtmr8JZE+smbTPlJRNQ4IMQ0pVRYzRqogvFgrXJ0G1lBp8cMtrJezX5r0Lc8jO1JxzsyImvIvAmjEsthEetbVEcuwQIbssRb0nACZ3QG+GZfLQ/mQW9Br+ZBIlGMzFt9VRhM7h+z2eIQpp0V0cEYWUTj7QsZdEHEg5ins6aN0hbVorzGn8aG/+ZOjXp0bqmS7UhSYQem5xkQnrTUmrGqolEGxKGcuBLx6FSACcQzPthd3aYxTv5GUKKaXCG8lDRU8r1zVTOfJNRt82VPPIx5NM9WK1uNp5KvdtLCutftZ8pBUcHdaT77hbdgJoFbrziUfVMzWzR+O2pkK2L1Ll/P/6gwZmJxbOUTVXsgOwOKgIsp5cBQ8RaHWQ8dwNzos2+loLmre9Q2rcjd3PtsVZ0sYIsLeVG8tkgcHQ2QBuLl4YTRbmFPoikbXAkAoryY8rbpDh8d46oy1wz8fWzs5cmYMBNE+qOS4UJ23b7LIQSiDg5BPIXsx/glg6K8mzI2xAizNBFnBuuAqjbxkFNIfpTcoLO7G5y7VSHDEe7tgHKjDM097KGHCvKjarmpp96QactPkhOIfXaxJCGd0SXD+ssXXw8cyTrEN+DWnsjX9pQ4J52tWH7XuC2XerWsj7J+pn2L4Fbcljo2MzJOJG5EcnwetinmTb2+oE6YCXPCfMBTl0HOdd+m95mNpyUcc5GHiRx3p6PquBHdz8EL0BXzpNU7fHXlPMisbmbvKtNZeHa435mIiJHv1Slo9UJpz5wrltU1iNDOeUwzfW1azHTknb6+7hCrVgo5Xq8/hFBNVP1clHp9Eq+/YZ7bEExzYH7IPDw9Nt84Dwf/lHHsbkqVMwRDIpUt86KDsJXb0A8FK/cTXvF63GqrROZhjiqeCu5JfsnGBnGqgU+T+RRihvTdq827e7iJ5L1WeAeJz47awdEg/kGpAFeOKkvqbHRB9vlYFTXLw0BdX+/B6mzAtH107HkH5jd85scHDNarIyV4tJaTrvJ/HaXZuqdX6YqNS9xAiyw2SBrrPVuOBl00uTqArpeCVi+kQH+H8PUpI8RCbDt6n89ZNUG1iFVkeUJMjIMmBCx8MWCftVc53jE3hni63TW5NF7sz5LXzbaicL+8REDnirs2pI0Ni4RQB4lQv5jiV+WltHsSvbTDukUr8zDx3s6xWuTu8Ai3vmeGqKvsb5RXEHxu4o+aHjatBTcCOIbGuHcsnn9gRgVUDttoUeiCsALiQAJiNnZAfo15w1akD2u8pQMzNp0MWjybhDXi8HlWCpccX/ES41uYxzzt5HZYQIkUlzZhR+4E8Zm2++Nz/Viu3SL3YpWtZ59r15Fjm0XomXIlkgVrItq20brVwkJd/kIP2+W2jUw/QWlbb4jWJtt9M54t5eXAIZsnq91+Im5wmKKltGFeF7UxrDRf5CzPHcZZIg7gECDYN+sXquEh22LePkHF3RGnptfrMPEsLfzwcywouXcwPxsi5/rVu5MZVxozV/RiDoEun9iAtLGdzeLElhzWNyPAPFsDVE1M3WTs6gqu2SqGf58z7aw6kJ8VFdM+w8yilUxD27v53S8O9RrOJbrYmezvTXDxtrklEI2EH2xdzhoCQ+HmYYYSqjd1l4wJXCwqPjbnskswIZV5Rmzs/1/PCKSsRTnEjNAFH3Y2WRKTUNyqMneDZyybXtGiNywaZIdxC+nTpWhpWghFkYH46JGEQWQ/I9ClC33Ds7yYNm5ELOsVXcJLYw9iWgah9Iid3cKPcuxXpB83zURfCSh00q0rdTOxvdlVkmoHBJHMbZRGFMbdF862iF/Z0WCDJ7grprPP4EiPo/vTgneRMlREGXxyidoAQWmG8YbFrI4b0f2HhoD2DFLmPitBnySwMRNByzW+UF2sZuBE1Ig5lpLpRR/uNmEvnKMDd3FCJwcumF87qy+xX4i1LZtljbrE86vf2Qu3GswvZGSKXdmcsMKkBaKLkzytmdcBfug3bS/lMGnTNkPcwrgCFazmtDwZi8+N4lR3XBsUjWGUo9GI2HVVIAsphLO5gSzOz2nLDFX58q14rhjMiVGVuA2xWcIg9XqVawUpePNNWQvmYQ+S2TdUEJi8pD3DnMovF9ghE2XF+IYyOUSk5aef2IDYMJZI3PxIPVE6S119DqW6GBxChlvyL3O2zJMvoPZYzZS+vzWvh8lSqHKelS93erHBT62snwzN/u6b6bq4a+HoEoyGKUeOqGMiVv/EgWuOSWP8iYVnmwt3pwm1NZGlJck6WKBRKq9YfcXXi9QRAbOfiiEEiCJgchA4+x1bWceWvU05V2WBMjnsyNkhGpQJ1KABNNmI8CW3ov6MKWX9BxIJNEE9tcq9VlrSXfwBOhWGvIfH9AzPiHMRzU+IwqnnXFGC2xL9eRZLXLZte1Ipyl5s9uwPs5r34DNSH/FVthjUfXppskVH5xgnxm55EOEnRA1L8wi2APNgttBYfdTXK1bEybbJnZUvH9h1tr5pJzlWH/f1Mbqawu2KOm7mLMHZsIaAlXBiDt66xEZH8/vk/OJQEvIVkSwm9fJ9SpnSxOqffX3Fdm6Wvsq55dzcfHzNV1ex7E9Pib4hu6vl09lrnB5CZhsl0uqanElKTFusPu/ra2dMsDNFX/DVdVIMUyl+0VfXp5NSMltHyETdsDPZPoib4w7Iri2HkN10/r/uc/RIhhdmO1rJUK0Ix5/09U3nhpfY1j7t65u3R0OmBzGtqIearqAiL0LQs/vUwy5FWfbKHPVP+frhqcARgzQORpE45LYrTAVU7UTq/ngyviBK1E1Axmsih73E6nAAiy1zeAAhmkNorr+/e9dBNL2QizbPnTcaHUJAXJdyM27+fp5u1brrJiiEizZHAasSs5OL/9ygV/rk9LWPAcOcbCXUn1tQvtRa7uN04j29NULPTeTQWR3WkZ0TfEVGzywSwjBLx/raMonuDm0JJ8HeR2HKZsDb0Z61/fYqDM3lZADcFP0ZOZHPoirQ0aq4LEW8UblGWySghtq3WVfIexAC7YDNwPb2TePFGFBXvhrJoaSe3cNhqTIWaCAKDhKdSwNyWIBvTpmtP5xN9jlqQCJ1XqaNyR7nGjt+b87KDOOyrARCnNKCQI1rYRmaxx1nVF5MUKdsFHN1OukPtmGKG8457O15ub+AFjN4naoXMn37ST/qJQVsdmIXWnmwvfRULyqohTqEkYXyHilY6I3Od+VhHkzGOJtOK9S7PW3UOil/g3D7UGgLQ5dcBv/iq4cZDVIv1HpBcqv9GFtlt7Ob5f6uP3JWc9G+A1QFtRRLHDXE97Q1y0m5I6w+Qx1JymWcCToz4GeqFfOuDraL6qjJOo0lEGSKa+nZ+rjtuNW/MELUAE7Ec4tGLqafV9CX5QafLonnF9TlO1DatKdWhnGFoV5F0VhlbFcXmgezWEQx3h5h8YlTyR6JLlxpEFuI3Viaq9AUYmvY0xFb66g7Hoi12j6rXl7Q1xhQO8qBrt1K9CJWLy3o66bRtjWdYfR9BxEa5wLsi+p608/qFDXcxT0nirAGw3boN5i6gDASdwMit7d56iH7coC4MN4uMY8YI9BuTL9JwS1rZM5Y8rnpm/BzZxfkMWnVXorWYIkRPHR7NNzfkh+Opca9HZ3h31h9qaAfDndI0lmQ2E7/TxXUI/C/2tE+Jh0hle1cQuyRwSXQ7fnLTcYhe3S4Jr2190TjLCzFzmm0hcXqFQVdkC/OluQJf65rjrdnGDhTlXxuDZKV4c5OefdAIkQrGSkshdbWn1xQ3sB+c69BNYsGH8O4zFWhVLB5p9lFW6oySJYRKsnwF7aFelwyPydGMJ1d9ERAdLG4ReBTFA1JbQxZeNPt3Qt0oZf2L4YtXwp5nQHJTB7ZvzR8RcaXLAxvYcwQkhFC0m4HspgZo5NDrF5Z0L4UV6U/QStsSa5lemjMUyjuXwq60E7eGxudVJ7744eVHonZ4FTyV8R1ilqR5egRRyO/YWMzeppUGjqvLuBZ9u0WLtgGqFZWuRQPSrJZqrVasyRbqg478mcIyXmlWrVkrvXMtSkZ+exkOwjd31sv1s2l70L+wcKifdAkDxUoLck9XfLGYbna2ISiYB1JWGlH9vifsbT0zVlKObF9F/N9L8z1vZjveynpsDS2F3xcmT3IY4IV5e0w5a7EwYe7nH4sFxMF4yBb+LNUMTq/P8VKs7Qt6I3sJXvuCYB6c4GN2D3ltZAHuOLaYWWHYrEt6C0FtSwdy+gt5FVE+4OUbhrVV1fKq7/0mtv9aWxblL+LK3/g1L4xs/eE5uq9ZV6j+ZWq6Au5QnBXt1ST+Sw2mh35G+Pmo4ALXPyHvQ43/BQW00KPe/IEZWm9HaCCbVNBeTlfziMesX8gbsVM0VF6ITlmJ6+6Jtwcp1XD/m3kE/BrPg7YqzWbp8xLhssagfvM7uVVuGh3OxuCeUUmEZQ8SgupeN5QUPK7DwcuTc8cyMZrLgpSpa8nM2Pi3syyvc8FJ1sY4ODCGXis3lTIHtOtJfNGayKJ+MWcdWip+/Ga6IrkUyoym7iahozcp+gBAKPcrwULJuc1/nV4LEnTMDJv82k9FAupx9Y24qHNPbNJ8YXIpvTDDZlmyGa7fkeO8QwhoBYPWD4JJI4BxM/lcOYGYB54K3WN/PXGkIB+IDpj3s2Y6wZ7F01gYf4Rp7xy6GxkjxX9dbNCC0JFXi8JTtF8+dUUKS2EG/IH5V3JrldXWEJpmuZzmss210tswRH70cu0vOLKiWE4mj2udN+3dPbAfuAyfaV5whTdy8vLatX8O8vLL3qIeYU8LDHPF3LAKzNgekV/lSGLahOLYX3KoK8uI3J8iln/fIvrvh15K6n804F891mxYNpN5gOBDpuC7dnXGv3RJnse5xGnj7huWp5TyA9HVD25nC61O9WyGZ0OEQIdkvUapU0Sv+Q+oV3YkD+8Vdy4jX8XNm7n38WNO/h3aUP+2Nbyxp38e2RDogYyXyvpzfjRtSaX5ZI7hvXByoRkjwvOiQ2BXsZWQHL53MX6FeaR1ZVd+feqetDokl5dk78+eE1FYNdWOvx7XUVGfP1adb1raNxArlxquQE8pM6JjvRGTBfJTWLAbw7q/PtQUQYj+4eFdRSLzMOFq0cw40LnkXfxz6Mqa9L60aXVVWHzMe6JymPb0vPj2jKAb3HbwuPlb2CTfmsZO0T6BCaO5NvCkvnDmE88tSp8fjsGl+SW0AjoVhnMbQK4XQZ3h/sji09aNX9j8c7ViszMk8OWsZRPMSw89bRJntaqljt2wN8RNrtt83XJp1frMp7vJI4jI3xGrbQayLi+q9pomb/B/czVbqdj5FKy75bIrQr/7mEDC7STTF6FvJVhIKuphJkmv9bsdiytda4Bsd1mJjfq4Ahb1bVqUKvYL9afrAXr9n3YKdk1ZCg10eW2/ERJPSvRu4a9Y7yj1GqZiz7b582rpQYmgVyZqGOrFjD/8CDCrzjDUW2sCYHAjXbNzfQ6KitfWLd0Noho2Vw1DEpt87dJT+bfdh3L9P6hrPtuvZEq7SOJDRAOcJQeVanKE/Sm4eExley7649NJPYEaWmX87fZmXiik+stkqJWwueteGDCxW1sadLrk1D9/Of8n9xuniZ5CklC+Knkhbbh6mkdeV9H5hkdvJtVo2SldF51eSMon+Lqlrwnn/MuB0a1faySqFYBpruOk2KSz7VZSGBii0W8i6kaLCUTbvtcTjCOhOU2t8YWumI+iyq542Gr2kj5OgHXJJeToM1GK68QtbK9XtlpB4H0Sv4q5nu1aeFXywhIrxH5WdC1wiDpdZLaPq83nCTCuoEuBJ3sQ4Qs6Y2SOlI3idRwaMiulrjqFrxTtabMVq1eat/VNS3q9rEiOfSsbsbTNNiVaskit9LcXVaxLHtH7R05ucvmbNnDMpP0cDclj6iwBB3s0UG9tYGRlR4ftxaYCPu3YMjsCn886yhom78D/K3VRggbttW3J8vudtFns3tQuDNMDNt3YGyYHPuC7umYHK50kuJ30lLE/V0yPtJnJkeCtmgaWty7lUKYFG6j0EkKt1PoJoU7KGwmhSdRMKoqhTsp3C0Fw+M96RZwr2wmduq+O9tqvkfWr1vaFL9XpjHoOVndh0OwbqxKr37oN3KeHsSDsvzO2nw2U8sZyJxNrQcW4auIJ/N+PJl8VQAcHyb90O2OwOUkKnGr+oSD15C41eEYgF8Wt73lfhCnPPcnF1T2Jxco6ArRT/Ea55F97GGpLNbjEn+pgZJXvuQP9AghWgupzK9UOk37uxTK2mQEIjUAvBLmNf2ZXXY8Kc4dT2Lq3Ztj/L9DB5Th2OWLhAsNYmk67TtCK7o414N4e8bvlL/akZ60UD9mn4xO/CqvaqbUtzXJK7rCRbRwKWdC7iM4uudMjx/GlZxDM7+szGb148zqRfUBlUyt10+ADNPR+yj0NvqEhHI/1EzQE03Yzderd3kXt8gx8AkYCAj7GD/XxSKjpEwDuar4DDjxuL8f73LdoD7NQSJIMRwYijsSzrLIWbUQoC426WfzVfRjZPU5ZDXq2x/4ZnQ7UpU/JeNyh7ioQcfYSN3FiJB6aXzbD+8Jrf0tYOI7vVJLPJBis2FeCTFrlBZkyw5LmwH5xZLUL4VWSVucRCJONX1kLbMNdaIMICjpyDwVN0UdzH0UkLll0w+owAsw3oCeI2jlWSBeNpIfAJxQeuY+nGFKXHvZUgPJMXyJyMPA5wnUlh8kcAY1GymRiR5jDiQ447HEcyHFpg1KbSnfBPWqEnGRoNyDRyALyWmnOmhyprd5uSCSn8PDavZrKQoc/lFGW8zhvF8jOInJyflwU+qF65L82QNdnOGpo8Nj6Y5pJrota3Wvf56kMIjML183jYIvq+Klqdhq7TlS50yRe9kU251J01//7BO95IJtuG9uEu9PHt74Q24XiHYzauxDNNuWVzrFcxd1xY1nQS+k1NfEBJqfnEZJB4xdjthYVW+nvzccyUGaKYQLLs+IHeZoAvlKQRcPYnN6llPNtv0BPmy4PgyFtiWuvcloYCHQlKcJacGON5Re8sgGQLXgJnmLalsaGFFV12LHABtSoE0slbYuVl9neZuGCSDBVl9j+RpU9Y0ExyyHZJNRmqtULpHkXtgEPjMUqHClJR/HNPLSMUMXFK49bNtYPbeofRGOaYSax9u7XAttpjJmg2ME6qt0PXWc/QvRgsiSfx7m/v8DnjUAAO2bCXRWVbLvz/dlIAQIoyYyGRQUBRMQtGnJgLaJiEqDrQ3dGtooYWiZhERpWjEKhEiCDCLiDAmTCjbaqPiFRERQWpEhjYpjAwImiC0iigN2v9+/zvmyc++693Wv9dZ66627nmsdT6X+e1fVrqpdp84+H6FQ2Ivxmle89O19zVrMDnkjSkPF1yT9rPfkgdcXXHRh4fhfDrv0yl7XDx166bUFQ7y2XrvnQ+HTvA5eJ69LKHQqblPzMP8/0jwmOjPW82JjQ54X9mJDcZdPvKVofMGEQi8+lHC353lNvea68Z/dWnnVYc8LeWaB18WLDccNyR9dkNr7fze+rciWoTs0MWwTz9LEKycUFkyekD8u9ZcTxv0h9Rf5E27Pn+LFe/9azP0hDNASJCuEES3iho3JL0wdOyW1cExB6viJU6BvmThh7C2pVxeMHjtxQuot4/KnTAEomgAyIXXYxMnjRk5JnTgq9Y78ybdMzh9VmJ36y1Gpt0wsmjyloGfqWAZNSR04dvSYcRMnjzx3SuoVE8eNLJiQ+osx+ZNHF0xOS71uDHjRhLG3FRWkDskflz8SmY1V3JE/BTWFkyeOLLqlYCRk1A6MlIVT8scXpBaO5X93jC0cY6yJ/G9yau/ejeVwy7917ITRNqBwYiGuwkTkTxyV2vvCtNQrzU6BEyePHT1WrpwUWDOlsADFhfLKGIzRmNH+Im6ZyKJSp9wypgD1+RNGpk4pGoumSQWTRxXcUkggRgFrvLnxlonjx2N3g9iCwilpqZcV/SFqVSMnBd5JvXmiJt4xdty41DEF4yal/mFiEcan5t9yW9HYyaxDviuYRGxsjYImjx1ZICddlnupWfSrMfkjJ94xDnJKmnfaDKKeSqp1v/uRh3/jnXelssa7tmB00bj8yZ53fuj/h/5/aOhbJHqxpZ73bInnJcTFhbwZucktwqVe7tqYMSl5hbHkxU1N7vW8fXFe/BQqy8zlZRcDV6yJmRH2bmoET4k/QL0Qfhh815qYmf8RPxCK3xtmwKzanKsYUP5UzCw0NhqwNxz/FwqNBlSGS7y6vhrQWMJfYuI/jPHi34+hvpmZwjzsmn777kNeKBRm1GHHD8VPX16WRg0Nz/AGzHH8cPz0XpFULxQTnukNaOH4MfF3sWAvFAt/U3/Hj42/y2NrhOLE/53jx8XfaXrj4adOd/z4+OlHKpr5crxXHb9JIEd6vUOOnxDoDYVnecWJjt80sL8J/CG9HD8xfnp52vmSP8ubf73jNwvkJ4g/2vGbx0/PTa72Qk3h93rS8VvETx9R2Fv2z/Ju2ur4SYH9MfB3NfJny8BO6W31D8dvFeiNI2gJCY7fOvBPIvylLR2/Tfz0wt2dZE+JV9zF8dsG9jSDv6Sv47eTPT18+UOucPzTGsmvG+z4pwfyY+Fvu8nxkwM7m4s/1vFT4qcbv4n4f3T8MwI/t4A/5n7Hb6/x/Xx76pY5fofAHlvXU47fsfG6Njp+p2BdsnPITsfvHNipdQ3Z6/hnButKgt/riOOnBnrD8Ld95fhdgjyPD8/26kKOf5b0NvP5lyc6/tkBPxb+0jaO3zWwJwF+arLjd2vIq9leQjfHPydYb0v4i9Ic/1zxz5MfZnv7fub43aW3h/JttpdxqeOf15Bvs73mjeJ+fmBPHPzyqxy/R+AHyR/+S8fvGciXnPXDHf+CQI4Hv2+e46cF9UTrWnSr46fLftbVCn5qkeP3ir8rN/kuxWW2165R/vQO7GkNf990x79Qccz0/b+r1PH7yM5mvp09Fzh+38BO2bPmQce/KLCnDfx+jfb1xfF3jSi8zZdzarnj/yyQ0xb+nY3ys5/yeanyB/6Ljv/zIH+03uJXHP+SYL2J8Httdfz+Wlcnf3zqDsfPCMZLfrs9jp8ZyJf9KR87flZgv/LhowOOnx3kQzv4a+ocf4D8xoND6912zPEvDdZ7GvyB3zj+ZYrvLOkt9TZ6jv+LQG8s/CdiHP/yQE4i/E/iHD8nWG9T+L9utI9yg7i0hN+xpeNfIT753wr+5raOPzDwTzz8jac7/pVaF/nQBP6R9o4/KKhLp8NfeKbjXxV/1/Kyzr79u7o4/tWB/XHwW3V1/GuC/IyB/203xx8c+FlyPunu+L9sJKdzD8cfEsiR/bEXOP7QwH7JubC3418byEmGP7mP4/8qfnqkbpovf8TPHf+6QL66ksv7O/71ylvqcAh+1wGO/+vguZkE/5PLHX9YIEfx2pLr+MMVF+KluMy5yvF/E8SlNfybBzv+bxX3TC+UAv+3v3L8GyR/q++H1Osd/8ZGfhj8G8fPC/xwBvz7b3D8EfHTU/Lu9O0sznf83wV2al25oxz/Juk95NvZc4zj5wd2Kn+6jnf8m4P8aQZ/+22Of4vs7OHbOe12xx8Z2NkefmSq4xfITvJE/i9vVN9GBf4Pw8+d4fijg/0uP2+b7fhjAj8rvkvnOP7YIL6yv3ie4/8+sF9yui9y/FsDOR3gVyx2/HHxd5WntffX9e4Sxx8frKsj/NMfdfwJsnOgv65+Sx1/YrAu5efx5Y4/KfC/4r53pePfJn828/XGP+P4kwO9LcNqli/2mVMUXIpDM5rY4vMcv1BCekjpDK/4fMcvCpR2gj9gtOPfHjitJU3m0pDj3xHIbwLfu9rxpwbOVLNavNjx/xAY2Vn8iONP00M/R8GdRUfu+H+U0xifBP9YI/vvDOzU+NSfO/5dwfjW8HvlOf70IGnj4B+b6fh3B3KawU9d5PjFocBB6krnv+yAe0LBChIFvOWAe5lhdVumDvnSATNCgQ7ZWvwPB8xkhhkbT4c1sLUDZgFYiAV4ZzmgJAqot9twoQNmR61KENDfAaXMCLqpEq90mAPuA7Bt3xJg6e8dMMcAQqq+st9dDigDMJfEAByb54BylNuOlVXzH3XAXACzqq2A5Q64H1FBbwBQ44B5AA0uWbLLAfMBGlY+ZL8DFkR1qG0ecsQBC6Nu1zrqvnLAAyaqh9Yx2xsSdsAiRNk6rNNIcMCDAFYC1CrtauGAxYgyJ6oXuzHZAQ8BWL6pWb26iwOWAJh31eUsOd8BDwNY+jQBKO3jgEcAbCtJx94MBzwKYDqsQcl1wGOYG7iEDuUqBzzuXELL9EsHPIEoc4lETRrugCejopoDHLvRAUuZYYDMPVbggGUAZm4LgAETHVABYCVEVnl/cEBl1Cp5d/udDljODPOuzB1e4oAVAA3mrp/ngJVRc9UT9m20nVcxw/JKMe/3uANWM8NiLlEJlQ54CsBEaUbpKgc8DWAzQgLWOuAZdFghl0tOveiANQDmEum4epMD1iLKdKhl377FAc8yw7Jd6+j+tgP+BGDr0EtTz3cdsA7A9rmUtzvogOcAGpSP/MIBz0eVa4EHG+2PPwPYAhWo9ScdsD4aKCkv/tEBL6AjUF7qrY91wIsAgfJS78amDngJHaa8LcBjzRywgRlWGfQ07NjGAS9HlautDLdzQARRZq6eq+FkB1QhyuIh5Rs7OGAjM0y5RJ3q5IBqgAZRp1IdUBMVpQW+2M0BrwA0LHBEo+28CVGmQ93WEz0d8CozLKmlfGRvB2xmRoPykX0d8BozGpR3/rkDtgCYcnUsr2c6YCuirF7Jqk0DHPA6gFl1JoD3Cwe8AXCk4kMf2JDrgG1RQKImDXLAXwBMlF5f1l3tgDexygqZ+snuQx3wVjSCauCSfuWA7cywpFanM3+YA94GsG0goOYGB+yIArLq6O8csDNqVQJAz5sdsIsZlqKKR+pYB+wGsHjoterweAfUGkClVj9bPtkBfwWw6qMIXnKHA/ag3CIoc5OmOeAdm9HMNzdjugPeZUaDuXcWO+A9Zpi58tWk2Q7YC2C+SgU4XuaA9wGWl53ub5yr5zvgg6jbtY4LFzrgQ2bYOtQg71vsgI8ArFLL3E2POuDjqLlaufeEAz4BsJUrd71lDvgbohpyN7LCAfsALHel4+anHbAfUYEOD+5hn3sAriloGr7H8yY44FPkWPhi1ODWOeBgdIYd0yoNA+AQM8yDSQDF+x1wOOoo9aypLR3wGaLMpEQBfRxQhyhL9aYASxXwAKgHMKvULntvOOCIAZZUs7x1CQ74HMCCodPR1DQHHEW5rUON6E05DvgCwKzS+etNwxzwd0SZ8jYA8+9ywJfMCE4iZnlLFzngGICJOlPASgd8BWC7vwvATVsccBwdhbsv0ksR5n7ugK+ZEbwVzfI2nXLACQDTcRbt2E1NHPANwPKyJK28xNvbyO3fAgQrL/GmdnDASQATpZZvalcHfBeNoLrHVj0d8D3mBhuwxNuW4YAfoqKkfFsj7/4IYMpDAhqlzylEBRld4q0b6YCfAIKMphG9wwH/QJTpUAs+pNgB/2SGBaoVwJgHHFAcDuq3FjjkSQfcEw4WqLPjukaBujccbFnNGBNxwIzoDHXB3mYHzGSGJVwYYMMeB8wCCPZHibfpsANKoqK0wOF/d8BszLUFni3gpANKEWVWqY0ZF+eA+wACHfSbSQ6YE9WhGRltHFAWnaEueECjZCgHsC5Y3Uqvbg6YGxWl7vFUdwfczwxbuTqi4Rc6YF50HWrH9l7sgPk2o5myhLYy2wELmGFZoq7r6OUOWMgMSwYBGYMd8EAU0DrKhzlgEYCtQ1bdme+AB9FhVkn5qQIHLAYw5WpET93qgIcQZSkqJ04qcsASAHOiRBVOd8DDUVFSfvlMBzwCYMqlY0upAx5FVIOOfgsd8BiA6ZATMx51wOMA5kTpWFLpgCeiOmRVymoHPAlgVkl5yrMOWIooUy7vlr/kgGUA5l3p+GiTAyoQZTr0VnLjVgdUMsNSVC8fHXc6YDmAbU6l6Oq9DlgRzStFsPAjB6xkhkVQVo1stHFWAZhVysT1XzpgNUBDJrb63gFPRc3VW+L8nxzwNDOCJ06pNyDGAc8ABOZyKpTggDVRczXjaFMHrI3OUPf4fJIDnkW5VR89mte0dsCfAMyqeICjbR2wDlEWWvWC7VMc8ByAmau+YGFHBzwPEESQbqWLA/4MYL5SR3SimwPWA1hHpBl1jWr7CwA2Q+bO7+2AF6Pmqofa1ccBLzHDUlQd0bX9HLABwOKhI08v0wEvA1hopeO7Sx0QieqQS/pd7oAqZphL1FaOGuiAjQDWAahPa36NA6qjgVJzdXywA2rQYdtAOl4f6oBXEGU6ZNWJ6x2wiRlm1dkAfYc74FVmWLbLie3yHLAZwJyoZNiY74DXEGXJoK8ap0Y6YAuANRMStW60A7ZGRSkZho9zwOsAlgwxALsmOeANRNkClbu7pjhgW9QlXQFeLHLAXxCVm4yoWIDzpzngTUTZymXu7+90wFsAZq62Qee7HbAdUQ3b4OAMB7zNDFu5dHxS4oAdAKZD6+h8nwN2Atg6lO2dyx2wCx0N2b53vgN2A5ivpKP4QQfUIsp0aBtsesgBf2WGbQOtY/0TDtgDYOtQlkyrdMA7AJYlMnf1Kge8iw4zV8rnqwUPgPcATHliWD+auMrn7kWOha8pnbbX2QHvA5jmBBrqTec64AMAszWBLjg1xgEfRgH1zTdNdsBHACaqGcCmGgd8DGA7U23lrlgHfBK19WwBpzvgb8ywVNep665MB+wDsN2vc9p9+Q7YH802zWh1mwMORGfoUDn1QQd8CmBlQafK+zY64GBUlNr8VtsdcIgZDeso/soBh6PrUOu6KeSAz2xGM+UOzW4bB9QBWO7EAKR0c0A9oiyuEjWmlwOOMMNEdQBIvdQBnzMjaNo52b3SAUcBzKpuAq51wBeIyk2+RuWtxNs02gF/B7Dy1hVg+DQHfAlgWzYOoHu5A445X5V4mx5wwFfMMF+p2Z260gHHASy0sQDfveyAr6PmyiXfbXbACQBzibr573Y44BtEBTuzxNu33wHfAph3paP4hANOIsp0JAv4yQHfMSP4zkh/k+iA76MLVO8xMskBPzDD1qH+pmuKA34EMKvUeyzp4oBTUVHqVkY2ivlPzLCNo6PrY2kO+AfmWhVTt7K0rwP+yQzL3RSA+VkOKI6Rjq1KHzqiyxxwT4zi0Uwume1NHeSAe2MCl7QH+G6wA2YwI3D7bO+x3zpgJoAtUN1jq5EOmAVgW03raDfeASXosHXIiVsmO2A2M8yJ6rpm3umAUgCLoETtmeWA+6KitI5tZQ6YA2DrOAdg4HwHlCHKfCW393vEAeUA5nYBWyodMDcKxAMMWeuA+wHMiWp217zggHkoN1/JqjurHDAfwKzS7ytOveKABYgKjkoBtjtgoUXwkJ8+23Y54IHGwKI9DlgUBaT8pr0OeDCqXBHc95EDFqPcIii3X3fYAQ8BmNulY/mXDlgS1XE2wKSvHfAwMyyCUt6r0Y56JKq8Kw+ovY0eRY8yw2qJHoJd4xzwGIC5XV3XkaYOeNwAylIswPwkBzwR1aGn465WDngSwOIhHWvaOmCpiUKHRE1OccAyZpgo9ZvPt3dABTMsqdUR9T3TAZUA9kjtBLDmbAcsBzCXaB3l3R2wAsDWoe7xwgscsDLqXbUxKekOWIVVlu3qPY71dsBqRFmgtI4lFzvgKWbYOuSSvf0c8DSAuUT9zd7+DngGUZYMsmrhAAesiVqlpmRqo1qylhm2DaR8Za4DnkWHKZe5hwc64E/MMHPPBrj/GgesAzBfSfmEax3wXFS53H7ddQ54nhnmdinfPtwBf44qV9fV/AYHrGdG0LDwYnCzA14AsGRQoF4f5YAXDSBQescYd6sDXgKwp1oMQPtJDtiAcvOurApPccDLAGaVZlxW5IAIgM2QVZ2nOqAKHWaVRB280wEbmWGilCVd73ZANYBliZzY+V4H1ESdqFei2JkOeAUdVhMVqFOlDtgEYIGS8uVzHfAqOky5dByc54DNUR3y1ZsLHPAaosxXEjV1sQO2REV1A9iwxAFbmWF9ybkARx93wOsAKXk9vVB3gIPLHPAGQHnab30dV69ywLaojrB1wZU+9y8Mt71sP6hIdcCbAGZra7pg7xwHvAVgjooVsNUB26MKzqPZLY53wNvMWF6Wq31G3zzcATsMYJ+FATZVOmAngFnVGmDf5w7YBWDKdUi8rpMDdgNYirQVcJkDagHsqaL2eN3tDvhrNEpqj/fNcsAeZphyNbvHnnLAOwCBSzg93umAdwHMKv1EOPWkA94DsLKgDnVgcwfsxVfqUJuGQlf+x39BEL6bc+iYdntmHHjju5ieo/rtuuL06T9+vjSmZfyVsV7c0niveTjkJXphr6nXxEvwvP/wR4tQ0t0hz2v5YYzHO81hPhTM0W+3cW5/rt/h/emc37/KdYh2PXGWN6QXR+rXc42e5fV6klVt5eXiMD3+P/Qb5RJvacsSr7hLibekLwe3V3BGO7jE23YT11iuP9KO3w9vGWOeYsxGxuzk2qvf3YJ/pd/Tcv6WSKfWZraXmjzbS+jGgzqNR+/POEy7VL9X5cDrKo4tf8lJ0nAOI/PAb2VsEe3SHxk3fba3q5RPwwvoLh6kWXmS1mA5DcVTXC/y1fYVHrFbGb+D8Xs4VfuYc7IDjK2b7W07RtfzDa//Hl8sY3jnjdPvD/kK21K/K4R/Os/U9hT4M3lSdtFv/vT7PsZ1p2T0oDpcwCOpN8/EPnwK/bl+U0eNGQB+uX4Xp9/A8aVnsH7bxhe46/WbNQr5Dbz35pd6uaP4XDeG8eOpyLfxAns7n4um8uybDjaj1Ns2W7/hYuw8viku0u+w9Jsr/b6KY5elnJcs54m0kpOvZwhk8Xl82DmfYI7mq0yI4F3N/lrMFSFx48jR88i6nxPAPOiZ0IsI6MtcbxHgLwk0wRzYmuPyszgZv5Crv346Q3B/rx/E8CI0r8Sb/yjXcq4aArmLIO7nOkJwv6LfC+PgBALRgrPGZD75d6GLP3+2V9qHY+UMHJ2Lo68iAARxEkE8diNXAcfaE/XDiNne9jsJcAkBnkeAFxHEx0mESuav4lpLQAnk1ZsYt0U/DiDY7yLrIC8EX+hDPvNOEugfOR6I1Ud3fV8niG14qLTjSiaQHajYnbhSOVUhgCPOJ+A9+ejcm6svwfw5z7JMzh0GlHreLyiwuXyDHMQpz9U4fyifNgng/GH6IkuN/R2Bu5mAjuVxTfDKJ+ubKGOm6UunPmoyl+AdL6O6zidBFupbI7IfRfYTXMsI9AoS42nvHj7sEbw6AjeUAO5n97Xk6kMQpxHENyhHCQQrjV2XwzWMgN3F5yqCt3Qlf28B+3wW35xK+LykL0m8NHbg6qpPQeyuDK4crqH6bEOw7uAqZkc+wP1JArcSOkLQNxPwPSV8+eD99e9cOHNcHIFKYgeyKwd0YAd1IwjdCdKFBPRigpSt03/wwezOYey0fPACrluZV8QpMbvy8pm8IZQSzIWMe5SEIKApq7meZc5L7EICeuNW3rh26riZOR8R0MME80vekL7nFe0nHfiS4Qk4vSkNZhItY2votrQRKezKjji4C+eA3XQ8SoB6s0v76HwTJ2fq1JKdcnkpZ5G0NtcQkMEEeSjj2Yl9h+s0kMTIJylGEujROrlj/iSuKSRJkU7ZdKBGctzN83MGu7oE+j6ucnbefHbmgwT1IZKOoE6r1EkTNjzNbvQ661SIQMborIeyWkPJjOU6nSuTHZlP+byN4D0IvRF6OzvwKwIQInhtdLRBYHrpwIKddyXXtWCjCcw0nSNAE8CpK3mtf5lrM9eOEt7kKbEnuH7C0Yk4Mkkv2NBdoLux29IosX1xahYOv0xvs3px1Tsqzh7JbhpPsCbrfVKvjuzYMnbsfIL3CHwCN2QtJfMFAl1FkF/h2s6YXZTiPXp9ms2bkl6K9P5DAnxNwvyEkzzKWxwltCmOScKxrQhgW8plCsFsTxDO5O+z2UHd2SUXqIlXv67WnLn9uPoT5AH0QZepY2a3DaR8XqOWV90tZXM4gb2BYN9MYEep6SQxJrHjp6hrJFBTCRwB7Ho39L2U65kEu1QtGvx5aryQvZjdvoSkehzeMhJqFQEsTuURfA7XVkpoPIEcThArrc9QS6HuQY2CegI9/vWk56FOCW1O8E5jZ/VtGwrxEL87VBwK3RPy7g15M0LezJA3K+SVhLzZIa805N0X8laEvPCbIe+tUPjtkLcj5D0UDsWHmkT/QWkzVvYs2zPB/5elUAPsH5cy/YwW/r8wbe91CnX2zvTOCSFJWOMrZvqoUaNiQ3Eh71yvo5cUOuMemB28bl5Pz4s//9GQFxpRmJ8FzwtXlj2bUZ52SXa4qu5AphGVZSVZ5WmJWeHytDk+MaLwfQig8rT4bCOKdl8AAVRfke4TlWW/hgAaUTjeJyrLLslGgxeuzTnbJ1LyTmSl5LXTmK98ojbnSd+MqD1eSdgLpeR15Y/VWUwQAZyb/Hgmd58w6YIaiPqKz2VKDyNianOyIbzsyrJRzG6SHZObPDsrr7AFRqy2e0xl2RYjPO+DrPQII0YUfpmVmxzOrs35EcbRrJj6ipjsEYXvICcmO6/wOUmPYTgWpOR9hNSAwHtZMSKKdu9EwFsgB7JiPC/C8k4w+VG7o6/EiPqKW7NGFGJiZdkg5h7Iqs35GYzdktGVEZu4tOLVWd6GOC9UVTcZdOjGmKLdmUZUlrVBy8f9mb8DN3yQgYbMSN29mSxgKA7alal7ZVnnLGNUlg1Gy/2ZKXnjpGF9Zm3OLGz4OrNo99ysmLzCM1C3GEY2ox7JiilPG5UVqXuCP0rwzjKtYyneWM7i/sTIlVnY8QpOX40Nb8BYo3XsYPg6rh1ZVXURpcEOkI0+UpvzHnM15bCi8hzzvkHdA3ZH2FgjqupyYX4mdQrpB0w5DeabWeH0SCkLet+3varuOMN/YlFeNsLOxrImhHgwuhOzY8rTpmFzCzJvod0J4JNG5CY/h8Bm2THpkc0YlAjjr1gYpxGfMkJp8ncEfyGXfc+I9/H098Rgg/JeBKHWYrj7RG3OQ5kEf7sRGL0N+QW4tBrntclE7J8ZW5yRHqlgNZFLWOcCRA7dGI0mXblXrCGZhOBhI6rqnua+OhOvbYTYlZlXuBWfNIm68VwWuQNpg6IOLpf73sLs+0A2wyhRPF/GkhmsaS33e5TDyxBWDLqYkXcpBGUMnwZjJt6bKsZo/ig0yZVlv5eMCxiaj+4OyLhGOZFILC5hRCJX+yjjA1KpByPXZuLXq6WF7PMX5c1mB6dHliKjWTYhXMrw41lhvMcyA6IBEqHRdZm5yReovgxCaEDwuih1g1j/ycz0yHXIqZV7fwfjT+T0JPxdIf3FMB5iO8yxO4taYETR7gcx+ZFMsucRFvM4Kh5H6NJMqtcKkEv6s9xlEJGX6ysexiFjqnDqAoi6qqLds+yOsNFGpORdjoy4DEZ0QcimjEhdIvebpL+Ota/DwjquBGWtvxri/CqVFq3g5I4IrZfcUcUKCBAf4s4LG1WCDX2WEnqzETK8PO3cbFZRSFr0yPbvvaOMn9mI9Eh/fwpPCkacsDvGt0X+AFK+G4tghMqNpvh3ZPhEDxthWjRFaiVDd++HGC3hC+bvVfK9jhfezoqpqttMLmt3V5E4+8RYzx/1xGg19y+zYiJ1j0F8g9Q5dqcI5xtRVZeFUUfE6ETyfULAdd8eZWzk6gvzz0rgq5jyFH/chcMqlTsq4A8rT99m2HzQvxHrPypPjqPq11zHGdrBZ1B/yJODMMoUp3fR6+HMGq0wA+krGH7JxtzkWXZnRF8j2PYE6q0MtNzH8Gnk+jCyKS6Lx1UTRrAL2OkQH4D0wTp2geddh/Ri1M20O9GpMMLz1rPk5zNJnK246jCCtmJYsjbwVtbQF+uqGDlQi3oO4kaYcl2Bnjk3gP5R6pKwuQTuOwh8RGXhfnSvReD9WPimzyjavZ/hrzGCR44WkZsck11Vdz7qErJh/AbfqULOsTvr/7MRtTlvoTJWj8lPEfgtC/LD7R0h9jJGTmGFY4xQidAGQOVhVE3CjlXk33f+Myg32Z5UJOZ9smEoDlmP/lUA78hKTfkWK3sgC5UpeSPNBs9bYnecstaI3OTXWG1TjdjL0HiyvB61p1SzfgT5nCvMKB6dtEmk64ugCaxlnrIkgVVOywpamgaiQg3FQaRV6IlyEAkvE5oPWDzJV1+xmz8+4Y9NmFcvPXronUDsEruTHncaQTYw4jOl2IX46kMEdmbq62Ik4rjnYSQy4lF1UInE7V4fqSzLRVgq9/ZiXIz+j3m85cFcp3y5V0Px12N2R/9aI/RYpZQpgbfhmqfwdS1TdonxEcacZGUHUJuSRV2Lo1kJyc9hHmvPksXfYGFeJuoOQ1Rn5BXuxLpIf+ZugLhko9Tp7i0j1tEyZPXIKlReYRdW0kDQZaVHuhuByEswI0QM8pHQJJs4zMQ+5ZP/5KUmRIyozXnbH6HdqinlaUdMBnq+MALkJISXXV8RTy4wNCWvNUtpQWBT7U5y9jHC87Kz0yMhSR+EoKN4fhBJHlGQB4FifV7hRY4QxM66iAR6H+UXYC+hqyzriugT+OQMu6Mv0YjaHHnugBgnEL3LIl60+wWljnIBqYoDd5+ozXlFmbENSe/xx8us4pCW85RNzCtcYHdG6DGs7nck24MF11dcQSIcQPRFxK5W+roi4zVGdAV4Vvq6+moUDO6et5YQpUeW4Eu2owqEiPRIT+zcnIH768im2xi6moz4wd+OQeMIY46/HbUUjUjJe1c7p470+hYDemIq21FC5WRp0R0/1RihbWIjRhSeRJ12cAz+QoayQ0J1Ny0ipFYjAjtOYsNtaPqAqVgqob7p/lr8VSnXCdQLRvhdVbUaInXo37GyT3FNT/npKMSNXEeZjD6fWIkKjahRbD/Ag++yzG0wiYaEyvnSojvrnmpEVd21/gheZ4IpHQGQof0qof4dLSKk1h+BHZoiwyTDLJVQmS4tunvLG4erqu5mI/hYgGd4tvglaRoBWUEF/afcNJS5AzCoUbjSI+vJqlWM+Leqp1YqIjf5bSyl6KdHDrKwMAH5GsFfyRch/vgYoTFsttf0jPkQga8pRd9lQe+ymK0MxSm5yf/JbbU5dxuhJ0ltDrvI8/rC+IDldmbUZt9LtTnPYF0iQst8Bm+GXJ25zpEMPTC/YGHDsXCDAjyd+c5tWPiUEbnJLyHnEZW5LSzqOZyyg6kfqwV8D7WxaPiQkWfpsRyTLYK5IVL1AO8IJ0AfUFU9jJBEoqSuua8e+pLaKPf+jfdNZTS1RAWwgaB4NVTClLwMDPTYDyOxJ16NmF6gWuDoFXaHsdkItUy09YrLUYaGKDXfYddROUpPs3ewKUyZ431TBAbozVh1KyBUGUiM95G2k4naJPvl1Jf4Q+XmYbvTL8w0YkThWC5MzCu8krkHyPiLYeyWzV0ZsYlLK16d5V0qN6z3Fy0C56hBtY7IJ6x11q5uRASDuXveKt5YlYk8cGrYHrcZkZuck8U3qhoUpmBfZg1vfDj07BpWHEFJYo1adVopjjS8VphTWE2MOpBOS6qDTqOa9WVD1FWXp41gFeEaPHAXwlrXSJ3uqHvZCL2GjyjcXw3jUBZ2VutOamzk2XiIuTsycewBIxDyMUPUuO9hCJlXnrY9i8ad1WzUCJXUNYSrWUZ6ZL7dkZpnhOd1Z8pZmeyRQ5kUeRJuZSZP3yyEDiXZLsMI9UJzfQaJjuAVjHhPjP0QJ9FwDrJsF9+I7S0I+wK7kxxrjEiPbEQLu7iqbjuMWNLnHQT/lIWlnxCX44RTIT2iHfCZI7BQEUtggwcEjehG9IhYhxc9Ui2uBinHsOLCGjmA51ENWfIydubVyK12D1WWLQZ6RhtpnRHKZAq5yt0exsRl1eZ8jG29rTplyT/+nZWLkAflZz3ZkLEHq1Wc9SZO/UiPrCPiJ2AstjtTbjeiPO1amIezMDEty1pRym5e4atiqCA/zZXoaxGhw6OUvI6M7Ks3kTT+SMBKFWbKRW3OHWa6tOjupSvVuyLCElv5Txpro3P3iQZIhJUIXiWQOlIOfg8p+DU3OeQ7WAQTdc71ni9LBN2WTgnkpGpVuTeBhhB4FejnMkicZZhbV5VXeI/dGTHYiKLd3dA6LYOF/cBG6cD1Fhn1tHLtcR7bsQhUSbpK3ZMILJClDQQJJ1dre7fDibno3afJY/H5QzxI5tkdrzxphM52yE+ZuAkD9sJ4CwOSVFW0nF6M8pfufRr6ly0ipV0uOtcIRF5MAuuEZQQSKHu1OTOIibo6veGQ6nKDCB0qpUdgqOuur1DD8TyOaqFjyeexgBdKJYveLPWGWVV3TPYtw9DjzFMpP65FzzSCN3lk0MLnJl/J3P144WL012qEHPUaf3Rl1Lr/ouB7R+2pPR9BPLX1AiaiPO0cVlSdYZs3N3k81wqGf6cion3uN1mRuuCpXVX3IsP1XA/2e33Fv7Pfdfhj+72ybDuMWJywB8Hsd20hrUy1y7a5qlkDgYUKvV56AoJ1KAs/89cmQolvpU+EyaM6WenDeu3m7cjbnKH3eRqA/qz8GcndGHWFXwqsTKoUiFAp4DVCk/fg5i9Z7seIP1dxP4zm4Sz5MIwyn0EOs5iP8f1mBWIPI/xSYA25oqGdLy26M+V2I1QK9BRnP6SB+qUgPbJJjETmPsWIRs2GIqZSoNdeKwV63qgU8JatpL/DTJcW3b1vSWmdLFgCi7AjKp6QGQ1EAyRCuaHjHrwqgsZH4VMXfX62ToSq6i5UF9YF4hICnMM9S03zWIjLKOildmdxS4yoLKtA7KVirMHsAUx5Dldmq6isYJU91ZIvg3MBIX2MtaQpfRYzN40SPtfuhGqiEemRG3HQeeo2BuGUrqTDIIJ5RvQ0LbCZu+fpEwCPZZ/LwshQVumXHIii3UX4J6zu8I8+oUeDQX4yQeQmt2Yfx+pQqI1PpEd6+RWxNucKn0iPdMRwU9HEJ8rTajHyXSXu2z6hDAPRFvTt8Y7EKtuyyJahkp7FIq7Xdtep/lyccA2rq1B0f4uLXsRvhewWni86ISlP2wVT3v0gi0BUImQ/UuXdI0qq9TC+ZvjLOPWfYtRgRRyBqGFacwWiBi2n4bsXkdVR/l8Lcha9nOrlOWIswKDzcHex3fH/LUboDCc9wgi9H9DiMOUMVHdSUWuC/tPNS+YX9Q4iUJdG+ehA3Bdwt7nbIXqj/3TWcLFG5CI1w9TpTrotNSIlbwNCGaElU6dJiI+Z0lWMIxh0BjKOmDpj1FfoKXUQ932txv0ThqoPqmWVvMXV5ryBU/7CCl9i5CtirILQa93jjHpaUxbxx5Nc82DM14gyptxDesxB2/VZLGoOzg1CJkIpNh75kSosuNYItgM6hmXgtB7MDOOFHoibkGkMnaRpRH3FX9WNacoPeEMyflCZUXlXhs71R/D4sim6mwwRPHwoawu5v5eBN+/HNQM4rFVmXNKfEXdDRKp8oZEqe6eur+iDryJ6de1DJkxnisLbXWWqM1FU49aMELXWQ/I4Zp+1kVppdwQ+YIRf1BlRntYGd6j278QOk1FIvZlOrAopmWgRQVXCwp1sxlYKTxvmdiOiN7IeO5V9wEIsLbqbWhGyw0bIME2RpSZDpkuo7tLihYp2dzKKhO3Eqo4g4DRqFB8+9KCtLDudiWoEzxTjIBPPNX268+BcZkR9xSwsshHX4WJlcF+Wiwy/uTjCqtrJkVpVO9Z9H4y+TKEF8ackIWcWqveqBVkGuogI64PFIr3YHTRCdtgI37Akhp+GYciQ6RKqu7R4D1K31CmpKaJyDET3NEXlMuas5ul1EYm3eyMb/zzMXFitZwXPnmpGJGFVpxr16IyqYW4pUb2oBucvJDyda/gUQLyOVWPEOtqs5czdRKo1qybvdmUqiWhdAQozaUkOgGBA1BLvDnWU6xlFGRNBrulB3BfzAqKSzzYQrVhfQBhUVXeOI5it6a0cwWuFBmt6QIAI8nWpk9XBn0kQoQcmpXoBdgZEAyTCK6ey8nVNClTI2qC7KTmhXoQcyk1uireTCbJePalbOrkpTzsLM/T4prLUV7zDgs9l+Kt2J+pLjdCHRUuUlLzrMPbfSRQ16xbk3OTrGZEEWgKTNNAjT3mRkrfF7kw5aER65BR2vKlioe94oSx2HKr7SGgKphcwKgXgQfWgZ7K4hSpGO5DcQHBOSCMB1EAszIoRkZI3kNk6FYxVIWhPRhbzatcU+RQSMoPlaJtvsTvPmoVGVPEQwgrZ2IplrWBnv42d/92+VyfDAQepFyv3vs8I+SqFuJ6tE9TLQdPZdnfjGkq7qq/2vfytO8+8T4xIyfuO+tFPU5qybfsQr7Y4oIeCqC2jh8/ZyElR7TifAOpMSE2Ep4e7nwDe99Q+nlX2RwMX77dl7cqEJOa0zmapTTFA/tXRBGnhd7N+WvDhSAvx00I7W3eMWGaE9r6lhV8MtNR/lRYaYWnhT0lCzn9XP6RWhOxg+ystTjK3Gu/qMOVQppnOiQyCk1DdVQWlLSG/DMZpLHKM9lRPI0DOw9x05p/NwsIyqCMLepqQtSEHhinC+s6wnipzkvn0yLnJf2MxyoH/qw8DqRUhO+or+smXCZjclyltWEJPMTqCdsUHWssZiul5oPKBH21vOXU0N7mFXF/F8IMyhlfPaiwdloHKh2htw/zxENb6D1asXItjq6l8PHr9KXo4S8YPmeRhdyNqc/pjFCNUGzVFd5MhQg9ndcXBnsog7QfgzwuYag/nMyH0cG5hd+9XqlY5KDpH+SmCYuZ5KYSwgQDSEX8DwfI8Bs91hEH+dGqs3u/00kSDUgP3ENY+83/0ZgTj/9GXRLXqDQSPMj2JGh0KYYTvARF6rPrvRKheZ8T/hPe7Jzm6Yc8SBpJBBIFSnjyN1Evk1HeNUH9Vm8OrG506Lj+fTaLiR61Lj7SjPrTkaseof2gh7XChTg6TYNpSm7DZVmHRcRLkIT3PdG5SikXP2J3G+KzGBMcOOsESwZK2GaFT9JQ86kFl2VFWv4XrBAw689zknzCxjnX+hHswQEReYSLKT2BzWyXCUdCO7IUPuHfRbn+DKeewEDmP5FdNbSDwhO8K7p62mD8Mt4iApdfEqY5QpWd8oU+o3+IR6RO1OR3UXEx100V4KykutFQ4wA6pOhGKR/T8TfMJOjQgklDH9kbo4Ibj+ixkFftEdLqqlH8wg6D/dC5nBIgPcefTIg8Kn0UdY9AcuXoOnNV6lQ1eQaNjvFmUAn1hgNSL6SPszXszWYZeuFfJ0S8R1Bp8upVQ7BLjr0w8QJT1G6GvlAv78Iqa132Maqps2cca9bx4D0Z7PZ53IKwLCVKNOd307FwLch6xedjujJhphD6v11d01c4fyJRU9vXFqE1ROLsR8FbI6IbquGwK31IqcZzmLsUleqp+RMqfpbnNMTkNxgCGXiSDCkmljGw5Xnf0VxmhqmEjytP+blMqy05hIU1IXqE+IidzxbEFmvqM+oqfmKY3yCNK2lMsW1/LjnCv0bvhXtCVMDZg8kzFcSCLoa6KkJUQOpVqIAKHc7cmVnkZhPQ/JagRDZAIq+CKuMqWhd5ySIcuDYRVPb1RiiBuFzFTuzOHuFEpq+p+jUdjWfPthIta6r/LqriutDs+/4sRekWxelxf8U+IkyyviUWX1iIJJ77I/CS8O8dnqMhrhFV9TdFjoKruIHeeC/qhBivYqOzSnXCVG5GSNxXjeLZ4FFU9bPTSjyz1PBdBzGWJ+m0jDlXONxANHhDhhVRerFCKkCg+e8M4VwFSTn2JmFsJ1AbZNhvL7+VhvMzumKLHin5+sIMplFL9qke1VQepQbE9DnIDf+iOFhGqz/plhhXsqjptB6XCDrxASdcHDNV4adEdP882oqru90z9TIwrsFR16yIAqqlMV3nWXVq8gxQTkt3Wyjr22VrZTuwAvirVVzxK5g+q0c9fkFVDVkUgTuo17jtsj6lRX8lnwRpW2DOLAlqtAwYStpoYD8X7z1fr6wFRqKYw3SaiiswJDsRIQKyAIAaYdSATznyf0GmLQRjH9oDQe0ekrqKaoM3F3O+ra3PuYWFn1OCY32ex2WpU0eorflGDcT0ZoXX4C/O+JKeV6ShslPI6DBdB5vjPKf1MNa+wjzZ6LPWgJwmbyEXNT4+0YtefTsK24iKlRWAEw5szksNw/QhIj4iUPP1mY7e2xTc4YhsmqgniU7AI3nq1wb9lkTUEUt/41mehrjlzVN7bIH1RFoFIQZ1+8Kf3ghyfwUE+glqjZbMexc3Qr77nR5a4O4NQ/Y3hnqefHXHzl8mdqq2tbcXBx5ZmEhsNXko6Hsfgg0rHMJrbEcEwelAoQuk8ovDHLP1ajylfMWUx1z6seFKr2MHqlZ8v2B2FfR0h6b7m9MiuLKKoYz6KPMYboaMxPSlw06cQ+7iOag9J87fI1NP4W5i4WoTnncZyD8GkaVD3o+etH7/gudtASLoVsagD4AYB5xiPcQGh2kUK/MwI4jkA6DjrHcpFEassu5nVxBKXe0g7zMhN9ltF/TBXdzy+0wi9Z1kRS4/IZydZRiK2UcSKdre2Iqa7FTERFB4bYUVMU1TE0iNHSBSKGKch2KFfza21Ow5baITn3YscipjOQ1XE1NkhSzIGQMzN1FqsdvEq6ggc4HuAO7mgNkEbn/WlgQ1n5qUwzs1C7q+wS23oHfhwg34pMJeV3wtjld0xRS9i6lz3MIUipipEmmdq31gRoyqA3MB83dEiQpldX/ElTHI/PXKYIO7l2kPmUcTUwqpmSYvu+HmuEXp6WBFT+6kipnVaEZPpKmK6S4tX8F8FW79qa0QE2dFAVHJewYb4sTERHAI1EMjzBXL3vHsolSMKv7I/KGa7M7jrFehBhKJGZxdG8JJBcIH0yOKunzU/i/Ud9Z3jGZ+IytHpaAeyaEGWmdlAaM2M7sA6A0KQ90CcejD5tpmOBb6Bq3PoT3AURUo/kuM1mIRaYXfiU25EfcUU7l01YjBEKlMu4W5vrt0g2rDn1fzQjYjwD6i0/B/k7MvYEF+i4TcAdcqTiTD2s9aZWPeRRszHZXtJjUeQ8Y7ak01Y+JZq4k44bzB3Pxefl3U6rj5cvU565FnVNW2VSpgtuS9QfuhFYDoj2mHlIJ+hyle0uzmMiF6X1ED15gH1OTbwJVefOti2G3k42B1GkRH+y/JV+hocYmh7MvkVHslPKZOn0Y2G0TKGMAxQHUhmuQP0gGyPqtOY1wejTmh3XQ2jOlM/L0eDGHJqKfMr7A5joxG1ObvR8rSq6yHmbsfCr7jHatv/xNyzkPMTgq/yGemRSVj5NWpnyjH1IPOYLz8uluve4I8nYP6Zq1IVdBZT1ulh0ZfNUk3oQ7h9j+Y+jqrP8bB+qJygSqUv2Sl4eB+rI+x8QmJuOkG9GqEcfLGLYWTg6ZV2Z8SbRuhNszaHEbU5+qlPOp7WURUy0iOtEahs0ykIz+NoHnre/wI=(/figma)-->\"></span><span style=\"white-space-collapse: preserve;\">What is the most iconic Legion class mount in Worlds of warcraft? Of course, it is Highlord's Golden Charger. This unique Paladin class mount was introduced in Legion at the same time with the other 11 class mounts making the total count of 12. It is the original paladin steed that has the golden color scheme and suits perfectly for the most common paladin sets. Buying the Highlord's Charger boost will help you to acquire this epic mount to ride in BFA and Shadowlands.\r\n<br></span></p>", "order": 1, "catalog": 2}}, {"model": "games.catalogtabs", "pk": 2, "fields": {"title": "Title 2", "content": "<p><span style=\"white-space-collapse: preserve;\">What is the most iconic Legion class mount in Worlds of warcraft? Of course, it is Highlord's Golden Charger. This unique Paladin class mount was introduced in Legion at the same time with the other 11 class mounts making the total count of 12. It is the original paladin steed that has the golden color scheme and suits perfectly for the most common paladin sets. Buying the Highlord's Charger boost will help you to acquire this epic mount to ride in BFA and Shadowlands.\r\n</span></p><div><span style=\"white-space-collapse: preserve;\"><br></span></div>", "order": 2, "catalog": 2}}, {"model": "games.catalogtabs", "pk": 3, "fields": {"title": "Title 3", "content": "<p><span style=\"white-space-collapse: preserve;\">What is the most iconic Legion class mount in Worlds of warcraft? Of course, it is Highlord's Golden Charger. This unique Paladin class mount was introduced in Legion at the same time with the other 11 class mounts making the total count of 12. It is the original paladin steed that has the golden color scheme and suits perfectly for the most common paladin sets. Buying the Highlord's Charger boost will help you to acquire this epic mount to ride in BFA and Shadowlands.\r\n</span></p><div><span style=\"white-space-collapse: preserve;\"><br></span></div>", "order": 3, "catalog": 2}}, {"model": "games.catalogtabs", "pk": 4, "fields": {"title": "Title 1", "content": "<p><span style=\"white-space-collapse: preserve;\">What is the most iconic Legion class mount in Worlds of warcraft? Of course, it is Highlord's Golden Charger. This unique Paladin class mount was introduced in Legion at the same time with the other 11 class mounts making the total count of 12. It is the original paladin steed that has the golden color scheme and suits perfectly for the most common paladin sets. Buying the Highlord's Charger boost will help you to acquire this epic mount to ride in BFA and Shadowlands.\r\n</span></p><div><span style=\"white-space-collapse: preserve;\"><br></span></div>", "order": 1, "catalog": 6}}, {"model": "games.catalogtabs", "pk": 5, "fields": {"title": "Title 2", "content": "<p><span style=\"white-space-collapse: preserve;\">What is the most iconic Legion class mount in Worlds of warcraft? Of course, it is Highlord's Golden Charger. This unique Paladin class mount was introduced in Legion at the same time with the other 11 class mounts making the total count of 12. It is the original paladin steed that has the golden color scheme and suits perfectly for the most common paladin sets. Buying the Highlord's Charger boost will help you to acquire this epic mount to ride in BFA and Shadowlands.</span><br></p>", "order": 2, "catalog": 6}}, {"model": "games.catalogtabs", "pk": 6, "fields": {"title": "Title 3", "content": "<p><span style=\"white-space-collapse: preserve;\">What is the most iconic Legion class mount in Worlds of warcraft? Of course, it is Highlord's Golden Charger. This unique Paladin class mount was introduced in Legion at the same time with the other 11 class mounts making the total count of 12. It is the original paladin steed that has the golden color scheme and suits perfectly for the most common paladin sets. Buying the Highlord's Charger boost will help you to acquire this epic mount to ride in BFA and Shadowlands.</span><br></p>", "order": 3, "catalog": 6}}, {"model": "games.worthlook", "pk": 1, "fields": {"title": "Hot offers"}}, {"model": "games.worthlook", "pk": 2, "fields": {"title": "Raids"}}, {"model": "games.worthlookitem", "pk": 1, "fields": {"image": "1710172356.186422.png", "image_alt": "image alt", "catalog_page": 2, "carousel": 1}}, {"model": "games.worthlookitem", "pk": 2, "fields": {"image": "1710172356.189642.png", "image_alt": "image alt", "catalog_page": 4, "carousel": 1}}, {"model": "games.worthlookitem", "pk": 3, "fields": {"image": "1710172356.190775.png", "image_alt": "image alt", "catalog_page": 5, "carousel": 1}}, {"model": "games.worthlookitem", "pk": 4, "fields": {"image": "1710869111.045524.jpeg", "image_alt": "123", "catalog_page": 7, "carousel": 2}}, {"model": "games.worthlookitem", "pk": 5, "fields": {"image": "1710869111.047128.jpeg", "image_alt": "123", "catalog_page": 7, "carousel": 2}}, {"model": "games.worthlookitem", "pk": 6, "fields": {"image": "1710869111.047921.jpeg", "image_alt": "123", "catalog_page": 1, "carousel": 2}}, {"model": "games.calendar", "pk": 1, "fields": {"title": "Calendar for page Raids"}}, {"model": "games.calendar", "pk": 2, "fields": {"title": "Calendar for Hot Offers"}}, {"model": "games.calendar", "pk": 3, "fields": {"title": "Calender for page Dungeons"}}, {"model": "games.calendarblock", "pk": 1, "fields": {"title": "Ny'alotha Heroic Raid Run", "subtitle": "Every 3 hours for two factions (horde alliance). Starting at 15:00", "calendar": 1}}, {"model": "games.calendarblock", "pk": 2, "fields": {"title": "Mythic +15 Run", "subtitle": "Once an hour for two factions (horde + alliance). Round the clock", "calendar": 1}}, {"model": "games.calendarblockitem", "pk": 1, "fields": {"date": "2024-03-11", "team1_img": "image_4.png", "team1_img_alt": "img_alt", "team1_from": "10:30:00", "team1_until": "11:30:00", "team2_img": "_1_1.png", "team2_img_alt": "img_alt", "team2_from": "10:30:00", "team2_until": "11:30:00", "block": 1}}, {"model": "games.calendarblockitem", "pk": 2, "fields": {"date": "2024-03-12", "team1_img": "image_4_UrKXJFY.png", "team1_img_alt": "img_alt", "team1_from": "12:40:00", "team1_until": "13:40:00", "team2_img": "_1_1_hGtg8Yi.png", "team2_img_alt": "img_alt", "team2_from": "12:40:00", "team2_until": "13:40:00", "block": 1}}, {"model": "games.calendarblockitem", "pk": 3, "fields": {"date": "2024-03-13", "team1_img": "image_4_XsC7DyL.png", "team1_img_alt": "img_alt", "team1_from": "14:40:00", "team1_until": "15:40:00", "team2_img": "_1_1_3uQnORQ.png", "team2_img_alt": "img_alt", "team2_from": "14:40:00", "team2_until": "15:40:00", "block": 1}}, {"model": "games.calendarblockitem", "pk": 4, "fields": {"date": "2024-03-11", "team1_img": "image_4.png", "team1_img_alt": "img_alt", "team1_from": "10:30:00", "team1_until": "11:30:00", "team2_img": "_1_1.png", "team2_img_alt": "img_alt", "team2_from": "10:30:00", "team2_until": "11:30:00", "block": 2}}, {"model": "games.calendarblockitem", "pk": 5, "fields": {"date": "2024-03-12", "team1_img": "image_4_UrKXJFY.png", "team1_img_alt": "img_alt", "team1_from": "12:40:00", "team1_until": "13:40:00", "team2_img": "_1_1_hGtg8Yi.png", "team2_img_alt": "img_alt", "team2_from": "12:40:00", "team2_until": "13:40:00", "block": 2}}, {"model": "games.calendarblockitem", "pk": 6, "fields": {"date": "2024-03-13", "team1_img": "image_4_XsC7DyL.png", "team1_img_alt": "img_alt", "team1_from": "14:40:00", "team1_until": "15:40:00", "team2_img": "_1_1_3uQnORQ.png", "team2_img_alt": "img_alt", "team2_from": "14:40:00", "team2_until": "15:40:00", "block": 2}}]